"CASE_ID","mc_killed","mc_injured","collision_severity","severe","accident_year","hours_since_midnight","season","rush_hour","late_night","day_of_week","intersection","state_hwy_ind","w_clear","w_cloudy","w_rainy","w_other","road_not_dry","road_condition_issue","lighting","type_of_collision","pcf_viol_category","mviw","alcohol_involved","truck_accident","pedestrian_accident","bicycle_accident"
5546177,"N","Y","Injury (Complaint of Pain)","N",2012,22.5,"Spring","N","N","W","N","Y","Y","N","N","N","N","N","Dark - Street Lights","Overturned","Pedestrian Right of Way","Non-Collision","N","N","N","N"
5546415,"N","Y","PDO (property damage only)","N",2012,17.0833333333333,"Winter","PM","N","M","N","N","Y","N","N","N","N","N","Daylight","Head-On","Unsafe Lane Change","Other Motor Vehicle","N","N","N","N"
5547556,"N","Y","Injury (Complaint of Pain)","N",2012,14.1666666666667,"Winter","N","N","F","N","N","Y","N","N","N","N","N","Daylight","Broadside","Improper Turning","Other Motor Vehicle","N","N","N","N"
5547658,"N","Y","Injury (Other Visible)","N",2012,19.5,"Spring","N","N","Su","N","Y","Y","N","N","N","N","N","Dark - Street Lights","Broadside","Pedestrian Violation","Other Motor Vehicle","N","N","N","N"
5548141,"N","Y","PDO (property damage only)","N",2012,23.9166666666667,"Winter","N","Y","Su","N","Y","Y","N","N","N","N","N","Dark - Street Lights","Hit Object","Automobile Right of Way","Fixed Object","N","N","N","N"
5548424,"N","Y","PDO (property damage only)","N",2012,15.6666666666667,"Spring","PM","N","F","N","N","Y","N","N","N","N","N","Daylight","Broadside","Lights","Other Motor Vehicle","N","N","N","N"
5548459,"N","N","Injury (Complaint of Pain)","N",2012,14.9166666666667,"Winter","N","N","F","N","N","Y","N","N","N","N","N","Daylight","Broadside","Pedestrian Violation","Other Motor Vehicle","N","N","N","N"
5548471,"N","Y","PDO (property damage only)","N",2012,0.25,"Spring","N","Y","F","N","N","Y","N","N","N","N","N","Dark - Street Lights","Sideswipe","Automobile Right of Way","Other Motor Vehicle","N","N","N","N"
5548479,"N","Y","PDO (property damage only)","N",2012,17.0833333333333,"Spring","PM","N","Tu","N","N","Y","N","N","N","N","N","Daylight","Rear End","Driving or Bicycling Under the Influence of Alcohol or Drug","Other Motor Vehicle","N","N","N","N"
5548855,"N","Y","PDO (property damage only)","N",2012,8.78333333333333,"Spring","AM","N","M","N","Y","Y","N","N","N","N","N","Daylight","Rear End","Wrong Side of Road","Other Motor Vehicle","N","N","N","N"
5549895,"N","Y","PDO (property damage only)","N",2012,0.833333333333333,"Winter","N","Y","W","Y","N","Y","N","N","N","N","N","Dark - Street Lights","Head-On","Pedestrian Violation","Other Motor Vehicle","N","N","N","N"
5551248,"N","Y","Injury (Other Visible)","N",2012,17.5,"Spring","N","N","Su","Y","N","Y","N","N","N","N","N","Daylight","Broadside","Lights","Other Object","N","N","N","N"
5555235,"N","Y","Injury (Complaint of Pain)","N",2012,9.9,"Spring","N","N","F","N","Y","N","Y","N","N","N","N","Daylight","Hit Object","Wrong Side of Road","Fixed Object","N","N","N","N"
5555303,"N","Y","PDO (property damage only)","N",2012,19,"Spring","PM","N","W","N","Y","Y","N","N","N","N","N","Daylight","Sideswipe","Automobile Right of Way","Other Motor Vehicle","N","N","N","N"
5556275,"N","Y","Injury (Complaint of Pain)","N",2012,12,"Winter","N","N","F","N","N","Y","N","N","N","N","N","Daylight","Rear End","Pedestrian Right of Way","Other Motor Vehicle","N","N","N","N"
5557468,"N","Y","PDO (property damage only)","N",2012,19.6666666666667,"Winter","N","N","F","Y","N","Y","N","N","N","N","N","Dark - Street Lights","Broadside","Pedestrian Violation","Other Motor Vehicle","N","N","N","N"
5557472,"N","Y","Injury (Complaint of Pain)","N",2012,15.75,"Winter","N","N","Su","N","N","Y","N","N","N","N","N","Daylight","Other","Code 20","Non-Collision","N","N","N","N"
5558321,"N","Y","PDO (property damage only)","N",2012,2.25,"Winter","N","Y","Th","Y","N","Y","N","N","N","N","N","Dark - Street Lights","Broadside","Lights","Other Motor Vehicle","N","N","N","N"
5558391,"N","Y","PDO (property damage only)","N",2012,16.25,"Spring","PM","N","Th","Y","N","Y","N","N","N","N","N","Daylight","Head-On","Pedestrian Violation","Other Motor Vehicle","N","N","N","N"
5558399,"N","Y","PDO (property damage only)","N",2012,7.5,"Winter","AM","N","W","N","N","Y","N","N","N","N","N","Daylight","Head-On","Pedestrian Violation","Other Motor Vehicle","N","N","N","N"
5558765,"N","Y","Injury (Complaint of Pain)","N",2012,13.25,"Winter","N","N","Sa","N","Y","Y","N","N","N","N","N","Daylight","Overturned","Pedestrian Right of Way","Non-Collision","N","N","N","N"
5558797,"N","Y","Injury (Complaint of Pain)","N",2012,23.5833333333333,"Winter","N","Y","F","N","Y","Y","N","N","N","N","N","Dark - Street Lights","Hit Object","Pedestrian Right of Way","Other Object","Y","N","N","N"
5559769,"N","Y","Injury (Complaint of Pain)","N",2012,10.9166666666667,"Spring","N","N","Sa","N","Y","N","Y","N","N","N","N","Daylight","Hit Object","Pedestrian Right of Way","Fixed Object","N","N","N","N"
5559947,"N","Y","Injury (Complaint of Pain)","N",2012,13.1666666666667,"Spring","N","N","Tu","N","Y","Y","N","N","N","N","N","Daylight","Overturned","Wrong Side of Road","Non-Collision","N","N","N","N"
5559955,"N","Y","Injury (Complaint of Pain)","N",2012,16.9166666666667,"Spring","N","N","Su","N","Y","Y","N","N","N","N","N","Daylight","Hit Object","Code 20","Other Object","N","N","N","N"
5561628,"N","N","PDO (property damage only)","N",2012,17.25,"Spring","PM","N","W","N","N","Y","N","N","N","N","N","Daylight","Sideswipe","Wrong Side of Road","Other Motor Vehicle","N","N","N","N"
5561656,"N","N","Injury (Other Visible)","N",2012,17.25,"Spring","N","N","Sa","N","N","Y","N","N","N","N","N","Daylight","Broadside","Driving or Bicycling Under the Influence of Alcohol or Drug","Other Motor Vehicle","N","N","N","N"
5561831,"N","Y","PDO (property damage only)","N",2012,12.0833333333333,"Winter","N","N","W","N","N","Y","N","N","N","N","N","Daylight","Broadside","Improper Passing","Other Motor Vehicle","N","N","N","N"
5562436,"N","Y","Injury (Complaint of Pain)","N",2012,13,"Spring","N","N","Su","N","N","Y","N","N","N","N","N","Daylight","Broadside","Pedestrian Violation","Other Motor Vehicle","N","N","N","N"
5562460,"N","Y","Injury (Other Visible)","N",2012,20.25,"Spring","N","N","Su","Y","N","Y","N","N","N","N","N","Dark - Street Lights","Sideswipe","Pedestrian Violation","Other Motor Vehicle","N","N","N","N"
5563150,"N","Y","PDO (property damage only)","N",2012,16.5,"Summer","PM","N","F","N","N","Y","N","N","N","N","N","Daylight","Broadside","Wrong Side of Road","Other Motor Vehicle","N","N","N","N"
5564485,"N","Y","Injury (Other Visible)","N",2012,23.5,"Winter","N","Y","F","Y","N","Y","N","N","N","N","N","Dark - Street Lights","Broadside","Pedestrian Violation","Other Motor Vehicle","N","N","N","N"
5564491,"N","Y","Injury (Other Visible)","N",2012,12.25,"Winter","N","N","Sa","N","N","Y","N","N","N","N","N","Daylight","Broadside","Wrong Side of Road","Other Motor Vehicle","N","N","N","N"
5564557,"N","Y","PDO (property damage only)","N",2012,23.25,"Winter","N","Y","F","N","N","Y","N","N","N","N","N","Dark - Street Lights","Rear End","Pedestrian Right of Way","Other Motor Vehicle","N","N","N","N"
5564558,"N","Y","Injury (Complaint of Pain)","N",2012,11,"Spring","N","N","Tu","N","N","Y","N","N","N","N","N","Daylight","Hit Object","Wrong Side of Road","Fixed Object","N","N","N","N"
5564582,"N","N","Injury (Complaint of Pain)","N",2012,9.5,"Winter","N","N","M","N","Y","Y","N","N","N","N","N","Daylight","Sideswipe","Wrong Side of Road","Other Motor Vehicle","N","N","N","N"
5575809,"N","Y","Injury (Complaint of Pain)","N",2012,13.3333333333333,"Winter","N","N","Sa","N","N","Y","N","N","N","N","N","Daylight","Sideswipe","Automobile Right of Way","Other Motor Vehicle","N","N","N","N"
5575845,"N","Y","Injury (Complaint of Pain)","N",2012,13,"Spring","N","N","Sa","Y","N","Y","N","N","N","N","N","Daylight","Broadside","Pedestrian Violation","Other Motor Vehicle","N","N","N","N"
5576064,"N","Y","Injury (Complaint of Pain)","N",2012,21.6666666666667,"Winter","N","N","Sa","N","N","N","Y","N","N","N","N","Dark - Street Lights","Head-On","Pedestrian Violation","Other Motor Vehicle","N","N","N","N"
5576076,"N","Y","Injury (Complaint of Pain)","N",2012,16.6666666666667,"Winter","PM","N","F","N","N","Y","N","N","N","N","N","Daylight","Sideswipe","Pedestrian Violation","Other Motor Vehicle","N","N","N","N"
5576175,"N","Y","Injury (Other Visible)","N",2012,17.2333333333333,"Spring","PM","N","Tu","N","Y","Y","N","N","N","N","N","Daylight","Rear End","Wrong Side of Road","Other Motor Vehicle","N","N","N","N"
5576228,"N","Y","PDO (property damage only)","N",2012,15.4166666666667,"Winter","N","N","Sa","N","N","Y","N","N","N","N","N","Daylight","Broadside","Automobile Right of Way","Other Motor Vehicle","N","N","N","N"
5576246,"N","Y","Injury (Complaint of Pain)","N",2012,8.33333333333333,"Winter","AM","N","W","N","N","Y","N","N","N","N","N","Daylight","Sideswipe","Automobile Right of Way","Other Motor Vehicle","N","N","N","N"
5576258,"N","Y","Injury (Complaint of Pain)","N",2012,21.75,"Spring","N","N","Sa","Y","N","N","N","Y","N","Y","N","Dark - Street Lights","Broadside","Pedestrian Violation","Other Motor Vehicle","N","N","N","N"
5576261,"N","Y","Injury (Complaint of Pain)","N",2012,11.1666666666667,"Spring","N","N","F","N","N","Y","N","N","N","N","Y","Daylight","Other","Wrong Side of Road","Fixed Object","N","N","N","N"
5576270,"N","Y","Injury (Complaint of Pain)","N",2012,16.5,"Spring","PM","N","Th","N","N","N","Y","N","N","N","N","Daylight","Sideswipe","Code 19","Other Motor Vehicle","N","N","N","N"
5576282,"N","Y","Injury (Other Visible)","N",2012,1.91666666666667,"Spring","N","Y","F","N","N","Y","N","N","N","N","N","Dark - Street Lights","Vehicle/Pedestrian","Hazardous Parking","Pedestrian","N","N","Y","N"
5576284,"N","Y","Injury (Complaint of Pain)","N",2012,20.4166666666667,"Winter","N","N","Tu","N","N","Y","N","N","N","N","N","Dark - Street Lights","Sideswipe","Automobile Right of Way","Other Motor Vehicle","N","N","N","N"
5576317,"N","Y","Injury (Complaint of Pain)","N",2012,2.41666666666667,"Spring","N","Y","Su","N","N","Y","N","N","N","N","N","Dark - Street Lights","Sideswipe","Automobile Right of Way","Other Motor Vehicle","N","N","N","N"
5576394,"N","Y","Injury (Complaint of Pain)","N",2012,14.5666666666667,"Spring","N","N","F","N","Y","Y","N","N","N","N","N","Daylight","Overturned","Pedestrian Right of Way","Non-Collision","N","N","N","N"
5576666,"N","Y","Injury (Complaint of Pain)","N",2012,11.75,"Spring","N","N","Sa","Y","N","Y","N","N","N","N","N","Daylight","Head-On","Pedestrian Violation","Motor Vehicle on Other Roadway","N","N","N","N"
5576705,"N","Y","PDO (property damage only)","N",2012,15,"Spring","PM","N","F","N","N","Y","N","N","N","N","N","Daylight","Rear End","Wrong Side of Road","Other Motor Vehicle","N","N","N","N"
5576728,"N","Y","Injury (Complaint of Pain)","N",2012,7.75,"Winter","AM","N","F","Y","N","N","Y","N","N","N","N","Daylight","Broadside","Pedestrian Violation","Other Motor Vehicle","N","N","N","N"
5576778,"N","Y","Injury (Complaint of Pain)","N",2012,17.2333333333333,"Spring","N","N","Sa","N","Y","Y","N","N","N","N","N","Daylight","Rear End","Pedestrian Right of Way","Other Motor Vehicle","N","N","N","N"
5576787,"N","Y","Injury (Other Visible)","N",2012,22.0833333333333,"Winter","N","N","M","N","N","Y","N","N","N","N","N","Dark - Street Lights","Rear End","Wrong Side of Road","Other Motor Vehicle","N","N","N","N"
5577004,"N","Y","Injury (Complaint of Pain)","N",2012,15.1666666666667,"Winter","PM","N","F","N","Y","Y","N","N","N","N","N","Daylight","Rear End","Wrong Side of Road","Other Motor Vehicle","N","N","N","N"
5577386,"N","Y","PDO (property damage only)","N",2012,17.6666666666667,"Spring","PM","N","Th","Y","N","Y","N","N","N","N","N","Daylight","Broadside","Pedestrian Violation","Other Motor Vehicle","N","N","N","N"
5577418,"N","Y","Injury (Other Visible)","N",2012,10.9166666666667,"Spring","N","N","F","Y","N","Y","N","N","N","N","N","Daylight","Head-On","Pedestrian Violation","Other Motor Vehicle","N","N","N","N"
5577426,"N","Y","Injury (Complaint of Pain)","N",2012,11.75,"Spring","N","N","Sa","Y","N","N","N","Y","N","Y","N","Daylight","Sideswipe","Improper Turning","Other Motor Vehicle","N","N","N","N"
5577442,"N","Y","Injury (Complaint of Pain)","N",2012,14.75,"Spring","N","N","Tu","N","N","Y","N","N","N","N","N","Daylight","Broadside","Pedestrian Violation","Other Motor Vehicle","N","N","N","N"
5578749,"N","Y","Injury (Other Visible)","N",2012,14.6666666666667,"Winter","N","N","Su","N","Y","N","Y","N","N","N","N","Daylight","Hit Object","Pedestrian Right of Way","Fixed Object","N","N","N","N"
5579951,"N","Y","Injury (Other Visible)","N",2012,13.15,"Spring","N","N","W","Y","N","Y","N","N","N","N","N","Daylight","Broadside","Pedestrian Violation","Other Motor Vehicle","N","N","N","N"
5580078,"N","Y","Injury (Complaint of Pain)","N",2012,22.0833333333333,"Winter","N","N","Sa","Y","N","Y","N","N","N","N","N","Dark - Street Lights","Broadside","Pedestrian Violation","Other Motor Vehicle","N","N","N","N"
5580089,"N","Y","PDO (property damage only)","N",2012,14.5,"Winter","N","N","Su","Y","N","Y","N","N","N","N","N","Daylight","Broadside","Pedestrian Right of Way","Other Motor Vehicle","N","N","N","N"
5580141,"N","Y","Injury (Complaint of Pain)","N",2012,20.1666666666667,"Winter","N","N","Sa","Y","N","Y","N","N","N","N","N","Dark - Street Lights","Broadside","Pedestrian Violation","Other Motor Vehicle","N","N","N","N"
5581460,"N","Y","Injury (Complaint of Pain)","N",2012,11.8333333333333,"Spring","N","N","Sa","N","N","N","N","Y","N","Y","N","Daylight","Broadside","Pedestrian Violation","Other Motor Vehicle","N","N","N","N"
5581610,"N","Y","PDO (property damage only)","N",2012,14.2666666666667,"Spring","N","N","W","N","Y","Y","N","N","N","N","N","Daylight","Sideswipe","Automobile Right of Way","Other Motor Vehicle","N","N","N","N"
5581618,"N","Y","PDO (property damage only)","N",2012,8.58333333333333,"Spring","AM","N","W","N","Y","Y","N","N","N","N","Y","Daylight","Sideswipe","Pedestrian Right of Way","Other Motor Vehicle","N","N","N","N"
5581674,"N","Y","Injury (Other Visible)","N",2012,17.25,"Spring","N","N","Sa","N","N","Y","N","N","N","N","N","Daylight","Hit Object","Wrong Side of Road","Fixed Object","N","N","N","N"
5582815,"N","Y","PDO (property damage only)","N",2012,15,"Spring","PM","N","F","N","Y","Y","N","N","N","N","N","Daylight","Sideswipe","Automobile Right of Way","Other Motor Vehicle","N","N","N","N"
5582833,"N","Y","Injury (Complaint of Pain)","N",2012,17.6,"Winter","PM","N","Th","N","Y","Y","N","N","N","N","N","Daylight","Sideswipe","Automobile Right of Way","Other Motor Vehicle","N","N","N","N"
5582849,"N","Y","Injury (Complaint of Pain)","N",2012,16.75,"Winter","PM","N","W","N","Y","Y","N","N","N","N","N","Daylight","Rear End","Wrong Side of Road","Other Motor Vehicle","N","N","N","N"
5582919,"N","Y","Injury (Complaint of Pain)","N",2012,15.5,"Spring","PM","N","M","N","Y","Y","N","N","N","N","N","Daylight","Broadside","Lights","Other Motor Vehicle","N","N","N","N"
5583287,"N","Y","Injury (Complaint of Pain)","N",2012,18.6666666666667,"Spring","PM","N","W","N","N","Y","N","N","N","N","N","Dusk or Dawn","Sideswipe","Pedestrian Violation","Other Motor Vehicle","N","N","N","N"
5583291,"N","Y","PDO (property damage only)","N",2012,15.3333333333333,"Winter","N","N","Sa","Y","N","Y","N","N","N","N","N","Daylight","Other","Pedestrian Violation","Other Motor Vehicle","N","N","N","N"
5583296,"N","Y","Injury (Complaint of Pain)","N",2012,13,"Spring","N","N","Sa","Y","N","Y","N","N","N","N","N","Daylight","Broadside","Pedestrian Violation","Other Motor Vehicle","N","N","N","N"
5583303,"N","Y","Injury (Complaint of Pain)","N",2012,23.5,"Winter","N","Y","Th","N","N","Y","N","N","N","N","N","Dusk or Dawn","Other","Code 20","Other Object","N","N","N","N"
5583359,"N","Y","Injury (Complaint of Pain)","N",2012,14.1666666666667,"Spring","N","N","Th","Y","N","Y","N","N","N","N","N","Daylight","Broadside","Pedestrian Violation","Other Motor Vehicle","N","N","N","N"
5583451,"N","Y","Injury (Complaint of Pain)","N",2012,13,"Spring","N","N","Tu","N","N","Y","N","N","N","N","N","Daylight","Rear End","Wrong Side of Road","Other Motor Vehicle","N","N","N","N"
5583504,"N","Y","Injury (Complaint of Pain)","N",2012,7.83333333333333,"Spring","AM","N","F","Y","N","Y","N","N","N","N","N","Daylight","Broadside","Pedestrian Right of Way","Other Motor Vehicle","N","N","N","N"
5585686,"N","Y","PDO (property damage only)","N",2012,19.1666666666667,"Spring","N","N","M","N","Y","Y","N","N","N","N","N","Daylight","Hit Object","Wrong Side of Road","Fixed Object","N","N","N","N"
5585700,"N","Y","Injury (Complaint of Pain)","N",2012,12.4166666666667,"Spring","N","N","Su","N","Y","Y","N","N","N","N","N","Daylight","Overturned","Pedestrian Right of Way","Fixed Object","N","N","N","N"
5585777,"N","Y","Injury (Complaint of Pain)","N",2012,21.6666666666667,"Winter","N","N","W","N","Y","Y","N","N","N","N","N","Dark - Street Lights","Broadside","Pedestrian Right of Way","Other Motor Vehicle","N","N","N","N"
5585780,"N","Y","Injury (Complaint of Pain)","N",2012,14.8333333333333,"Spring","N","N","Th","N","Y","Y","N","N","N","N","N","Daylight","Overturned","Wrong Side of Road","Fixed Object","N","N","N","N"
5585814,"N","Y","Injury (Complaint of Pain)","N",2012,12.9166666666667,"Spring","N","N","F","N","Y","Y","N","N","N","N","N","Daylight","Rear End","Pedestrian Right of Way","Other Motor Vehicle","N","N","N","N"
5586104,"N","Y","Injury (Other Visible)","N",2012,17.8333333333333,"Spring","PM","N","M","Y","N","Y","N","N","N","N","N","Daylight","Sideswipe","Pedestrian Violation","Other Motor Vehicle","N","N","N","N"
5587354,"N","Y","PDO (property damage only)","N",2012,8.75,"Winter","AM","N","W","N","N","Y","N","N","N","N","N","Daylight","Overturned","Wrong Side of Road","Non-Collision","N","N","N","N"
5587486,"N","Y","Injury (Other Visible)","N",2012,17.8333333333333,"Spring","PM","N","Th","N","N","Y","N","N","N","N","N","Daylight","Sideswipe","Pedestrian Right of Way","Other Motor Vehicle","N","N","N","N"
5587887,"N","Y","Injury (Complaint of Pain)","N",2012,10.0833333333333,"Spring","N","N","Sa","N","N","N","Y","N","N","N","N","Daylight","Sideswipe","Wrong Side of Road","Fixed Object","N","N","N","N"
5587981,"N","N","PDO (property damage only)","N",2012,12.4166666666667,"Spring","N","N","Sa","N","Y","Y","N","N","N","N","N","Daylight","Sideswipe","Automobile Right of Way","Other Motor Vehicle","N","N","N","N"
5588418,"N","Y","Injury (Other Visible)","N",2012,18.75,"Spring","N","N","Su","N","N","Y","N","N","N","N","N","Daylight","Hit Object","Wrong Side of Road","Fixed Object","N","N","N","N"
5588491,"N","Y","Injury (Other Visible)","N",2012,8.91666666666667,"Spring","AM","N","Th","Y","N","Y","N","N","N","N","N","Daylight","Broadside","Pedestrian Violation","Other Motor Vehicle","N","N","N","N"
5588552,"N","Y","Injury (Other Visible)","N",2012,3.16666666666667,"Spring","N","Y","M","N","N","Y","N","N","N","N","N","Dark - Street Lights","Hit Object","Other Improper Driving","Fixed Object","N","N","N","N"
5588578,"N","Y","Injury (Other Visible)","N",2012,14.3333333333333,"Spring","N","N","Th","N","N","Y","N","N","N","N","N","Daylight","Hit Object","Wrong Side of Road","Other Object","N","N","N","N"
5588598,"N","Y","Injury (Complaint of Pain)","N",2012,9,"Spring","AM","N","Th","Y","N","N","Y","N","N","N","N","Daylight","Sideswipe","Automobile Right of Way","Other Motor Vehicle","N","N","N","N"
5588621,"N","N","PDO (property damage only)","N",2012,21,"Spring","N","N","Su","Y","N","Y","N","N","N","N","N","Dark - Street Lights","Head-On","Wrong Side of Road","Other Motor Vehicle","N","N","N","N"
5588625,"N","Y","Injury (Complaint of Pain)","N",2012,14.1666666666667,"Winter","N","N","M","N","N","Y","N","N","N","N","N","Daylight","Broadside","Unsafe Starting or Backing","Other Motor Vehicle","N","N","N","N"
5588704,"N","Y","PDO (property damage only)","N",2012,8.16666666666667,"Spring","AM","N","Tu","N","N","Y","N","N","N","N","N","Daylight","Broadside","Pedestrian Violation","Other Motor Vehicle","N","N","N","N"
5588742,"N","Y","Injury (Complaint of Pain)","N",2012,13.5,"Spring","N","N","Su","N","N","Y","N","N","N","N","N","Daylight","Broadside","Pedestrian Right of Way","Other Motor Vehicle","N","N","N","N"
5589652,"N","Y","PDO (property damage only)","N",2012,14.8333333333333,"Winter","N","N","Tu","N","N","Y","N","N","N","N","N","Daylight","Other","Unsafe Starting or Backing","Motor Vehicle on Other Roadway","N","N","N","N"
5589655,"N","N","PDO (property damage only)","N",2012,18.8333333333333,"Winter","PM","N","Tu","N","N","Y","N","N","N","N","N","Dark - Street Lights","Rear End","Improper Passing","Bicycle","N","N","N","Y"
5589676,"N","Y","Injury (Complaint of Pain)","N",2012,18.75,"Spring","PM","N","F","N","N","Y","N","N","N","N","N","Daylight","Other","Wrong Side of Road","Fixed Object","N","N","N","N"
5590603,"N","Y","Injury (Complaint of Pain)","N",2012,18.7166666666667,"Spring","PM","N","Tu","N","Y","Y","N","N","N","N","N","Daylight","Sideswipe","Automobile Right of Way","Other Motor Vehicle","N","N","N","N"
5590613,"N","Y","PDO (property damage only)","N",2012,18.6666666666667,"Spring","PM","N","W","N","N","Y","N","N","N","N","N","Daylight","Hit Object","Automobile Right of Way","Fixed Object","N","N","N","N"
5590625,"N","Y","Injury (Complaint of Pain)","N",2012,16.3333333333333,"Spring","N","N","Sa","Y","N","N","Y","N","N","N","N","Daylight","Head-On","Pedestrian Violation","Other Motor Vehicle","N","N","N","N"
5591918,"N","Y","PDO (property damage only)","N",2012,16.25,"Spring","PM","N","F","N","N","Y","N","N","N","N","N","Daylight","Broadside","Pedestrian Violation","Other Motor Vehicle","N","N","N","N"
5591950,"N","Y","PDO (property damage only)","N",2012,15.6666666666667,"Spring","PM","N","Tu","Y","N","Y","N","N","N","N","N","Daylight","Other","Pedestrian Violation","Non-Collision","N","N","N","N"
5591956,"N","Y","Injury (Complaint of Pain)","N",2012,19.6666666666667,"Spring","N","N","Sa","Y","N","Y","N","N","N","N","N","Dark - Street Lights","Broadside","Pedestrian Violation","Other Motor Vehicle","N","N","N","N"
5592027,"N","Y","PDO (property damage only)","N",2012,20,"Spring","N","N","Tu","Y","N","Y","N","N","N","N","N","Dark - Street Lights","Vehicle/Pedestrian","Traffic Signals and Signs","Pedestrian","N","N","N","Y"
5592727,"N","Y","PDO (property damage only)","N",2012,10.25,"Spring","N","N","Tu","N","Y","Y","N","N","N","N","N","Daylight","Rear End","Wrong Side of Road","Other Motor Vehicle","N","N","N","N"
5593698,"N","Y","Injury (Complaint of Pain)","N",2012,13.5833333333333,"Winter","N","N","Su","N","Y","Y","N","N","N","N","N","Daylight","Rear End","Wrong Side of Road","Other Motor Vehicle","N","N","N","N"
5593699,"N","Y","Injury (Complaint of Pain)","N",2012,12.5833333333333,"Spring","N","N","Sa","N","Y","Y","N","N","N","N","N","Daylight","Overturned","Pedestrian Right of Way","Fixed Object","N","N","N","N"
5597184,"N","Y","Injury (Complaint of Pain)","N",2012,19.5,"Spring","N","N","M","N","Y","N","Y","N","N","N","N","Dark - No Street Lights","Overturned","Code 20","Non-Collision","N","N","N","N"
5597188,"N","Y","Injury (Complaint of Pain)","N",2012,17.0833333333333,"Spring","PM","N","Th","N","Y","Y","N","N","N","N","Y","Daylight","Sideswipe","Automobile Right of Way","Other Motor Vehicle","N","N","N","N"
5597323,"N","Y","Injury (Other Visible)","N",2012,17.5,"Spring","PM","N","F","N","Y","Y","N","N","N","N","N","Daylight","Broadside","Automobile Right of Way","Other Motor Vehicle","N","N","N","N"
5597616,"N","Y","Injury (Complaint of Pain)","N",2012,3.11666666666667,"Spring","N","Y","Th","N","Y","Y","N","N","N","N","N","Dark - No Street Lights","Hit Object","Code 20","Animal","N","N","N","N"
5597631,"N","Y","PDO (property damage only)","N",2012,18.75,"Spring","PM","N","Tu","N","N","Y","N","N","N","N","Y","Dark - Street Lights","Other","Unsafe Lane Change","Other Object","N","N","N","N"
5597654,"N","Y","Injury (Complaint of Pain)","N",2012,19.8333333333333,"Winter","N","N","W","N","N","Y","N","N","N","N","N","Dark - Street Lights","Broadside","Automobile Right of Way","Other Motor Vehicle","N","N","N","N"
5597665,"N","N","Injury (Complaint of Pain)","N",2012,12,"Spring","N","N","F","Y","N","Y","N","N","N","N","N","Daylight","Hit Object","Pedestrian Right of Way","Fixed Object","N","N","N","N"
5597669,"N","Y","PDO (property damage only)","N",2012,5.66666666666667,"Spring","N","N","F","Y","N","N","Y","N","N","N","N","Daylight","Broadside","Pedestrian Right of Way","Other Motor Vehicle","N","N","N","N"
5597674,"N","N","PDO (property damage only)","N",2012,16.5,"Winter","PM","N","W","Y","N","Y","N","N","N","N","N","Daylight","Broadside","Pedestrian Violation","Other Motor Vehicle","N","N","N","N"
5598184,"N","Y","Injury (Complaint of Pain)","N",2012,18.5,"Spring","PM","N","Th","N","N","Y","N","N","N","N","N","Daylight","Sideswipe","Pedestrian Right of Way","Other Motor Vehicle","N","N","N","N"
5599208,"N","Y","PDO (property damage only)","N",2012,23,"Spring","N","Y","Tu","N","N","N","N","Y","N","Y","N","Dark - Street Lights","Hit Object","Unsafe Speed","Fixed Object","Y","N","N","N"
5599218,"N","Y","Injury (Complaint of Pain)","N",2012,14.4166666666667,"Spring","N","N","Th","N","N","Y","N","N","N","N","N","Daylight","Hit Object","Wrong Side of Road","Fixed Object","N","N","N","N"
5599282,"N","Y","Injury (Other Visible)","N",2012,11.8333333333333,"Spring","N","N","Su","Y","N","Y","N","N","N","N","N","Daylight","Broadside","Pedestrian Violation","Other Motor Vehicle","N","N","N","N"
5599299,"N","Y","Injury (Complaint of Pain)","N",2012,22.4166666666667,"Spring","N","N","F","N","N","Y","N","N","N","N","N","Dark - Street Lights","Broadside","Pedestrian Violation","Other Motor Vehicle","N","N","N","N"
5599302,"N","Y","Injury (Complaint of Pain)","N",2012,8.71666666666667,"Spring","AM","N","Tu","N","N","Y","N","N","N","N","N","Daylight","Sideswipe","Automobile Right of Way","Motor Vehicle on Other Roadway","N","N","N","N"
5599304,"N","Y","Injury (Complaint of Pain)","N",2012,12.5833333333333,"Spring","N","N","Tu","N","N","Y","N","N","N","N","N","Daylight","Broadside","Pedestrian Violation","Other Motor Vehicle","N","N","N","N"
5599496,"N","Y","Injury (Complaint of Pain)","N",2012,19.05,"Spring","N","N","M","N","Y","Y","N","N","N","N","N","Daylight","Overturned","Code 20","Non-Collision","N","N","N","N"
5600089,"N","Y","Injury (Other Visible)","N",2012,20.8666666666667,"Spring","N","N","Sa","N","Y","Y","N","N","N","N","Y","Dark - No Street Lights","Rear End","Wrong Side of Road","Other Motor Vehicle","N","N","N","N"
5600246,"N","Y","Injury (Complaint of Pain)","N",2012,11.5,"Spring","N","N","Su","Y","N","Y","N","N","N","N","N","Daylight","Broadside","Pedestrian Violation","Other Motor Vehicle","N","N","N","N"