"CASE_ID","mc_killed","mc_injured","collision_severity","severe","accident_year","hours_since_midnight","season","rush_hour","late_night","day_of_week","intersection","state_hwy_ind","w_clear","w_cloudy","w_rainy","w_other","road_not_dry","road_condition_issue","lighting","type_of_collision","pcf_viol_category","mviw","alcohol_involved","truck_accident","pedestrian_accident","bicycle_accident"
5634133,"N","Y","Injury (Complaint of Pain)","N",2012,7.75,"Spring","AM","N","M","Y","N","Y","N","N","N","N","N","Daylight","Broadside","Lights","Other Motor Vehicle","N","N","N","N"
5634191,"N","Y","PDO (property damage only)","N",2012,19.25,"Spring","N","N","Tu","N","N","Y","N","N","N","N","N","Daylight","Broadside","Pedestrian Right of Way","Other Motor Vehicle","N","N","N","N"
5634193,"N","Y","Injury (Other Visible)","N",2012,19.9166666666667,"Spring","N","N","Th","N","N","Y","N","N","N","N","N","Dusk or Dawn","Broadside","Pedestrian Violation","Other Motor Vehicle","N","N","N","N"
5634312,"N","Y","PDO (property damage only)","N",2012,17.8333333333333,"Spring","PM","N","M","N","N","Y","N","N","N","N","N","Daylight","Broadside","Pedestrian Violation","Other Motor Vehicle","N","N","N","N"
5634484,"N","Y","Injury (Complaint of Pain)","N",2012,6.63333333333333,"Spring","N","N","W","N","Y","Y","N","N","N","N","N","Daylight","Sideswipe","Automobile Right of Way","Other Motor Vehicle","Y","N","N","N"
5634991,"N","Y","Injury (Complaint of Pain)","N",2012,13.5833333333333,"Spring","N","N","Su","N","N","Y","N","N","N","N","N","Daylight","Broadside","Unsafe Starting or Backing","Other Motor Vehicle","N","N","N","N"
5635026,"N","N","Injury (Complaint of Pain)","N",2012,1.08333333333333,"Spring","N","Y","Su","N","N","Y","N","N","N","N","N","Dark - Street Lights","Broadside","Pedestrian Violation","Other Motor Vehicle","N","N","N","N"
5636586,"N","Y","PDO (property damage only)","N",2012,12,"Winter","N","N","Tu","N","N","Y","N","N","N","N","N","Daylight","Sideswipe","Automobile Right of Way","Other Motor Vehicle","N","N","N","N"
5638008,"Y","N","Injury (Severe)","Y",2012,18.25,"Summer","PM","N","Tu","N","N","Y","N","N","N","N","N","Daylight","Hit Object","Wrong Side of Road","Fixed Object","N","N","N","N"
5638040,"Y","N","Injury (Severe)","Y",2012,23.1666666666667,"Spring","N","Y","W","N","Y","Y","N","N","N","N","N","Dark - Street Lights","Hit Object","Pedestrian Right of Way","Fixed Object","N","N","N","N"
5638312,"Y","N","Injury (Severe)","Y",2012,4.5,"Summer","N","Y","W","N","Y","N","Y","N","N","N","N","Dark - Street Lights","Hit Object","Driving or Bicycling Under the Influence of Alcohol or Drug","Fixed Object","N","N","N","N"
5638350,"Y","N","Injury (Severe)","Y",2012,0.916666666666667,"Summer","N","Y","Sa","N","N","N","Y","N","N","N","N","Dark - Street Lights","Overturned","Pedestrian Violation","Non-Collision","N","N","N","N"
5638445,"Y","N","Injury (Severe)","Y",2012,19.5,"Summer","N","N","Th","N","Y","Y","N","N","N","N","N","Daylight","Broadside","Lights","Motor Vehicle on Other Roadway","N","N","N","N"
5638499,"Y","N","Injury (Severe)","Y",2012,21.5,"Summer","N","N","M","Y","N","Y","N","N","N","N","N","Dark - Street Lights","Rear End","Improper Passing","Other Motor Vehicle","N","N","N","N"
5638635,"Y","N","Injury (Severe)","Y",2012,19.5833333333333,"Fall","N","N","Th","Y","N","Y","N","N","N","N","N","Dark - Street Lights","Broadside","Pedestrian Violation","Other Motor Vehicle","N","N","N","N"
5638658,"Y","N","Injury (Severe)","Y",2012,9.66666666666667,"Fall","N","N","Tu","N","N","Y","N","N","N","N","N","Daylight","Hit Object","Wrong Side of Road","Fixed Object","N","N","N","N"
5638659,"Y","N","Injury (Severe)","Y",2012,15.75,"Fall","PM","N","M","Y","N","Y","N","N","N","N","N","Daylight","Broadside","Pedestrian Violation","Other Motor Vehicle","N","N","N","N"
5638660,"Y","N","Injury (Severe)","Y",2012,14.1666666666667,"Fall","N","N","F","N","Y","Y","N","N","N","N","N","Daylight","Sideswipe","Automobile Right of Way","Other Motor Vehicle","N","Y","N","N"
5638673,"Y","N","Injury (Severe)","Y",2012,12.0833333333333,"Fall","N","N","Th","N","N","Y","N","N","N","N","Y","Daylight","Sideswipe","Improper Turning","Other Motor Vehicle","N","N","N","N"
5638693,"Y","N","Injury (Severe)","Y",2012,6.58333333333333,"Summer","N","N","Su","N","Y","N","Y","N","N","N","N","Daylight","Sideswipe","Pedestrian Right of Way","Other Motor Vehicle","N","N","N","N"
5638703,"Y","N","Injury (Severe)","Y",2012,18.6666666666667,"Fall","PM","N","Tu","Y","N","Y","N","N","N","N","N","Dark - Street Lights","Broadside","Wrong Side of Road","Other Motor Vehicle","N","N","N","N"
5638765,"Y","Y","Injury (Severe)","Y",2012,22.4166666666667,"Fall","N","N","Th","N","Y","Y","N","N","N","N","Y","Dark - No Street Lights","Rear End","Wrong Side of Road","Other Motor Vehicle","N","N","N","N"
5638811,"Y","N","Injury (Severe)","Y",2012,17.0833333333333,"Fall","PM","N","M","Y","N","Y","N","N","N","N","N","Daylight","Broadside","Pedestrian Violation","Other Motor Vehicle","N","N","N","N"
5638822,"Y","N","Injury (Severe)","Y",2012,23.75,"Fall","N","Y","Su","N","N","Y","N","N","N","N","N","Dark - Street Lights","Broadside","Pedestrian Right of Way","Other Motor Vehicle","Y","N","N","N"
5638920,"Y","N","Injury (Severe)","Y",2012,18.8333333333333,"Fall","PM","N","Th","Y","N","N","Y","N","N","N","N","Dark - Street Lights","Head-On","Pedestrian Violation","Other Motor Vehicle","N","N","N","N"
5638941,"Y","N","Injury (Severe)","Y",2012,15.75,"Fall","PM","N","F","Y","N","Y","N","N","N","N","N","Daylight","Broadside","Wrong Side of Road","Other Motor Vehicle","N","N","N","N"
5639036,"Y","N","Injury (Severe)","Y",2012,16.9166666666667,"Fall","PM","N","W","Y","N","Y","N","N","N","N","N","Daylight","Other","Pedestrian Violation","Other Motor Vehicle","N","N","N","N"
5639082,"Y","N","Injury (Severe)","Y",2012,11.6666666666667,"Fall","N","N","Sa","N","N","N","Y","N","N","N","N","Daylight","Rear End","Improper Passing","Other Motor Vehicle","Y","N","N","N"
5639154,"Y","N","Injury (Severe)","Y",2012,13.6666666666667,"Summer","N","N","F","N","Y","Y","N","N","N","N","N","Daylight","Overturned","Wrong Side of Road","Non-Collision","N","Y","N","N"
5639254,"Y","N","Injury (Severe)","Y",2012,15.5,"Winter","PM","N","W","Y","N","N","Y","N","N","N","N","Daylight","Broadside","Wrong Side of Road","Other Motor Vehicle","N","N","N","N"
5639291,"Y","N","Injury (Severe)","Y",2012,10.5,"Fall","N","N","Tu","N","N","Y","N","N","N","N","N","Daylight","Broadside","Wrong Side of Road","Other Motor Vehicle","N","N","N","N"
5639651,"Y","N","Injury (Severe)","Y",2012,11.3333333333333,"Winter","N","N","Tu","N","Y","Y","N","N","N","N","N","Daylight","Hit Object","Pedestrian Right of Way","Fixed Object","N","N","N","N"
5639734,"Y","N","Injury (Severe)","Y",2012,19.6666666666667,"Fall","N","N","Su","N","Y","Y","N","N","N","N","N","Dark - No Street Lights","Hit Object","Wrong Side of Road","Fixed Object","Y","N","N","N"
5640459,"N","Y","Injury (Complaint of Pain)","N",2012,19.9166666666667,"Spring","N","N","M","N","N","Y","N","N","N","N","N","Daylight","Rear End","Wrong Side of Road","Other Motor Vehicle","N","Y","N","N"
5641632,"N","Y","Injury (Complaint of Pain)","N",2012,5.75,"Spring","N","N","Th","N","Y","Y","N","N","N","N","N","Daylight","Rear End","Wrong Side of Road","Other Motor Vehicle","N","N","N","N"
5641652,"N","Y","Injury (Other Visible)","N",2012,11.35,"Spring","N","N","Th","N","Y","Y","N","N","N","N","N","Daylight","Overturned","Wrong Side of Road","Non-Collision","N","N","N","N"
5641656,"N","Y","Injury (Complaint of Pain)","N",2012,11,"Spring","N","N","Th","N","Y","Y","N","N","N","N","N","Daylight","Sideswipe","Improper Turning","Other Motor Vehicle","N","N","N","N"
5641789,"N","Y","PDO (property damage only)","N",2012,21,"Spring","N","N","Tu","N","N","Y","N","N","N","N","N","Dark - Street Lights","Broadside","Pedestrian Right of Way","Bicycle","N","N","N","N"
5641811,"N","Y","Injury (Other Visible)","N",2012,22.5,"Spring","N","N","Tu","N","N","Y","N","N","N","N","N","Daylight","Rear End","Wrong Side of Road","Other Motor Vehicle","N","N","N","N"
5641833,"N","Y","PDO (property damage only)","N",2012,21.4166666666667,"Spring","N","N","W","Y","N","Y","N","N","N","N","N","Dark - Street Lights","Broadside","Pedestrian Violation","Other Motor Vehicle","N","N","N","N"
5641867,"N","Y","PDO (property damage only)","N",2012,16,"Spring","PM","N","Th","N","N","Y","N","N","N","N","N","Daylight","Broadside","Pedestrian Violation","Other Motor Vehicle","N","N","N","N"
5642333,"N","Y","Injury (Other Visible)","N",2012,19.5833333333333,"Spring","N","N","Sa","Y","N","Y","N","N","N","N","N","Dusk or Dawn","Broadside","Pedestrian Violation","Other Motor Vehicle","N","N","N","N"
5642335,"N","Y","Injury (Complaint of Pain)","N",2012,16.5833333333333,"Spring","PM","N","F","N","N","Y","N","N","N","N","N","Daylight","Rear End","Wrong Side of Road","Other Motor Vehicle","N","N","N","N"
5642771,"N","Y","Injury (Complaint of Pain)","N",2012,11.5,"Spring","N","N","F","N","N","Y","N","N","N","N","N","Daylight","Rear End","Improper Passing","Other Motor Vehicle","N","N","N","N"
5642777,"N","Y","PDO (property damage only)","N",2012,8.5,"Spring","AM","N","W","Y","N","Y","N","N","N","N","N","Daylight","Head-On","Lights","Other Motor Vehicle","N","N","N","N"
5642783,"N","Y","Injury (Complaint of Pain)","N",2012,7.58333333333333,"Spring","AM","N","Th","N","N","Y","N","N","N","N","N","Daylight","Rear End","Improper Passing","Other Motor Vehicle","N","N","N","N"
5642785,"N","Y","PDO (property damage only)","N",2012,21,"Spring","N","N","F","Y","N","Y","N","N","N","N","N","Dark - Street Lights","Sideswipe","Pedestrian Violation","Other Motor Vehicle","N","N","N","N"
5642789,"N","Y","PDO (property damage only)","N",2012,15.75,"Spring","N","N","Sa","Y","N","Y","N","N","N","N","N","Daylight","Broadside","Lights","Other Motor Vehicle","N","N","N","N"
5642851,"N","Y","PDO (property damage only)","N",2012,20.0833333333333,"Spring","N","N","Su","Y","N","Y","N","N","N","N","N","Dark - Street Lights","Vehicle/Pedestrian","Traffic Signals and Signs","Pedestrian","N","N","Y","N"
5642875,"N","Y","Injury (Other Visible)","N",2012,17.4166666666667,"Spring","PM","N","Tu","N","N","Y","N","N","N","N","N","Daylight","Broadside","Pedestrian Violation","Other Motor Vehicle","N","N","N","N"
5642943,"N","Y","Injury (Other Visible)","N",2012,19.9166666666667,"Spring","N","N","Su","N","N","Y","N","N","N","N","N","Dusk or Dawn","Head-On","Pedestrian Violation","Other Motor Vehicle","N","N","N","N"
5642959,"N","Y","Injury (Complaint of Pain)","N",2012,11.5833333333333,"Spring","N","N","Su","N","Y","Y","N","N","N","N","N","Daylight","Overturned","Pedestrian Right of Way","Fixed Object","N","N","N","N"
5643488,"N","Y","PDO (property damage only)","N",2012,15,"Spring","PM","N","Tu","N","N","Y","N","N","N","N","N","Daylight","Other","Wrong Side of Road","Non-Collision","N","N","N","N"
5643512,"N","Y","Injury (Other Visible)","N",2012,8.5,"Spring","AM","N","F","Y","N","Y","N","N","N","N","N","Daylight","Broadside","Pedestrian Violation","Other Motor Vehicle","N","N","N","N"
5643574,"N","Y","Injury (Other Visible)","N",2012,7.41666666666667,"Spring","AM","N","M","N","Y","Y","N","N","N","N","N","Daylight","Sideswipe","Wrong Side of Road","Other Motor Vehicle","N","N","N","N"
5643577,"N","Y","PDO (property damage only)","N",2012,18.0833333333333,"Spring","PM","N","Th","N","Y","Y","N","N","N","N","N","Daylight","Sideswipe","Automobile Right of Way","Other Motor Vehicle","N","N","N","N"
5644869,"N","Y","Injury (Complaint of Pain)","N",2012,17.0833333333333,"Spring","PM","N","F","N","N","Y","N","N","N","N","N","Daylight","Head-On","Pedestrian Violation","Other Motor Vehicle","N","N","N","N"
5645663,"N","Y","Injury (Complaint of Pain)","N",2012,19.75,"Spring","N","N","Sa","N","Y","Y","N","N","N","N","N","Daylight","Rear End","Wrong Side of Road","Other Motor Vehicle","N","N","N","N"
5645954,"N","Y","Injury (Complaint of Pain)","N",2012,16.1666666666667,"Spring","PM","N","Th","N","N","N","Y","N","N","N","N","Daylight","Rear End","Wrong Side of Road","Other Motor Vehicle","N","N","N","N"
5662528,"N","Y","Injury (Complaint of Pain)","N",2012,18.6666666666667,"Spring","PM","N","F","N","N","Y","N","N","N","N","N","Daylight","Other","Automobile Right of Way","Non-Collision","N","N","N","N"
5662564,"N","Y","PDO (property damage only)","N",2012,15.9166666666667,"Spring","PM","N","Th","N","N","Y","N","N","N","N","N","Daylight","Head-On","Pedestrian Violation","Other Motor Vehicle","N","N","N","N"
5662576,"N","Y","Injury (Other Visible)","N",2012,7.75,"Spring","AM","N","Tu","N","N","Y","N","N","N","N","N","Daylight","Other","Wrong Side of Road","Fixed Object","N","N","N","N"
5663063,"N","Y","Injury (Other Visible)","N",2012,15.75,"Spring","PM","N","Th","Y","N","Y","N","N","N","N","N","Daylight","Broadside","Pedestrian Violation","Other Motor Vehicle","N","N","N","N"
5663282,"N","Y","Injury (Other Visible)","N",2012,21.1666666666667,"Spring","N","N","W","N","N","Y","N","N","N","N","N","Dark - Street Lights","Broadside","Pedestrian Violation","Other Motor Vehicle","N","N","N","N"
5663333,"N","Y","Injury (Other Visible)","N",2012,18.5,"Spring","N","N","Sa","N","N","Y","N","N","N","N","N","Dark - Street Lights","Broadside","Pedestrian Violation","Other Motor Vehicle","N","N","N","N"
5663353,"N","Y","Injury (Complaint of Pain)","N",2012,20.6666666666667,"Spring","N","N","F","Y","N","Y","N","N","N","N","N","Dark - Street Lights","Sideswipe","Pedestrian Violation","Other Motor Vehicle","N","N","N","N"
5664203,"N","Y","Injury (Complaint of Pain)","N",2012,9,"Spring","AM","N","F","N","Y","Y","N","N","N","N","N","Daylight","Overturned","Pedestrian Right of Way","Non-Collision","N","N","N","N"
5664204,"N","Y","Injury (Complaint of Pain)","N",2012,13.1666666666667,"Spring","N","N","W","N","Y","Y","N","N","N","N","N","Daylight","Sideswipe","Automobile Right of Way","Other Motor Vehicle","N","N","N","N"
5664205,"N","Y","Injury (Complaint of Pain)","N",2012,15.5,"Spring","PM","N","M","N","Y","Y","N","N","N","N","N","Daylight","Overturned","Pedestrian Right of Way","Non-Collision","N","N","N","N"
5665645,"N","Y","Injury (Complaint of Pain)","N",2012,17.0833333333333,"Spring","PM","N","Tu","N","N","Y","N","N","N","N","N","Daylight","Broadside","Unsafe Lane Change","Other Motor Vehicle","N","N","N","N"
5666629,"N","Y","PDO (property damage only)","N",2012,12.5833333333333,"Spring","N","N","Sa","N","Y","Y","N","N","N","N","N","Daylight","Sideswipe","Automobile Right of Way","Other Motor Vehicle","N","N","N","N"
5667003,"N","Y","PDO (property damage only)","N",2012,7.58333333333333,"Spring","AM","N","Tu","N","Y","Y","N","N","N","N","N","Daylight","Sideswipe","Wrong Side of Road","Other Motor Vehicle","N","N","N","N"
5667023,"N","Y","Injury (Complaint of Pain)","N",2012,17.6666666666667,"Spring","PM","N","M","N","Y","Y","N","N","N","N","N","Daylight","Sideswipe","Automobile Right of Way","Other Motor Vehicle","N","N","N","N"
5667027,"N","Y","Injury (Complaint of Pain)","N",2012,15.9333333333333,"Spring","N","N","Sa","N","Y","Y","N","N","N","N","N","Daylight","Rear End","Unsafe Speed","Other Motor Vehicle","Y","N","N","N"
5667031,"N","Y","PDO (property damage only)","N",2012,13.6666666666667,"Spring","N","N","Th","N","Y","Y","N","N","N","N","N","Daylight","Sideswipe","Automobile Right of Way","Other Motor Vehicle","N","N","N","N"
5667035,"N","Y","Injury (Complaint of Pain)","N",2012,14.25,"Spring","N","N","W","N","Y","Y","N","N","N","N","N","Daylight","Overturned","Wrong Side of Road","Non-Collision","N","N","N","N"
5667369,"N","Y","PDO (property damage only)","N",2012,18,"Spring","PM","N","Th","N","Y","Y","N","N","N","N","N","Daylight","Sideswipe","Automobile Right of Way","Other Motor Vehicle","N","N","N","N"
5667941,"N","N","Injury (Complaint of Pain)","N",2012,10.1666666666667,"Spring","N","N","Tu","N","N","Y","N","N","N","N","N","Daylight","Other","Pedestrian Violation","Other Motor Vehicle","N","N","N","N"
5667952,"N","N","PDO (property damage only)","N",2012,9.25,"Spring","N","N","F","Y","N","N","Y","N","N","N","N","Daylight","Vehicle/Pedestrian","Traffic Signals and Signs","Pedestrian","N","N","Y","N"
5667954,"N","Y","Injury (Complaint of Pain)","N",2012,19,"Spring","N","N","Sa","N","N","Y","N","N","N","N","Y","Daylight","Broadside","Wrong Side of Road","Other Motor Vehicle","N","N","N","N"
5668204,"N","Y","PDO (property damage only)","N",2012,9.91666666666667,"Spring","N","N","Sa","N","Y","N","Y","N","N","N","N","Daylight","Sideswipe","Automobile Right of Way","Other Motor Vehicle","N","N","N","N"
5668224,"N","Y","PDO (property damage only)","N",2012,8.83333333333333,"Spring","AM","N","Tu","N","Y","Y","N","N","N","N","N","Daylight","Overturned","Wrong Side of Road","Non-Collision","N","N","N","N"
5668232,"N","Y","Injury (Complaint of Pain)","N",2012,17.6666666666667,"Spring","PM","N","Tu","N","Y","Y","N","N","N","N","N","Daylight","Sideswipe","Driving or Bicycling Under the Influence of Alcohol or Drug","Other Motor Vehicle","N","N","N","N"
5668294,"N","Y","Injury (Complaint of Pain)","N",2012,7.16666666666667,"Spring","AM","N","F","N","Y","N","Y","N","N","N","N","Daylight","Rear End","Automobile Right of Way","Other Motor Vehicle","N","N","N","N"
5668736,"N","Y","Injury (Complaint of Pain)","N",2012,16.0833333333333,"Spring","PM","N","F","N","N","Y","N","N","N","N","N","Daylight","Broadside","Pedestrian Violation","Other Motor Vehicle","N","N","N","N"
5668738,"N","Y","PDO (property damage only)","N",2012,10.8333333333333,"Spring","N","N","F","N","N","Y","N","N","N","N","N","Daylight","Sideswipe","Improper Turning","Other Motor Vehicle","N","N","N","N"
5668782,"N","Y","Injury (Other Visible)","N",2012,17.25,"Spring","PM","N","Tu","N","N","Y","N","N","N","N","N","Daylight","Other","Driving or Bicycling Under the Influence of Alcohol or Drug","Other Motor Vehicle","N","N","N","N"
5668793,"N","Y","Injury (Complaint of Pain)","N",2012,15.8333333333333,"Spring","N","N","Su","N","N","Y","N","N","N","N","N","Daylight","Rear End","Unsafe Starting or Backing","Other Motor Vehicle","N","N","N","N"
5668795,"N","Y","Injury (Complaint of Pain)","N",2012,20.25,"Spring","N","N","M","N","N","Y","N","N","N","N","N","Dark - Street Lights","Head-On","Pedestrian Right of Way","Other Motor Vehicle","N","N","N","N"
5668967,"N","Y","Injury (Complaint of Pain)","N",2012,21.5833333333333,"Spring","N","N","Su","N","N","Y","N","N","N","N","N","Dark - Street Lights","Rear End","Wrong Side of Road","Other Motor Vehicle","N","N","N","N"
5669027,"N","Y","Injury (Complaint of Pain)","N",2012,16,"Spring","PM","N","W","N","N","Y","N","N","N","N","N","Daylight","Broadside","Automobile Right of Way","Other Motor Vehicle","N","N","N","N"
5669430,"N","Y","Injury (Complaint of Pain)","N",2012,18.25,"Spring","PM","N","W","N","N","Y","N","N","N","N","N","Daylight","Broadside","Pedestrian Violation","Other Motor Vehicle","N","N","N","N"
5669778,"N","Y","Injury (Complaint of Pain)","N",2012,18.1666666666667,"Spring","PM","N","F","Y","N","Y","N","N","N","N","N","Daylight","Rear End","Lights","Other Motor Vehicle","N","N","N","N"
5669814,"N","Y","Injury (Complaint of Pain)","N",2012,20.9166666666667,"Spring","N","N","W","N","N","Y","N","N","N","N","N","Dark - Street Lights","Sideswipe","Wrong Side of Road","Parked Motor Vehicle","Y","N","N","N"
5671071,"N","Y","Injury (Complaint of Pain)","N",2012,19.0833333333333,"Fall","N","N","Su","Y","Y","Y","N","N","N","N","N","Dark - Street Lights","Broadside","Pedestrian Violation","Other Motor Vehicle","N","N","N","N"
5672028,"N","Y","PDO (property damage only)","N",2012,1.75,"Spring","N","Y","Tu","Y","N","Y","N","N","N","N","N","Dark - Street Lights","Broadside","Pedestrian Right of Way","Other Motor Vehicle","N","N","N","N"
5673302,"N","Y","Injury (Complaint of Pain)","N",2012,15.5833333333333,"Spring","PM","N","M","Y","N","Y","N","N","N","N","N","Daylight","Head-On","Pedestrian Violation","Other Motor Vehicle","N","N","N","N"
5675712,"N","Y","Injury (Other Visible)","N",2012,10.8333333333333,"Summer","N","N","W","N","Y","N","Y","N","N","N","N","Daylight","Sideswipe","Wrong Side of Road","Other Motor Vehicle","N","N","N","N"
5676220,"N","Y","PDO (property damage only)","N",2012,16.25,"Summer","PM","N","M","N","Y","Y","N","N","N","N","N","Daylight","Sideswipe","Impeding Traffic","Other Motor Vehicle","N","N","N","N"
5676467,"N","Y","Injury (Complaint of Pain)","N",2012,13.0833333333333,"Summer","N","N","Tu","Y","Y","Y","N","N","N","N","N","Daylight","Broadside","Pedestrian Violation","Other Motor Vehicle","N","N","N","N"
5676509,"N","Y","Injury (Other Visible)","N",2012,19.75,"Summer","N","N","Sa","N","N","Y","N","N","N","N","N","Daylight","Rear End","Unsafe Starting or Backing","Other Motor Vehicle","N","N","N","N"
5678072,"N","Y","Injury (Complaint of Pain)","N",2012,16.5,"Spring","PM","N","W","N","N","Y","N","N","N","N","N","Daylight","Other","Improper Turning","Other Object","N","N","N","N"
5678120,"N","Y","PDO (property damage only)","N",2012,8.83333333333333,"Spring","AM","N","F","N","Y","Y","N","N","N","N","Y","Daylight","Rear End","Pedestrian Right of Way","Non-Collision","N","N","N","N"
5678259,"N","Y","Injury (Other Visible)","N",2012,11,"Spring","N","N","Sa","N","N","Y","N","N","N","N","N","Daylight","Hit Object","Pedestrian Violation","Other Motor Vehicle","N","N","N","N"
5678267,"N","Y","Injury (Complaint of Pain)","N",2012,17.1666666666667,"Spring","N","N","Sa","Y","N","Y","N","N","N","N","N","Daylight","Head-On","Pedestrian Violation","Other Motor Vehicle","N","N","N","N"
5678272,"N","Y","Injury (Complaint of Pain)","N",2012,18,"Spring","PM","N","M","N","N","Y","N","N","N","N","N","Daylight","Rear End","Wrong Side of Road","Other Motor Vehicle","N","N","N","N"
5678468,"N","Y","Injury (Complaint of Pain)","N",2012,7.5,"Spring","N","N","Sa","N","N","Y","N","N","N","N","N","Daylight","Broadside","Pedestrian Violation","Other Motor Vehicle","N","N","N","N"
5678805,"N","Y","PDO (property damage only)","N",2012,7.91666666666667,"Spring","AM","N","M","N","N","Y","N","N","N","N","N","Daylight","Sideswipe","Pedestrian Right of Way","Other Motor Vehicle","N","N","N","N"
5678808,"N","Y","Injury (Complaint of Pain)","N",2012,17,"Spring","N","N","Su","Y","Y","Y","N","N","N","N","N","Daylight","Other","Pedestrian Violation","Motor Vehicle on Other Roadway","N","N","N","N"
5678814,"N","Y","PDO (property damage only)","N",2012,15.75,"Spring","N","N","Su","N","N","Y","N","N","N","N","N","Daylight","Broadside","Pedestrian Violation","Other Motor Vehicle","N","N","N","N"
5678826,"N","N","PDO (property damage only)","N",2012,7.5,"Spring","AM","N","M","N","N","Y","N","N","N","N","N","Daylight","Rear End","Wrong Side of Road","Other Motor Vehicle","N","N","N","N"
5678832,"N","Y","PDO (property damage only)","N",2012,9.83333333333333,"Spring","N","N","M","Y","Y","Y","N","N","N","N","N","Daylight","Overturned","Pedestrian Right of Way","Non-Collision","N","N","N","N"
5678857,"N","Y","PDO (property damage only)","N",2012,15.1666666666667,"Spring","PM","N","M","Y","N","Y","N","N","N","N","N","Daylight","Other","Pedestrian Violation","Other Motor Vehicle","N","N","N","N"
5678905,"N","Y","PDO (property damage only)","N",2012,17.25,"Spring","PM","N","Th","Y","N","Y","N","N","N","N","N","Daylight","Broadside","Pedestrian Violation","Other Motor Vehicle","N","Y","N","N"
5679403,"N","Y","Injury (Other Visible)","N",2012,23.3333333333333,"Spring","N","Y","F","Y","N","Y","N","N","N","N","N","Dark - Street Lights","Broadside","Pedestrian Violation","Other Motor Vehicle","N","N","N","N"
5679543,"N","Y","PDO (property damage only)","N",2012,7.41666666666667,"Spring","AM","N","Th","N","Y","Y","N","N","N","N","N","Daylight","Sideswipe","Automobile Right of Way","Other Motor Vehicle","N","N","N","N"
5679766,"N","Y","Injury (Complaint of Pain)","N",2012,6.75,"Spring","N","N","W","N","Y","N","Y","N","N","N","N","Daylight","Sideswipe","Automobile Right of Way","Other Motor Vehicle","N","N","N","N"
5680302,"N","Y","Injury (Complaint of Pain)","N",2012,13.1666666666667,"Spring","N","N","Th","N","N","Y","N","N","N","N","N","Daylight","Broadside","Pedestrian Right of Way","Other Motor Vehicle","N","N","N","N"
5680308,"N","Y","Injury (Complaint of Pain)","N",2012,21.3333333333333,"Spring","N","N","F","Y","N","Y","N","N","N","N","N","Dark - Street Lights","Rear End","Wrong Side of Road","Motor Vehicle on Other Roadway","N","N","N","N"
5680317,"N","Y","Injury (Complaint of Pain)","N",2012,14.5833333333333,"Spring","N","N","Sa","N","N","Y","N","N","N","N","N","Daylight","Sideswipe","Automobile Right of Way","Other Motor Vehicle","N","N","N","N"
5682564,"N","Y","Injury (Complaint of Pain)","N",2012,13.5,"Spring","N","N","Sa","N","N","Y","N","N","N","N","N","Daylight","Broadside","Pedestrian Violation","Other Motor Vehicle","N","N","N","N"
5682594,"N","Y","Injury (Complaint of Pain)","N",2012,18.25,"Spring","PM","N","M","Y","N","Y","N","N","N","N","N","Dark - Street Lights","Broadside","Pedestrian Violation","Other Motor Vehicle","N","N","N","N"
5682604,"N","Y","Injury (Other Visible)","N",2012,6.25,"Spring","N","N","Tu","Y","Y","Y","N","N","N","N","N","Daylight","Broadside","Lights","Other Motor Vehicle","N","N","N","N"
5683839,"N","N","Injury (Complaint of Pain)","N",2012,1.75,"Spring","N","Y","F","N","N","Y","N","N","N","N","N","Dark - Street Lights","Sideswipe","Unsafe Speed","Parked Motor Vehicle","Y","N","N","N"
5685624,"N","Y","PDO (property damage only)","N",2012,17.5,"Spring","PM","N","M","N","Y","N","Y","N","N","N","N","Daylight","Overturned","Automobile Right of Way","Non-Collision","N","N","N","N"
5685921,"N","Y","Injury (Complaint of Pain)","N",2012,11.0833333333333,"Spring","N","N","Tu","N","N","Y","N","N","N","N","N","Daylight","Head-On","Pedestrian Violation","Other Motor Vehicle","N","N","N","N"
5685937,"N","Y","Injury (Complaint of Pain)","N",2012,14.9166666666667,"Spring","N","N","Sa","Y","N","Y","N","N","N","N","N","Daylight","Sideswipe","Pedestrian Right of Way","Other Motor Vehicle","N","N","N","N"
5685947,"N","Y","PDO (property damage only)","N",2012,6.83333333333333,"Spring","N","N","Tu","N","Y","N","Y","N","N","N","Y","Daylight","Overturned","Automobile Right of Way","Non-Collision","N","N","N","N"
5685979,"N","Y","Injury (Complaint of Pain)","N",2012,16.4166666666667,"Spring","PM","N","Th","N","Y","Y","N","N","N","N","N","Daylight","Rear End","Wrong Side of Road","Other Motor Vehicle","N","N","N","N"
5685997,"N","Y","Injury (Complaint of Pain)","N",2012,17,"Spring","PM","N","W","Y","N","Y","N","N","N","N","N","Daylight","Broadside","Pedestrian Violation","Other Motor Vehicle","N","N","N","N"
5685999,"N","Y","Injury (Other Visible)","N",2012,13.0833333333333,"Spring","N","N","Su","N","N","Y","N","N","N","N","N","Daylight","Overturned","Pedestrian Right of Way","Fixed Object","N","N","N","N"
5686184,"N","Y","Injury (Complaint of Pain)","N",2012,19,"Summer","PM","N","F","N","N","Y","N","N","N","N","N","Daylight","Rear End","Wrong Side of Road","Other Object","N","N","N","N"