"CASE_ID","mc_killed","mc_injured","collision_severity","severe","accident_year","hours_since_midnight","season","rush_hour","late_night","day_of_week","intersection","state_hwy_ind","w_clear","w_cloudy","w_rainy","w_other","road_not_dry","road_condition_issue","lighting","type_of_collision","pcf_viol_category","mviw","alcohol_involved","truck_accident","pedestrian_accident","bicycle_accident"
5686209,"N","Y","Injury (Complaint of Pain)","N",2012,15.6666666666667,"Spring","PM","N","M","N","N","Y","N","N","N","N","N","Daylight","Broadside","Pedestrian Right of Way","Other Object","N","N","N","N"
5686642,"N","Y","Injury (Complaint of Pain)","N",2012,22.5,"Summer","N","N","F","Y","N","Y","N","N","N","N","N","Dark - Street Lights","Sideswipe","Pedestrian Right of Way","Other Motor Vehicle","N","N","N","N"
5686649,"N","Y","Injury (Complaint of Pain)","N",2012,2.3,"Summer","N","Y","M","N","N","N","Y","N","N","N","N","Dark - Street Lights","Sideswipe","Wrong Side of Road","Parked Motor Vehicle","N","N","N","N"
5686650,"N","Y","Injury (Complaint of Pain)","N",2012,20.5,"Spring","N","N","M","N","N","Y","N","N","N","N","N","Dark - Street Lights","Sideswipe","Automobile Right of Way","Other Motor Vehicle","N","N","N","N"
5686703,"N","Y","Injury (Complaint of Pain)","N",2012,13.5,"Spring","N","N","Th","Y","N","Y","N","N","N","N","N","Daylight","Broadside","Pedestrian Violation","Other Motor Vehicle","N","N","N","N"
5686717,"N","Y","Injury (Complaint of Pain)","N",2012,18.5,"Spring","PM","N","F","Y","N","Y","N","N","N","N","N","Daylight","Head-On","Pedestrian Violation","Other Motor Vehicle","N","N","N","N"
5687294,"N","Y","PDO (property damage only)","N",2012,11.75,"Spring","N","N","Sa","Y","N","Y","N","N","N","N","N","Daylight","Rear End","Wrong Side of Road","Other Motor Vehicle","N","N","N","N"
5688322,"N","Y","PDO (property damage only)","N",2012,17.8333333333333,"Summer","PM","N","Tu","N","Y","Y","N","N","N","N","N","Daylight","Sideswipe","Wrong Side of Road","Other Motor Vehicle","N","N","N","N"
5688353,"N","Y","Injury (Complaint of Pain)","N",2012,13,"Summer","N","N","W","N","Y","Y","N","N","N","N","N","Daylight","Hit Object","Code 20","Other Object","N","N","N","N"
5688361,"N","Y","Injury (Complaint of Pain)","N",2012,19.5833333333333,"Summer","N","N","M","N","Y","Y","N","N","N","N","N","Daylight","Sideswipe","Automobile Right of Way","Other Motor Vehicle","N","N","N","N"
5688397,"N","Y","Injury (Complaint of Pain)","N",2012,18.2833333333333,"Spring","PM","N","Th","N","Y","Y","N","N","N","N","N","Daylight","Sideswipe","Improper Turning","Other Motor Vehicle","N","N","N","N"
5688648,"N","Y","Injury (Complaint of Pain)","N",2012,18.1666666666667,"Spring","PM","N","Tu","N","Y","Y","N","N","N","N","N","Daylight","Sideswipe","Automobile Right of Way","Other Motor Vehicle","N","N","N","N"
5688662,"N","Y","PDO (property damage only)","N",2012,10.25,"Spring","N","N","W","N","Y","Y","N","N","N","N","N","Daylight","Sideswipe","Wrong Side of Road","Other Motor Vehicle","N","N","N","N"
5688708,"N","Y","Injury (Complaint of Pain)","N",2012,14.5833333333333,"Spring","N","N","W","N","Y","Y","N","N","N","N","N","Daylight","Sideswipe","Wrong Side of Road","Other Motor Vehicle","N","N","N","N"
5688712,"N","Y","Injury (Other Visible)","N",2012,15.5833333333333,"Summer","N","N","Su","N","Y","Y","N","N","N","N","N","Daylight","Sideswipe","Automobile Right of Way","Other Motor Vehicle","N","N","N","N"
5689570,"N","Y","Injury (Other Visible)","N",2012,14.6666666666667,"Spring","N","N","W","N","Y","Y","N","N","N","N","N","Daylight","Rear End","Wrong Side of Road","Other Motor Vehicle","N","N","N","N"
5691302,"N","Y","Injury (Complaint of Pain)","N",2012,16.0833333333333,"Summer","PM","N","F","N","N","Y","N","N","N","N","N","Daylight","Broadside","Automobile Right of Way","Other Motor Vehicle","N","N","N","N"
5691318,"N","Y","Injury (Complaint of Pain)","N",2012,0.0333333333333333,"Summer","N","Y","F","N","N","Y","N","N","N","N","N","Dark - Street Lights","Other","Unsafe Starting or Backing","Other Motor Vehicle","N","N","N","N"
5691353,"N","Y","Injury (Other Visible)","N",2012,10.3333333333333,"Summer","N","N","Tu","Y","Y","Y","N","N","N","N","N","Daylight","Head-On","Pedestrian Violation","Other Motor Vehicle","N","N","N","N"
5691403,"N","Y","PDO (property damage only)","N",2012,20.8333333333333,"Summer","N","N","Sa","N","N","Y","N","N","N","N","N","Dark - Street Lights","Rear End","Wrong Side of Road","Other Motor Vehicle","N","N","N","N"
5691451,"N","Y","Injury (Complaint of Pain)","N",2012,12.5,"Summer","N","N","Sa","N","N","Y","N","N","N","N","N","Daylight","Other","Wrong Side of Road","Other Object","N","N","N","N"
5691541,"N","Y","Injury (Complaint of Pain)","N",2012,17.5,"Summer","N","N","Su","N","N","Y","N","N","N","N","N","Daylight","Broadside","Pedestrian Violation","Other Motor Vehicle","N","N","N","N"
5691703,"N","Y","Injury (Complaint of Pain)","N",2012,17.5,"Summer","PM","N","F","N","Y","Y","N","N","N","N","N","Daylight","Rear End","Wrong Side of Road","Other Motor Vehicle","N","N","N","N"
5691860,"N","Y","Injury (Complaint of Pain)","N",2012,20.4166666666667,"Summer","N","N","Su","N","N","Y","N","N","N","N","N","Dark - Street Lights","Broadside","Automobile Right of Way","Other Motor Vehicle","N","N","N","N"
5691922,"N","Y","Injury (Other Visible)","N",2012,20.8333333333333,"Summer","N","N","Th","N","N","Y","N","N","N","N","N","Dark - Street Lights","Head-On","Pedestrian Violation","Other Motor Vehicle","N","N","N","N"
5691934,"N","N","PDO (property damage only)","N",2012,8.75,"Summer","AM","N","F","N","N","N","Y","N","N","N","N","Daylight","Sideswipe","Automobile Right of Way","Other Motor Vehicle","N","N","N","N"
5691941,"N","Y","Injury (Complaint of Pain)","N",2012,11.5,"Summer","N","N","W","N","N","Y","N","N","N","N","N","Daylight","Broadside","Unsafe Speed","Other Motor Vehicle","N","N","N","N"
5691949,"N","Y","PDO (property damage only)","N",2012,23.0833333333333,"Spring","N","Y","W","Y","N","Y","N","N","N","N","N","Dark - Street Lights","Broadside","Pedestrian Violation","Other Motor Vehicle","N","N","N","N"
5691962,"N","Y","Injury (Other Visible)","N",2012,17.9166666666667,"Summer","PM","N","W","Y","Y","Y","N","N","N","N","N","Daylight","Head-On","Lights","Other Motor Vehicle","N","N","N","N"
5692258,"N","Y","Injury (Complaint of Pain)","N",2012,19.25,"Spring","N","N","W","N","N","Y","N","N","N","N","N","Daylight","Sideswipe","Unsafe Lane Change","Other Motor Vehicle","N","N","N","N"
5692286,"N","Y","Injury (Complaint of Pain)","N",2012,15.0833333333333,"Spring","PM","N","F","Y","N","Y","N","N","N","N","N","Daylight","Broadside","Pedestrian Violation","Other Motor Vehicle","N","N","N","N"
5692313,"N","Y","Injury (Other Visible)","N",2012,8.83333333333333,"Spring","AM","N","Tu","Y","N","Y","N","N","N","N","N","Daylight","Broadside","Lights","Other Motor Vehicle","N","N","N","N"
5692314,"N","Y","PDO (property damage only)","N",2012,20.4166666666667,"Spring","N","N","F","Y","N","Y","N","N","N","N","N","Dark - Street Lights","Other","Lights","Other Motor Vehicle","N","N","N","N"
5692487,"N","Y","Injury (Other Visible)","N",2012,19.9166666666667,"Spring","N","N","Sa","Y","N","Y","N","N","N","N","N","Daylight","Broadside","Pedestrian Violation","Other Motor Vehicle","N","N","N","N"
5692560,"N","Y","PDO (property damage only)","N",2012,17,"Spring","PM","N","W","N","Y","Y","N","N","N","N","N","Daylight","Rear End","Wrong Side of Road","Other Motor Vehicle","N","N","N","N"
5693523,"N","Y","Injury (Complaint of Pain)","N",2012,19.3333333333333,"Summer","N","N","F","N","Y","Y","N","N","N","N","N","Daylight","Sideswipe","Automobile Right of Way","Other Motor Vehicle","N","N","N","N"
5693527,"N","Y","Injury (Complaint of Pain)","N",2012,7.83333333333333,"Summer","AM","N","F","N","Y","Y","N","N","N","N","N","Daylight","Rear End","Automobile Right of Way","Other Motor Vehicle","N","N","N","N"
5718413,"N","Y","Injury (Complaint of Pain)","N",2012,17.75,"Summer","PM","N","F","N","N","Y","N","N","N","N","N","Daylight","Broadside","Pedestrian Violation","Other Motor Vehicle","N","N","N","N"
5718425,"N","Y","Injury (Complaint of Pain)","N",2012,13.5,"Spring","N","N","F","N","N","Y","N","N","N","N","N","Daylight","Sideswipe","Pedestrian Violation","Other Motor Vehicle","N","N","N","N"
5718426,"N","Y","Injury (Other Visible)","N",2012,12.5,"Summer","N","N","Th","N","N","Y","N","N","N","N","N","Daylight","Broadside","Pedestrian Violation","Other Motor Vehicle","N","N","N","N"
5718929,"N","Y","Injury (Other Visible)","N",2012,23,"Summer","N","Y","F","Y","N","Y","N","N","N","N","N","Dark - Street Lights","Head-On","Pedestrian Violation","Other Motor Vehicle","N","N","N","N"
5718932,"N","Y","Injury (Other Visible)","N",2012,12.3333333333333,"Spring","N","N","Th","Y","N","Y","N","N","N","N","N","Daylight","Sideswipe","Pedestrian Right of Way","Other Motor Vehicle","N","N","N","N"
5719027,"N","Y","Injury (Complaint of Pain)","N",2012,18.3333333333333,"Summer","PM","N","W","N","N","Y","N","N","N","N","Y","Daylight","Sideswipe","Automobile Right of Way","Other Motor Vehicle","N","N","N","N"
5719135,"N","Y","Injury (Other Visible)","N",2012,1.66666666666667,"Summer","N","Y","W","N","Y","Y","N","N","N","N","N","Dark - Street Lights","Hit Object","Pedestrian Right of Way","Fixed Object","N","N","N","N"
5719137,"N","Y","Injury (Complaint of Pain)","N",2012,19.8333333333333,"Summer","N","N","Su","N","Y","Y","N","N","N","N","N","Daylight","Overturned","Unsafe Speed","Non-Collision","Y","N","N","N"
5722165,"N","Y","Injury (Other Visible)","N",2012,13,"Summer","N","N","Sa","Y","N","Y","N","N","N","N","N","Daylight","Broadside","Pedestrian Violation","Non-Collision","N","N","N","N"
5723137,"N","Y","Injury (Other Visible)","N",2012,14.0833333333333,"Summer","N","N","Th","N","N","Y","N","N","N","N","N","Daylight","Broadside","Pedestrian Right of Way","Other Motor Vehicle","N","N","N","N"
5723141,"N","Y","Injury (Other Visible)","N",2012,8.66666666666667,"Summer","AM","N","Th","Y","N","Y","N","N","N","N","N","Daylight","Rear End","Wrong Side of Road","Other Motor Vehicle","N","N","N","N"
5723149,"N","Y","Injury (Complaint of Pain)","N",2012,2,"Spring","N","Y","Th","N","N","Y","N","N","N","N","N","Dark - Street Lights","Broadside","Pedestrian Violation","Other Motor Vehicle","Y","N","N","N"
5723156,"N","Y","Injury (Other Visible)","N",2012,23.75,"Summer","N","Y","Th","N","Y","Y","N","N","N","N","N","Dark - Street Lights","Overturned","Pedestrian Right of Way","Non-Collision","N","N","N","N"
5723864,"N","Y","PDO (property damage only)","N",2012,8.75,"Spring","AM","N","M","N","Y","N","Y","N","N","N","N","Daylight","Sideswipe","Automobile Right of Way","Other Motor Vehicle","N","N","N","N"
5723939,"N","Y","PDO (property damage only)","N",2012,17.75,"Spring","PM","N","Tu","N","Y","Y","N","N","N","N","N","Daylight","Sideswipe","Automobile Right of Way","Other Motor Vehicle","N","N","N","N"
5723967,"N","Y","Injury (Complaint of Pain)","N",2012,17.4166666666667,"Spring","PM","N","F","N","Y","Y","N","N","N","N","N","Daylight","Rear End","Automobile Right of Way","Other Motor Vehicle","N","N","N","N"
5724731,"N","Y","Injury (Complaint of Pain)","N",2012,23.25,"Summer","N","Y","F","N","Y","Y","N","N","N","N","N","Dark - No Street Lights","Sideswipe","Automobile Right of Way","Other Motor Vehicle","N","N","N","N"
5724849,"N","Y","Injury (Complaint of Pain)","N",2012,19.5,"Spring","N","N","Tu","Y","N","Y","N","N","N","N","N","Dusk or Dawn","Broadside","Pedestrian Violation","Other Motor Vehicle","N","N","N","N"
5724874,"N","Y","Injury (Complaint of Pain)","N",2012,9.41666666666667,"Summer","N","N","Sa","Y","N","Y","N","N","N","N","N","Daylight","Broadside","Pedestrian Violation","Other Motor Vehicle","N","N","N","N"
5724886,"N","Y","Injury (Complaint of Pain)","N",2012,11.4166666666667,"Spring","N","N","Sa","N","N","Y","N","N","N","N","N","Daylight","Sideswipe","Automobile Right of Way","Other Motor Vehicle","N","N","N","N"
5725418,"N","Y","PDO (property damage only)","N",2012,13.1666666666667,"Spring","N","N","Sa","Y","N","Y","N","N","N","N","N","Daylight","Sideswipe","Pedestrian Violation","Other Motor Vehicle","N","N","N","N"
5725437,"N","Y","Injury (Complaint of Pain)","N",2012,11,"Spring","N","N","F","N","N","Y","N","N","N","N","N","Daylight","Sideswipe","Pedestrian Right of Way","Other Motor Vehicle","N","N","N","N"
5725449,"N","Y","PDO (property damage only)","N",2012,20,"Spring","N","N","Su","Y","N","Y","N","N","N","N","N","Dark - Street Lights","Head-On","Pedestrian Violation","Other Motor Vehicle","N","N","N","N"
5725703,"N","Y","PDO (property damage only)","N",2012,6.46666666666667,"Summer","N","N","Th","N","Y","Y","N","N","N","N","N","Daylight","Sideswipe","Automobile Right of Way","Other Motor Vehicle","N","N","N","N"
5726274,"N","Y","PDO (property damage only)","N",2012,21.5,"Spring","N","N","Su","N","N","Y","N","N","N","N","N","Dark - Street Lights","Rear End","Wrong Side of Road","Other Motor Vehicle","N","N","N","N"
5726306,"N","Y","Injury (Complaint of Pain)","N",2012,7.91666666666667,"Spring","AM","N","W","N","N","Y","N","N","N","N","N","Daylight","Rear End","Wrong Side of Road","Other Motor Vehicle","N","N","N","N"
5726329,"N","Y","Injury (Complaint of Pain)","N",2012,16.4166666666667,"Spring","PM","N","Th","N","N","Y","N","N","N","N","N","Daylight","Broadside","Pedestrian Violation","Other Motor Vehicle","N","N","N","N"
5726361,"N","Y","PDO (property damage only)","N",2012,7.83333333333333,"Summer","AM","N","M","N","N","Y","N","N","N","N","N","Daylight","Hit Object","Automobile Right of Way","Fixed Object","N","N","N","N"
5726362,"N","Y","Injury (Complaint of Pain)","N",2012,15.8333333333333,"Spring","PM","N","Tu","N","N","Y","N","N","N","N","N","Daylight","Sideswipe","Automobile Right of Way","Other Motor Vehicle","N","N","N","N"
5726373,"N","Y","Injury (Complaint of Pain)","N",2012,0.833333333333333,"Spring","N","Y","Su","N","N","Y","N","N","N","N","N","Dark - Street Lights","Hit Object","Wrong Side of Road","Fixed Object","N","N","N","N"
5726393,"N","Y","Injury (Complaint of Pain)","N",2012,23.75,"Summer","N","Y","W","N","N","Y","N","N","N","N","Y","Dark - Street Lights","Hit Object","Code 20","Other Object","N","N","N","N"
5727688,"N","Y","PDO (property damage only)","N",2012,17,"Summer","PM","N","F","N","N","Y","N","N","N","N","N","Daylight","Broadside","Pedestrian Violation","Other Motor Vehicle","N","N","N","N"
5727700,"N","Y","Injury (Complaint of Pain)","N",2012,17.5833333333333,"Summer","PM","N","M","N","N","Y","N","N","N","N","N","Daylight","Broadside","Pedestrian Violation","Other Motor Vehicle","N","N","N","N"
5727712,"N","Y","Injury (Complaint of Pain)","N",2012,23.4166666666667,"Summer","N","Y","Sa","Y","N","Y","N","N","N","N","N","Dark - Street Lights","Head-On","Pedestrian Violation","Motor Vehicle on Other Roadway","N","N","N","N"
5727895,"N","Y","PDO (property damage only)","N",2012,7.25,"Summer","AM","N","F","N","N","Y","N","N","N","N","N","Daylight","Sideswipe","Improper Turning","Other Motor Vehicle","N","N","N","N"
5729338,"N","Y","Injury (Complaint of Pain)","N",2012,14.3333333333333,"Summer","N","N","W","Y","N","Y","N","N","N","N","N","Daylight","Sideswipe","Pedestrian Violation","Other Motor Vehicle","N","N","N","N"
5729345,"N","Y","PDO (property damage only)","N",2012,14,"Summer","N","N","Tu","Y","N","Y","N","N","N","N","N","Daylight","Broadside","Pedestrian Violation","Other Motor Vehicle","N","N","N","N"
5729970,"N","Y","PDO (property damage only)","N",2012,16.5833333333333,"Summer","N","N","Sa","N","Y","Y","N","N","N","N","N","Daylight","Rear End","Wrong Side of Road","Other Motor Vehicle","N","N","N","N"
5730203,"N","Y","Injury (Complaint of Pain)","N",2012,23.3333333333333,"Summer","N","Y","M","N","N","Y","N","N","N","N","N","Dark - Street Lights","Rear End","Wrong Side of Road","Parked Motor Vehicle","N","N","N","N"
5730243,"N","Y","Injury (Complaint of Pain)","N",2012,20.4166666666667,"Summer","N","N","M","Y","N","Y","N","N","N","N","N","Dark - Street Lights","Broadside","Pedestrian Violation","Other Motor Vehicle","N","N","N","N"
5730264,"N","Y","Injury (Complaint of Pain)","N",2012,6.66666666666667,"Summer","N","N","F","N","Y","Y","N","N","N","N","N","Daylight","Overturned","Pedestrian Right of Way","Non-Collision","N","N","N","N"
5730315,"N","Y","Injury (Complaint of Pain)","N",2012,11.75,"Summer","N","N","Th","Y","N","N","Y","N","N","N","N","Daylight","Other","Pedestrian Violation","Other Motor Vehicle","N","N","N","N"
5730346,"N","Y","Injury (Complaint of Pain)","N",2012,20.3333333333333,"Summer","N","N","Su","N","N","Y","N","N","N","N","N","Dark - Street Lights","Sideswipe","Automobile Right of Way","Other Motor Vehicle","N","N","N","N"
5730510,"N","Y","Injury (Complaint of Pain)","N",2012,19.5,"Summer","N","N","Su","N","N","Y","N","N","N","N","N","Daylight","Broadside","Pedestrian Violation","Other Motor Vehicle","N","N","N","N"
5730544,"N","Y","Injury (Other Visible)","N",2012,23.0833333333333,"Summer","N","Y","Tu","N","N","Y","N","N","N","N","N","Dark - Street Lights","Rear End","Wrong Side of Road","Other Motor Vehicle","N","N","N","N"
5730547,"N","Y","PDO (property damage only)","N",2012,7.91666666666667,"Summer","AM","N","Th","Y","N","N","Y","N","N","N","Y","Daylight","Hit Object","Code 20","Fixed Object","N","N","N","N"
5730726,"N","Y","PDO (property damage only)","N",2012,15.55,"Summer","PM","N","F","N","Y","Y","N","N","N","N","N","Daylight","Rear End","Wrong Side of Road","Other Motor Vehicle","N","N","N","N"
5730769,"N","Y","PDO (property damage only)","N",2012,16.3,"Summer","N","N","Su","N","Y","Y","N","N","N","N","N","Daylight","Rear End","Wrong Side of Road","Other Motor Vehicle","N","N","N","N"
5731543,"N","Y","PDO (property damage only)","N",2012,15.8333333333333,"Summer","PM","N","F","N","N","Y","N","N","N","N","N","Daylight","Broadside","Pedestrian Right of Way","Other Motor Vehicle","N","N","N","N"
5731563,"N","Y","PDO (property damage only)","N",2012,16.25,"Summer","N","N","Sa","Y","N","Y","N","N","N","N","N","Daylight","Other","Automobile Right of Way","Non-Collision","N","N","N","N"
5732598,"N","Y","PDO (property damage only)","N",2012,15.8333333333333,"Summer","PM","N","W","N","N","Y","N","N","N","N","N","Daylight","Broadside","Pedestrian Violation","Other Motor Vehicle","N","N","N","N"
5733201,"N","Y","Injury (Complaint of Pain)","N",2012,20.25,"Summer","N","N","M","N","Y","Y","N","N","N","N","N","Dusk or Dawn","Hit Object","Pedestrian Right of Way","Fixed Object","N","N","N","N"
5733218,"N","Y","Injury (Complaint of Pain)","N",2012,10.4166666666667,"Summer","N","N","W","N","Y","Y","N","N","N","N","N","Daylight","Sideswipe","Automobile Right of Way","Other Motor Vehicle","N","N","N","N"
5733292,"N","Y","Injury (Complaint of Pain)","N",2012,7.66666666666667,"Spring","AM","N","M","N","N","N","Y","N","N","N","N","Daylight","Rear End","Improper Passing","Other Motor Vehicle","N","N","N","N"
5733298,"N","Y","Injury (Complaint of Pain)","N",2012,15.8333333333333,"Summer","PM","N","Th","Y","N","Y","N","N","N","N","N","Daylight","Sideswipe","Pedestrian Violation","Other Motor Vehicle","N","N","N","N"
5733327,"N","Y","Injury (Other Visible)","N",2012,18.3333333333333,"Summer","PM","N","Tu","N","N","Y","N","N","N","N","N","Daylight","Rear End","Wrong Side of Road","Other Motor Vehicle","N","N","N","N"
5733342,"N","Y","PDO (property damage only)","N",2012,17,"Summer","PM","N","M","N","N","Y","N","N","N","N","N","Daylight","Rear End","Wrong Side of Road","Other Motor Vehicle","N","N","N","N"
5733347,"N","Y","Injury (Other Visible)","N",2012,18.0833333333333,"Summer","PM","N","F","N","N","Y","N","N","N","N","N","Daylight","Sideswipe","Driving or Bicycling Under the Influence of Alcohol or Drug","Other Motor Vehicle","N","N","N","N"
5733354,"N","Y","Injury (Other Visible)","N",2012,22.5,"Summer","N","N","F","Y","N","Y","N","N","N","N","N","Dark - Street Lights","Broadside","Pedestrian Violation","Other Motor Vehicle","N","N","N","N"
5733421,"N","Y","PDO (property damage only)","N",2012,20.6666666666667,"Summer","N","N","Su","N","N","Y","N","N","N","N","N","Dark - Street Lights","Broadside","Pedestrian Right of Way","Other Motor Vehicle","N","N","N","N"
5734251,"N","Y","PDO (property damage only)","N",2012,18.1666666666667,"Summer","PM","N","Tu","N","N","Y","N","N","N","N","Y","Daylight","Sideswipe","Automobile Right of Way","Other Motor Vehicle","N","N","N","N"
5734267,"N","Y","PDO (property damage only)","N",2012,16,"Summer","PM","N","M","Y","N","Y","N","N","N","N","N","Daylight","Broadside","Pedestrian Violation","Other Motor Vehicle","N","N","N","N"
5734296,"N","Y","Injury (Other Visible)","N",2012,11.0833333333333,"Summer","N","N","Su","N","N","Y","N","N","N","N","N","Daylight","Broadside","Pedestrian Right of Way","Other Motor Vehicle","N","N","N","N"
5734398,"N","Y","Injury (Other Visible)","N",2012,16,"Summer","N","N","Su","Y","N","Y","N","N","N","N","N","Daylight","Broadside","Unsafe Lane Change","Bicycle","N","N","N","Y"
5734683,"N","Y","Injury (Complaint of Pain)","N",2012,17.8333333333333,"Summer","PM","N","F","Y","N","Y","N","N","N","N","N","Daylight","Broadside","Pedestrian Violation","Other Motor Vehicle","N","N","N","N"
5734737,"N","Y","PDO (property damage only)","N",2012,21.5,"Summer","N","N","F","Y","N","Y","N","N","N","N","N","Dark - Street Lights","Sideswipe","Lights","Other Motor Vehicle","N","N","N","N"
5734852,"N","Y","Injury (Complaint of Pain)","N",2012,5.66666666666667,"Spring","N","N","F","Y","N","N","N","Y","N","Y","N","Dusk or Dawn","Broadside","Lights","Other Motor Vehicle","N","N","N","N"
5735449,"N","Y","Injury (Complaint of Pain)","N",2012,14.4166666666667,"Summer","N","N","Su","N","Y","Y","N","N","N","N","N","Daylight","Other","Code 20","Other Object","N","N","N","N"
5735461,"N","Y","PDO (property damage only)","N",2012,18.75,"Summer","N","N","Sa","N","N","Y","N","N","N","N","N","Daylight","Rear End","Wrong Side of Road","Other Motor Vehicle","N","N","N","N"
5735606,"N","Y","Injury (Complaint of Pain)","N",2012,17.6333333333333,"Summer","PM","N","F","N","Y","Y","N","N","N","N","N","Daylight","Sideswipe","Wrong Side of Road","Other Motor Vehicle","N","N","N","N"
5735914,"N","N","Injury (Complaint of Pain)","N",2012,0.166666666666667,"Summer","N","Y","F","N","Y","Y","N","N","N","N","N","Dark - Street Lights","Rear End","Unsafe Speed","Other Motor Vehicle","Y","N","N","N"
5736404,"N","Y","PDO (property damage only)","N",2012,13.25,"Summer","N","N","F","N","N","Y","N","N","N","N","N","Daylight","Head-On","Wrong Side of Road","Other Object","N","N","N","N"
5737206,"N","Y","Injury (Complaint of Pain)","N",2012,8.25,"Spring","AM","N","Tu","N","N","Y","N","N","N","N","N","Daylight","Other","Wrong Side of Road","Other Motor Vehicle","N","N","N","N"
5737230,"N","Y","Injury (Complaint of Pain)","N",2012,17.25,"Spring","PM","N","Tu","N","N","Y","N","N","N","N","N","Daylight","Overturned","Wrong Side of Road","Fixed Object","N","N","N","N"
5738037,"N","Y","Injury (Complaint of Pain)","N",2012,22.1666666666667,"Summer","N","N","Th","N","Y","Y","N","N","N","N","N","Dark - Street Lights","Overturned","Wrong Side of Road","Non-Collision","N","N","N","N"
5738094,"N","Y","Injury (Complaint of Pain)","N",2012,22.6666666666667,"Summer","N","N","M","N","Y","Y","N","N","N","N","N","Dark - Street Lights","Rear End","Wrong Side of Road","Other Motor Vehicle","N","N","N","N"
5738292,"N","N","PDO (property damage only)","N",2012,9,"Summer","AM","N","Th","N","Y","N","Y","N","N","N","N","Daylight","Sideswipe","Pedestrian Right of Way","Other Motor Vehicle","N","N","N","N"
5738296,"N","Y","Injury (Complaint of Pain)","N",2012,14.6666666666667,"Summer","N","N","W","N","Y","Y","N","N","N","N","N","Daylight","Sideswipe","Automobile Right of Way","Other Motor Vehicle","N","N","N","N"
5738302,"N","Y","Injury (Complaint of Pain)","N",2012,16.4166666666667,"Summer","PM","N","M","N","Y","Y","N","N","N","N","N","Daylight","Rear End","Wrong Side of Road","Other Motor Vehicle","N","N","N","N"
5738717,"N","Y","Injury (Other Visible)","N",2012,15.9,"Summer","N","N","Sa","N","Y","Y","N","N","N","N","N","Daylight","Hit Object","Code 20","Other Object","N","N","N","N"
5740667,"N","Y","Injury (Other Visible)","N",2012,9.25,"Summer","N","N","Su","Y","N","Y","N","N","N","N","N","Daylight","Broadside","Lights","Other Motor Vehicle","N","N","N","N"
5740672,"N","Y","PDO (property damage only)","N",2012,13.8333333333333,"Summer","N","N","Sa","N","N","Y","N","N","N","N","N","Daylight","Hit Object","Code 19","Fixed Object","N","N","N","N"
5740722,"N","Y","PDO (property damage only)","N",2012,10.0833333333333,"Summer","N","N","Sa","N","N","Y","N","N","N","N","N","Daylight","Sideswipe","Automobile Right of Way","Other Motor Vehicle","N","N","N","N"
5740738,"N","Y","Injury (Complaint of Pain)","N",2012,16.1666666666667,"Summer","N","N","Sa","N","N","Y","N","N","N","N","N","Daylight","Rear End","Improper Passing","Other Motor Vehicle","N","N","N","N"
5740770,"N","Y","Injury (Complaint of Pain)","N",2012,13,"Summer","N","N","F","N","N","Y","N","N","N","N","N","Daylight","Sideswipe","Driving or Bicycling Under the Influence of Alcohol or Drug","Other Motor Vehicle","N","N","N","N"
5740778,"N","Y","Injury (Complaint of Pain)","N",2012,8.41666666666667,"Summer","AM","N","F","N","N","Y","N","N","N","N","N","Daylight","Sideswipe","Automobile Right of Way","Other Motor Vehicle","N","N","N","N"
5740797,"N","Y","Injury (Complaint of Pain)","N",2012,14.5833333333333,"Summer","N","N","Sa","N","N","Y","N","N","N","N","Y","Daylight","Sideswipe","Wrong Side of Road","Other Motor Vehicle","N","N","Y","N"
5740884,"N","Y","Injury (Complaint of Pain)","N",2012,10.6666666666667,"Summer","N","N","Tu","N","N","Y","N","N","N","N","N","Daylight","Sideswipe","Improper Turning","Other Motor Vehicle","N","N","N","N"
5740888,"N","Y","Injury (Complaint of Pain)","N",2012,21.25,"Summer","N","N","M","Y","N","Y","N","N","N","N","N","Dark - Street Lights","Head-On","Pedestrian Violation","Other Motor Vehicle","N","N","N","N"
5740973,"N","Y","PDO (property damage only)","N",2012,16.3333333333333,"Summer","PM","N","F","Y","N","Y","N","N","N","N","N","Daylight","Broadside","Pedestrian Violation","Other Motor Vehicle","N","N","N","N"
5742386,"N","Y","Injury (Complaint of Pain)","N",2012,16.9166666666667,"Spring","PM","N","F","N","N","Y","N","N","N","N","N","Daylight","Broadside","Pedestrian Violation","Other Motor Vehicle","N","N","N","N"
5743056,"N","Y","Injury (Complaint of Pain)","N",2012,22.25,"Summer","N","N","M","N","N","Y","N","N","N","N","N","Dark - Street Lights","Rear End","Improper Passing","Other Motor Vehicle","N","N","N","N"
5743064,"N","Y","PDO (property damage only)","N",2012,12.5,"Summer","N","N","W","N","N","N","Y","N","N","N","N","Daylight","Hit Object","Improper Turning","Other Object","N","N","N","N"
5743076,"N","Y","Injury (Complaint of Pain)","N",2012,18.1666666666667,"Summer","N","N","Sa","Y","N","Y","N","N","N","N","N","Daylight","Broadside","Unsafe Lane Change","Other Motor Vehicle","N","N","N","N"