"CASE_ID","mc_killed","mc_injured","collision_severity","severe","accident_year","hours_since_midnight","season","rush_hour","late_night","day_of_week","intersection","state_hwy_ind","w_clear","w_cloudy","w_rainy","w_other","road_not_dry","road_condition_issue","lighting","type_of_collision","pcf_viol_category","mviw","alcohol_involved","truck_accident","pedestrian_accident","bicycle_accident"
5743080,"N","Y","Injury (Complaint of Pain)","N",2012,19,"Summer","N","N","Su","Y","N","Y","N","N","N","N","N","Daylight","Broadside","Pedestrian Violation","Other Motor Vehicle","N","N","N","N"
5743098,"N","Y","Injury (Complaint of Pain)","N",2012,14.9166666666667,"Summer","N","N","Tu","N","N","Y","N","N","N","N","N","Daylight","Sideswipe","Automobile Right of Way","Other Motor Vehicle","N","N","N","N"
5743102,"N","Y","PDO (property damage only)","N",2012,23.3333333333333,"Summer","N","Y","W","N","N","N","Y","N","N","Y","N","Dark - Street Lights","Hit Object","Wrong Side of Road","Fixed Object","N","N","N","N"
5743126,"N","Y","Injury (Complaint of Pain)","N",2012,16.3333333333333,"Summer","PM","N","W","N","N","Y","N","N","N","N","N","Daylight","Sideswipe","Automobile Right of Way","Other Motor Vehicle","N","N","N","N"
5743153,"N","N","Injury (Complaint of Pain)","N",2012,13.0833333333333,"Summer","N","N","Tu","Y","N","Y","N","N","N","N","N","Daylight","Other","Pedestrian Violation","Fixed Object","N","N","N","N"
5743162,"N","Y","PDO (property damage only)","N",2012,13.5,"Summer","N","N","M","N","N","Y","N","N","N","N","N","Daylight","Other","Pedestrian Violation","Other Motor Vehicle","N","N","N","N"
5743190,"N","Y","Injury (Complaint of Pain)","N",2012,17.3333333333333,"Summer","PM","N","M","Y","N","Y","N","N","N","N","N","Daylight","Broadside","Pedestrian Violation","Other Motor Vehicle","N","N","N","N"
5743349,"N","Y","Injury (Complaint of Pain)","N",2012,17.5833333333333,"Summer","PM","N","M","N","Y","Y","N","N","N","N","N","Daylight","Rear End","Wrong Side of Road","Other Motor Vehicle","N","N","N","N"
5744162,"N","Y","Injury (Complaint of Pain)","N",2012,19.4166666666667,"Summer","N","N","F","N","Y","Y","N","N","N","N","N","Daylight","Rear End","Wrong Side of Road","Other Motor Vehicle","N","N","N","N"
5744202,"N","Y","Injury (Complaint of Pain)","N",2012,11.6666666666667,"Summer","N","N","Su","N","Y","Y","N","N","N","N","N","Daylight","Overturned","Wrong Side of Road","Non-Collision","N","N","N","N"
5744293,"N","Y","Injury (Complaint of Pain)","N",2012,17.8333333333333,"Summer","PM","N","F","N","Y","Y","N","N","N","N","N","Daylight","Overturned","Wrong Side of Road","Non-Collision","N","N","N","N"
5744414,"N","Y","PDO (property damage only)","N",2012,15.6666666666667,"Summer","PM","N","Th","N","Y","N","Y","N","N","N","N","Daylight","Sideswipe","Automobile Right of Way","Other Motor Vehicle","N","N","N","N"
5744429,"N","Y","Injury (Complaint of Pain)","N",2012,19.0833333333333,"Summer","N","N","F","N","N","Y","N","N","N","N","N","Dark - Street Lights","Hit Object","Wrong Side of Road","Bicycle","N","N","N","Y"
5744457,"N","Y","Injury (Complaint of Pain)","N",2012,0.5,"Summer","N","Y","Su","Y","N","Y","N","N","N","N","N","Dark - Street Lights","Broadside","Pedestrian Violation","Other Motor Vehicle","N","N","N","N"
5744459,"N","Y","PDO (property damage only)","N",2012,8.33333333333333,"Summer","AM","N","W","N","Y","N","Y","N","N","N","N","Daylight","Rear End","Automobile Right of Way","Other Motor Vehicle","N","N","N","N"
5744473,"N","Y","PDO (property damage only)","N",2012,1.41666666666667,"Summer","N","Y","Tu","N","N","Y","N","N","N","N","N","Dark - Street Lights","Broadside","Pedestrian Right of Way","Motor Vehicle on Other Roadway","N","N","N","N"
5744528,"N","Y","PDO (property damage only)","N",2012,10.5,"Spring","N","N","Tu","N","N","Y","N","N","N","N","N","Daylight","Other","Automobile Right of Way","Other Object","N","N","N","N"
5744591,"N","Y","PDO (property damage only)","N",2012,22.3333333333333,"Summer","N","N","Th","N","Y","Y","N","N","N","N","Y","Dark - No Street Lights","Rear End","Wrong Side of Road","Other Motor Vehicle","Y","N","N","N"
5744610,"N","Y","Injury (Other Visible)","N",2012,17.25,"Spring","PM","N","Th","Y","N","Y","N","N","N","N","N","Daylight","Head-On","Pedestrian Violation","Other Motor Vehicle","N","N","N","N"
5744984,"N","Y","PDO (property damage only)","N",2012,22.25,"Summer","N","N","M","N","Y","Y","N","N","N","N","N","Dark - Street Lights","Rear End","Wrong Side of Road","Other Motor Vehicle","Y","N","N","N"
5744985,"N","Y","Injury (Complaint of Pain)","N",2012,2.41666666666667,"Summer","N","Y","Tu","N","Y","Y","N","N","N","N","N","Dark - Street Lights","Overturned","Pedestrian Right of Way","Non-Collision","N","N","N","N"
5745116,"N","Y","Injury (Other Visible)","N",2012,10.8333333333333,"Summer","N","N","W","Y","N","Y","N","N","N","N","N","Daylight","Broadside","Pedestrian Violation","Other Motor Vehicle","N","Y","N","N"
5745135,"N","Y","Injury (Complaint of Pain)","N",2012,15.25,"Summer","N","N","Su","N","Y","Y","N","N","N","N","N","Daylight","Rear End","Automobile Right of Way","Other Motor Vehicle","N","N","N","N"
5745144,"N","Y","PDO (property damage only)","N",2012,19.9666666666667,"Summer","N","N","W","N","Y","Y","N","N","N","N","N","Daylight","Overturned","Pedestrian Right of Way","Non-Collision","N","N","N","N"
5745241,"N","N","Injury (Other Visible)","N",2012,18.75,"Summer","PM","N","F","Y","N","Y","N","N","N","N","N","Dusk or Dawn","Broadside","Unsafe Lane Change","Bicycle","N","N","N","N"
5745252,"N","N","Injury (Complaint of Pain)","N",2012,11,"Summer","N","N","Sa","N","N","Y","N","N","N","N","N","Daylight","Rear End","Wrong Side of Road","Other Motor Vehicle","N","N","N","N"
5745254,"N","Y","Injury (Other Visible)","N",2012,20,"Summer","N","N","F","N","N","Y","N","N","N","N","N","Daylight","Broadside","Pedestrian Violation","Other Motor Vehicle","Y","N","N","N"
5745326,"N","Y","Injury (Complaint of Pain)","N",2012,21,"Summer","N","N","M","N","N","Y","N","N","N","N","N","Dark - Street Lights","Overturned","Unsafe Speed","Fixed Object","Y","N","N","N"
5745327,"N","Y","Injury (Complaint of Pain)","N",2012,15.0833333333333,"Summer","PM","N","Tu","N","N","Y","N","N","N","N","N","Daylight","Rear End","Wrong Side of Road","Other Motor Vehicle","N","N","N","N"
5745629,"N","Y","PDO (property damage only)","N",2012,10.6666666666667,"Spring","N","N","Th","N","N","N","Y","N","N","N","N","Daylight","Sideswipe","Automobile Right of Way","Other Motor Vehicle","N","N","N","N"
5745668,"N","Y","Injury (Complaint of Pain)","N",2012,15.3333333333333,"Summer","PM","N","Tu","N","N","Y","N","N","N","N","N","Daylight","Broadside","Unsafe Starting or Backing","Other Motor Vehicle","N","N","N","N"
5746092,"N","N","PDO (property damage only)","N",2012,12.5,"Summer","N","N","Su","N","N","Y","N","N","N","N","N","Daylight","Sideswipe","Pedestrian Violation","Other Motor Vehicle","N","N","N","N"
5746100,"N","Y","PDO (property damage only)","N",2012,12,"Summer","N","N","Th","N","N","Y","N","N","N","N","N","Daylight","Other","Code 20","Parked Motor Vehicle","N","N","N","N"
5746482,"N","Y","PDO (property damage only)","N",2012,15.6666666666667,"Summer","PM","N","Tu","N","Y","Y","N","N","N","N","N","Daylight","Overturned","Pedestrian Right of Way","Non-Collision","N","N","N","N"
5746487,"N","Y","Injury (Complaint of Pain)","N",2012,15.5,"Summer","N","N","Su","N","N","Y","N","N","N","N","N","Daylight","Rear End","Driving or Bicycling Under the Influence of Alcohol or Drug","Other Motor Vehicle","N","N","N","N"
5746510,"N","Y","Injury (Complaint of Pain)","N",2012,7.83333333333333,"Summer","AM","N","W","Y","N","N","Y","N","N","N","N","Daylight","Head-On","Pedestrian Violation","Other Motor Vehicle","N","N","N","N"
5746525,"N","Y","Injury (Complaint of Pain)","N",2012,0.166666666666667,"Summer","N","Y","Th","N","Y","Y","N","N","N","N","N","Dark - Street Lights","Overturned","Unsafe Speed","Non-Collision","Y","N","N","N"
5746530,"N","Y","Injury (Complaint of Pain)","N",2012,15,"Summer","PM","N","M","Y","N","Y","N","N","N","N","N","Daylight","Other","Pedestrian Right of Way","Fixed Object","N","N","N","N"
5746534,"N","Y","PDO (property damage only)","N",2012,21,"Summer","N","N","Sa","N","N","Y","N","N","N","N","N","Dark - Street Lights","Rear End","Wrong Side of Road","Other Motor Vehicle","N","N","N","N"
5746816,"N","Y","Injury (Complaint of Pain)","N",2012,12.75,"Summer","N","N","Su","Y","N","Y","N","N","N","N","N","Daylight","Broadside","Pedestrian Violation","Other Motor Vehicle","N","N","N","N"
5747046,"N","Y","Injury (Complaint of Pain)","N",2012,13.4166666666667,"Spring","N","N","Th","N","N","Y","N","N","N","N","N","Daylight","Broadside","Pedestrian Violation","Other Motor Vehicle","N","N","N","N"
5747160,"N","N","PDO (property damage only)","N",2012,20.0833333333333,"Summer","N","N","F","Y","N","Y","N","N","N","N","N","Daylight","Vehicle/Pedestrian","Hazardous Parking","Pedestrian","N","N","Y","N"
5747229,"N","Y","Injury (Complaint of Pain)","N",2012,4.33333333333333,"Summer","N","Y","F","Y","Y","Y","N","N","N","Y","N","Dark - Street Lights","Broadside","Pedestrian Violation","Other Motor Vehicle","N","N","N","N"
5747305,"N","Y","PDO (property damage only)","N",2012,16.75,"Spring","PM","N","M","N","N","Y","N","N","N","N","N","Daylight","Sideswipe","Improper Turning","Other Motor Vehicle","N","N","N","N"
5747310,"N","Y","Injury (Complaint of Pain)","N",2012,9,"Spring","AM","N","Th","Y","N","Y","N","N","N","N","N","Daylight","Broadside","Pedestrian Violation","Other Motor Vehicle","N","N","N","N"
5747317,"N","N","PDO (property damage only)","N",2012,18,"Spring","PM","N","Th","N","N","Y","N","N","N","N","N","Daylight","Head-On","Wrong Side of Road","Other Motor Vehicle","N","N","N","N"
5747322,"N","Y","Injury (Other Visible)","N",2012,16.25,"Summer","N","N","Sa","Y","N","Y","N","N","N","N","N","Daylight","Broadside","Pedestrian Violation","Other Motor Vehicle","N","N","N","N"
5747324,"N","Y","Injury (Complaint of Pain)","N",2012,11.5,"Summer","N","N","W","Y","N","Y","N","N","N","N","N","Daylight","Other","Pedestrian Violation","Non-Collision","N","N","N","N"
5747588,"N","Y","Injury (Complaint of Pain)","N",2012,18.75,"Spring","PM","N","W","N","N","Y","N","N","N","N","N","Daylight","Broadside","Pedestrian Right of Way","Other Motor Vehicle","N","N","N","N"
5747820,"N","Y","Injury (Complaint of Pain)","N",2012,12.0833333333333,"Summer","N","N","Th","Y","N","Y","N","N","N","N","N","Daylight","Broadside","Pedestrian Violation","Other Motor Vehicle","N","N","N","N"
5747917,"N","Y","Injury (Complaint of Pain)","N",2012,18.75,"Summer","PM","N","Tu","N","N","Y","N","N","N","N","N","Daylight","Sideswipe","Automobile Right of Way","Other Motor Vehicle","N","N","N","N"
5747940,"N","N","Injury (Complaint of Pain)","N",2012,18.5,"Summer","PM","N","M","N","N","Y","N","N","N","N","N","Daylight","Rear End","Wrong Side of Road","Other Motor Vehicle","N","N","N","N"
5747964,"N","Y","PDO (property damage only)","N",2012,21.4166666666667,"Summer","N","N","F","Y","N","Y","N","N","N","N","N","Dark - Street Lights","Broadside","Pedestrian Right of Way","Other Motor Vehicle","N","N","N","N"
5747968,"N","Y","Injury (Complaint of Pain)","N",2012,14.8333333333333,"Summer","N","N","W","N","N","Y","N","N","N","N","N","Daylight","Broadside","Pedestrian Right of Way","Other Motor Vehicle","N","N","N","N"
5747979,"N","Y","PDO (property damage only)","N",2012,10.0833333333333,"Summer","N","N","F","N","N","N","Y","N","N","N","N","Daylight","Sideswipe","Automobile Right of Way","Other Motor Vehicle","N","N","N","N"
5747991,"N","Y","PDO (property damage only)","N",2012,17.1666666666667,"Summer","PM","N","M","N","N","Y","N","N","N","N","N","Daylight","Rear End","Wrong Side of Road","Other Motor Vehicle","N","N","N","N"
5748797,"N","Y","PDO (property damage only)","N",2012,13.25,"Summer","N","N","Tu","Y","N","Y","N","N","N","N","N","Daylight","Sideswipe","Driving or Bicycling Under the Influence of Alcohol or Drug","Other Motor Vehicle","N","N","N","N"
5749887,"N","Y","Injury (Complaint of Pain)","N",2012,16.6666666666667,"Spring","PM","N","Tu","Y","N","N","Y","N","N","N","N","Daylight","Sideswipe","Unsafe Lane Change","Other Motor Vehicle","N","N","N","N"
5749985,"N","Y","Injury (Complaint of Pain)","N",2012,9.16666666666667,"Summer","N","N","Tu","N","N","Y","N","N","N","N","N","Daylight","Other","Wrong Side of Road","Other Motor Vehicle","N","N","N","N"
5750125,"N","Y","Injury (Complaint of Pain)","N",2012,12.5,"Summer","N","N","M","Y","N","Y","N","N","N","N","N","Daylight","Overturned","Lights","Non-Collision","N","N","N","N"
5750794,"N","Y","Injury (Other Visible)","N",2012,0.25,"Spring","N","Y","M","N","N","Y","N","N","N","N","N","Dark - Street Lights","Broadside","Pedestrian Violation","Other Motor Vehicle","Y","N","N","N"
5750970,"N","Y","PDO (property damage only)","N",2012,11.45,"Summer","N","N","W","N","Y","Y","N","N","N","N","N","Daylight","Overturned","Pedestrian Right of Way","Non-Collision","N","N","N","N"
5750978,"N","Y","Injury (Complaint of Pain)","N",2012,18.3333333333333,"Summer","N","N","Sa","N","Y","Y","N","N","N","N","N","Daylight","Hit Object","Wrong Side of Road","Fixed Object","N","N","N","N"
5751353,"N","Y","Injury (Complaint of Pain)","N",2012,15,"Summer","N","N","Su","Y","N","Y","N","N","N","N","N","Daylight","Broadside","Pedestrian Violation","Other Motor Vehicle","N","N","N","N"
5751720,"N","Y","Injury (Complaint of Pain)","N",2012,17.8333333333333,"Summer","N","N","Su","N","N","Y","N","N","N","N","N","Daylight","Broadside","Pedestrian Violation","Other Motor Vehicle","N","N","N","N"
5751776,"N","Y","Injury (Complaint of Pain)","N",2012,2.63333333333333,"Summer","N","Y","Su","N","Y","Y","N","N","N","N","N","Dark - Street Lights","Sideswipe","Automobile Right of Way","Other Motor Vehicle","N","N","N","N"
5751784,"N","Y","PDO (property damage only)","N",2012,11.6666666666667,"Summer","N","N","Su","N","Y","Y","N","N","N","N","N","Daylight","Overturned","Pedestrian Right of Way","Non-Collision","N","N","N","N"
5751788,"N","Y","Injury (Complaint of Pain)","N",2012,23.8333333333333,"Summer","N","Y","Sa","N","Y","Y","N","N","N","N","N","Dark - Street Lights","Overturned","Automobile Right of Way","Other Motor Vehicle","N","N","N","N"
5751797,"N","Y","Injury (Complaint of Pain)","N",2012,13.8333333333333,"Summer","N","N","F","N","Y","Y","N","N","N","N","N","Daylight","Sideswipe","Automobile Right of Way","Other Motor Vehicle","N","N","N","N"
5751876,"N","Y","Injury (Other Visible)","N",2012,19,"Summer","PM","N","Th","N","N","Y","N","N","N","N","N","Daylight","Broadside","Wrong Side of Road","Other Motor Vehicle","N","N","N","N"
5751888,"N","Y","Injury (Other Visible)","N",2012,14,"Summer","N","N","Su","Y","Y","Y","N","N","N","N","N","Daylight","Sideswipe","Pedestrian Violation","Other Motor Vehicle","N","N","N","N"
5751921,"N","Y","PDO (property damage only)","N",2012,21.5,"Summer","N","N","Sa","N","N","Y","N","N","N","N","N","Dark - Street Lights","Rear End","Wrong Side of Road","Other Motor Vehicle","N","N","N","N"
5751941,"N","Y","Injury (Other Visible)","N",2012,1,"Summer","N","Y","M","N","N","Y","N","N","N","N","N","Dark - Street Lights","Broadside","Pedestrian Right of Way","Other Motor Vehicle","N","N","N","N"
5752506,"N","Y","PDO (property damage only)","N",2012,21.25,"Summer","N","N","F","Y","N","Y","N","N","N","N","N","Dark - Street Lights","Broadside","Pedestrian Violation","Other Motor Vehicle","N","N","N","N"
5753073,"N","Y","PDO (property damage only)","N",2012,12.0833333333333,"Summer","N","N","M","N","N","Y","N","N","N","N","N","Daylight","Broadside","Pedestrian Right of Way","Other Motor Vehicle","N","N","N","N"
5753093,"N","Y","Injury (Complaint of Pain)","N",2012,7.66666666666667,"Summer","AM","N","Th","N","N","Y","N","N","N","N","N","Daylight","Broadside","Pedestrian Violation","Other Motor Vehicle","N","N","N","N"
5753094,"N","Y","Injury (Complaint of Pain)","N",2012,14.4,"Summer","N","N","F","N","Y","Y","N","N","N","N","N","Daylight","Sideswipe","Automobile Right of Way","Other Motor Vehicle","N","N","N","N"
5753173,"N","Y","Injury (Complaint of Pain)","N",2012,17.9166666666667,"Spring","PM","N","Th","N","Y","N","Y","N","N","N","N","Daylight","Sideswipe","Automobile Right of Way","Other Motor Vehicle","N","N","N","N"
5753189,"N","Y","Injury (Other Visible)","N",2012,18.2833333333333,"Spring","PM","N","W","N","Y","Y","N","N","N","N","N","Daylight","Vehicle/Pedestrian","Hazardous Parking","Pedestrian","N","N","Y","N"
5753690,"N","Y","Injury (Complaint of Pain)","N",2012,5,"Summer","N","Y","Tu","N","N","Y","N","N","N","N","N","Dark - Street Lights","Rear End","Wrong Side of Road","Motor Vehicle on Other Roadway","N","N","N","N"
5753723,"N","Y","PDO (property damage only)","N",2012,19.9166666666667,"Summer","N","N","Tu","Y","N","Y","N","N","N","N","N","Dark - Street Lights","Broadside","Wrong Side of Road","Other Motor Vehicle","N","N","N","N"
5753773,"N","Y","Injury (Complaint of Pain)","N",2012,11.25,"Summer","N","N","Sa","N","N","Y","N","N","N","N","N","Daylight","Rear End","Wrong Side of Road","Other Motor Vehicle","N","N","N","N"
5753786,"N","Y","PDO (property damage only)","N",2012,19.8333333333333,"Summer","N","N","Su","N","N","Y","N","N","N","N","N","Daylight","Hit Object","Wrong Side of Road","Fixed Object","Y","N","N","N"
5753817,"N","Y","Injury (Other Visible)","N",2012,13.25,"Summer","N","N","Th","N","N","Y","N","N","N","N","N","Daylight","Broadside","Unsafe Starting or Backing","Other Motor Vehicle","N","N","N","N"
5753929,"N","Y","Injury (Other Visible)","N",2012,21.25,"Summer","N","N","F","Y","N","Y","N","N","N","N","N","Dark - Street Lights","Head-On","Pedestrian Violation","Other Motor Vehicle","N","N","N","N"
5754134,"N","Y","Injury (Complaint of Pain)","N",2012,9.33333333333333,"Spring","N","N","Sa","N","N","Y","N","N","N","N","N","Daylight","Broadside","Pedestrian Violation","Other Motor Vehicle","N","N","N","N"
5754138,"N","Y","Injury (Complaint of Pain)","N",2012,18,"Spring","PM","N","W","N","N","Y","N","N","N","N","N","Daylight","Broadside","Unsafe Lane Change","Other Motor Vehicle","N","N","N","N"
5754158,"N","Y","PDO (property damage only)","N",2012,12.5,"Spring","N","N","Th","N","N","Y","N","N","N","N","N","Daylight","Rear End","Improper Turning","Other Motor Vehicle","N","N","N","N"
5754580,"N","Y","PDO (property damage only)","N",2012,17.3166666666667,"Summer","N","N","Su","Y","N","Y","N","N","N","N","N","Daylight","Broadside","Driving or Bicycling Under the Influence of Alcohol or Drug","Parked Motor Vehicle","N","N","N","N"
5756230,"N","Y","PDO (property damage only)","N",2012,8,"Spring","AM","N","W","N","N","Y","N","N","N","N","N","Daylight","Broadside","Automobile Right of Way","Other Motor Vehicle","N","N","N","N"
5756298,"N","Y","PDO (property damage only)","N",2012,17.5,"Spring","PM","N","W","N","Y","Y","N","N","N","N","N","Daylight","Sideswipe","Pedestrian Right of Way","Other Motor Vehicle","N","N","N","N"
5756336,"N","Y","PDO (property damage only)","N",2012,22.25,"Summer","N","N","Tu","N","N","Y","N","N","N","N","N","Dark - Street Lights","Rear End","Unsafe Starting or Backing","Other Motor Vehicle","N","N","N","N"
5756391,"N","Y","Injury (Complaint of Pain)","N",2012,7.91666666666667,"Summer","AM","N","F","N","Y","Y","N","N","N","N","N","Daylight","Rear End","Automobile Right of Way","Other Motor Vehicle","N","N","N","N"
5756696,"N","Y","Injury (Complaint of Pain)","N",2012,7.58333333333333,"Summer","AM","N","Tu","N","Y","N","Y","N","N","N","N","Daylight","Sideswipe","Automobile Right of Way","Other Motor Vehicle","N","N","N","N"
5757511,"N","Y","Injury (Complaint of Pain)","N",2012,12.75,"Summer","N","N","W","N","N","Y","N","N","N","N","N","Daylight","Broadside","Pedestrian Violation","Other Motor Vehicle","N","N","N","N"
5757516,"N","Y","PDO (property damage only)","N",2012,14,"Summer","N","N","F","N","N","Y","N","N","N","N","N","Daylight","Broadside","Pedestrian Violation","Other Motor Vehicle","N","N","N","N"
5757629,"N","Y","PDO (property damage only)","N",2012,16,"Summer","PM","N","Tu","N","N","Y","N","N","N","N","N","Daylight","Broadside","Pedestrian Right of Way","Other Object","Y","N","N","N"
5757662,"N","Y","PDO (property damage only)","N",2012,18.6666666666667,"Summer","PM","N","M","N","N","Y","N","N","N","N","N","Daylight","Hit Object","Code 19","Parked Motor Vehicle","N","N","N","N"
5757769,"N","Y","PDO (property damage only)","N",2012,16.3333333333333,"Summer","PM","N","W","Y","N","N","Y","N","N","N","Y","Daylight","Other","Code 20","Other Object","N","N","N","N"
5757778,"N","Y","Injury (Other Visible)","N",2012,14.25,"Summer","N","N","M","Y","N","Y","N","N","N","N","N","Daylight","Broadside","Pedestrian Violation","Other Motor Vehicle","N","N","N","N"
5757789,"N","Y","Injury (Complaint of Pain)","N",2012,17.8333333333333,"Summer","N","N","Sa","Y","N","Y","N","N","N","N","N","Daylight","Sideswipe","Pedestrian Right of Way","Other Motor Vehicle","N","N","N","N"
5757857,"N","Y","Injury (Complaint of Pain)","N",2012,21.25,"Summer","N","N","Tu","N","N","Y","N","N","N","N","N","Dark - Street Lights","Rear End","Improper Passing","Other Motor Vehicle","N","N","N","N"
5757894,"N","Y","PDO (property damage only)","N",2012,22.9166666666667,"Summer","N","N","Th","N","N","Y","N","N","N","N","N","Dark - Street Lights","Sideswipe","Automobile Right of Way","Other Motor Vehicle","N","N","N","N"
5758537,"N","Y","Injury (Complaint of Pain)","N",2012,13.3333333333333,"Summer","N","N","F","N","N","Y","N","N","N","N","N","Daylight","Sideswipe","Automobile Right of Way","Other Motor Vehicle","N","N","N","N"
5759416,"N","Y","Injury (Complaint of Pain)","N",2012,11.8333333333333,"Summer","N","N","Tu","N","N","Y","N","N","N","N","N","Daylight","Broadside","Wrong Side of Road","Other Motor Vehicle","N","N","N","N"
5760123,"N","Y","PDO (property damage only)","N",2012,15.3333333333333,"Spring","PM","N","Tu","N","N","Y","N","N","N","N","N","Daylight","Broadside","Improper Turning","Other Motor Vehicle","N","N","N","N"
5760132,"N","Y","PDO (property damage only)","N",2012,7.5,"Spring","N","N","Sa","N","N","Y","N","N","N","N","N","Daylight","Sideswipe","Pedestrian Right of Way","Other Motor Vehicle","N","N","N","N"
5760140,"N","Y","Injury (Complaint of Pain)","N",2012,15.25,"Spring","PM","N","Th","N","N","Y","N","N","N","N","N","Daylight","Broadside","Pedestrian Violation","Other Motor Vehicle","N","N","N","N"
5760412,"N","Y","PDO (property damage only)","N",2012,11.0833333333333,"Summer","N","N","Th","N","N","Y","N","N","N","N","N","Daylight","Other","Pedestrian Violation","Non-Collision","N","N","N","N"
5760416,"N","Y","Injury (Complaint of Pain)","N",2012,9.7,"Summer","N","N","W","N","N","Y","N","N","N","N","N","Daylight","Rear End","Improper Passing","Other Motor Vehicle","N","N","N","N"
5760424,"N","Y","Injury (Complaint of Pain)","N",2012,18.5833333333333,"Summer","PM","N","F","Y","N","Y","N","N","N","N","N","Daylight","Broadside","Pedestrian Violation","Other Motor Vehicle","N","N","N","N"
5760452,"N","Y","PDO (property damage only)","N",2012,23.8333333333333,"Summer","N","Y","F","Y","N","Y","N","N","N","N","N","Dark - Street Lights","Sideswipe","Lights","Other Motor Vehicle","N","N","N","N"
5760509,"N","Y","PDO (property damage only)","N",2012,17.5,"Summer","PM","N","Tu","Y","N","Y","N","N","N","N","N","Daylight","Broadside","Pedestrian Violation","Other Motor Vehicle","N","N","N","N"
5760529,"N","Y","Injury (Complaint of Pain)","N",2012,18.25,"Summer","PM","N","Tu","N","N","Y","N","N","N","N","N","Daylight","Sideswipe","Pedestrian Violation","Other Motor Vehicle","N","N","N","N"
5761658,"N","Y","Injury (Other Visible)","N",2012,17.25,"Fall","N","N","Su","N","N","Y","N","N","N","N","N","Daylight","Hit Object","Wrong Side of Road","Fixed Object","N","N","N","N"
5761853,"N","Y","Injury (Complaint of Pain)","N",2012,14.3333333333333,"Summer","N","N","Th","Y","N","Y","N","N","N","N","N","Daylight","Rear End","Unsafe Starting or Backing","Other Motor Vehicle","N","Y","N","N"
5762114,"N","Y","Injury (Other Visible)","N",2012,11.0833333333333,"Summer","N","N","F","Y","N","Y","N","N","N","N","N","Daylight","Broadside","Pedestrian Violation","Other Motor Vehicle","N","Y","N","N"
5762227,"N","Y","PDO (property damage only)","N",2012,15,"Spring","PM","N","W","N","N","Y","N","N","N","N","N","Daylight","Sideswipe","Improper Turning","Other Motor Vehicle","N","N","N","N"
5763339,"N","Y","Injury (Complaint of Pain)","N",2012,7.5,"Fall","AM","N","M","N","Y","Y","N","N","N","N","N","Daylight","Rear End","Pedestrian Right of Way","Other Motor Vehicle","N","N","N","N"
5763341,"N","Y","PDO (property damage only)","N",2012,18.6,"Fall","PM","N","Tu","N","Y","Y","N","N","N","N","N","Daylight","Hit Object","Wrong Side of Road","Fixed Object","N","N","N","N"
5763369,"N","Y","Injury (Complaint of Pain)","N",2012,10.5833333333333,"Summer","N","N","Tu","N","Y","Y","N","N","N","N","N","Daylight","Overturned","Wrong Side of Road","Fixed Object","N","N","N","N"
5763371,"N","Y","Injury (Complaint of Pain)","N",2012,17.75,"Summer","PM","N","Th","N","Y","Y","N","N","N","N","N","Daylight","Rear End","Wrong Side of Road","Other Motor Vehicle","N","N","N","N"
5763426,"N","Y","Injury (Complaint of Pain)","N",2012,7.66666666666667,"Summer","AM","N","Th","N","Y","Y","N","N","N","N","N","Daylight","Rear End","Automobile Right of Way","Other Motor Vehicle","N","N","N","N"
5765439,"N","Y","PDO (property damage only)","N",2012,20.1666666666667,"Summer","N","N","F","Y","N","Y","N","N","N","N","N","Dark - Street Lights","Broadside","Pedestrian Violation","Other Motor Vehicle","N","N","N","N"
5769846,"N","Y","PDO (property damage only)","N",2012,10.0833333333333,"Summer","N","N","Th","Y","N","Y","N","N","N","N","N","Daylight","Broadside","Pedestrian Violation","Other Motor Vehicle","N","N","N","N"
5769875,"N","Y","PDO (property damage only)","N",2012,6.75,"Summer","N","N","W","N","Y","Y","N","N","N","N","N","Daylight","Sideswipe","Automobile Right of Way","Other Motor Vehicle","N","N","N","N"
5770050,"N","Y","Injury (Complaint of Pain)","N",2012,16.6666666666667,"Summer","PM","N","Th","N","Y","Y","N","N","N","N","N","Daylight","Sideswipe","Wrong Side of Road","Other Motor Vehicle","N","N","N","N"
5770309,"N","Y","Injury (Other Visible)","N",2012,16.25,"Fall","N","N","Sa","Y","N","Y","N","N","N","N","N","Daylight","Broadside","Pedestrian Violation","Other Motor Vehicle","N","N","N","N"
5771425,"N","Y","Injury (Other Visible)","N",2012,6.16666666666667,"Summer","N","N","Th","Y","N","Y","N","N","N","N","N","Dusk or Dawn","Broadside","Pedestrian Violation","Other Motor Vehicle","N","N","N","N"
5771988,"N","Y","Injury (Other Visible)","N",2012,1.41666666666667,"Summer","N","Y","Su","Y","N","Y","N","N","N","N","N","Dark - Street Lights","Broadside","Pedestrian Violation","Other Object","N","N","N","N"
5772547,"N","Y","Injury (Complaint of Pain)","N",2012,19,"Summer","PM","N","Th","Y","N","Y","N","N","N","N","N","Daylight","Sideswipe","Automobile Right of Way","Other Motor Vehicle","N","N","N","N"