"CASE_ID","mc_killed","mc_injured","collision_severity","severe","accident_year","hours_since_midnight","season","rush_hour","late_night","day_of_week","intersection","state_hwy_ind","w_clear","w_cloudy","w_rainy","w_other","road_not_dry","road_condition_issue","lighting","type_of_collision","pcf_viol_category","mviw","alcohol_involved","truck_accident","pedestrian_accident","bicycle_accident"
5808471,"N","Y","Injury (Complaint of Pain)","N",2012,21.0833333333333,"Summer","N","N","Th","N","N","Y","N","N","N","N","N","Dark - Street Lights","Broadside","Pedestrian Violation","Other Motor Vehicle","N","N","N","N"
5808591,"N","Y","Injury (Complaint of Pain)","N",2012,11.3333333333333,"Summer","N","N","Th","N","N","Y","N","N","N","N","N","Daylight","Sideswipe","Automobile Right of Way","Other Motor Vehicle","N","N","N","N"
5809287,"N","Y","Injury (Complaint of Pain)","N",2012,12.8333333333333,"Fall","N","N","Tu","N","N","Y","N","N","N","N","N","Daylight","Rear End","Wrong Side of Road","Other Motor Vehicle","N","N","N","N"
5809327,"N","Y","PDO (property damage only)","N",2012,7.83333333333333,"Fall","AM","N","M","N","N","Y","N","N","N","N","N","Daylight","Sideswipe","Code 19","Other Motor Vehicle","N","N","N","N"
5809381,"N","Y","Injury (Other Visible)","N",2012,17.1666666666667,"Summer","PM","N","M","N","N","Y","N","N","N","N","N","Daylight","Sideswipe","Pedestrian Violation","Other Motor Vehicle","N","N","N","N"
5809862,"N","Y","Injury (Complaint of Pain)","N",2012,18.5,"Summer","PM","N","Tu","N","N","Y","N","N","N","N","N","Dusk or Dawn","Head-On","Unsafe Lane Change","Other Motor Vehicle","N","N","N","N"
5810094,"N","Y","Injury (Complaint of Pain)","N",2012,15.75,"Summer","PM","N","M","N","N","Y","N","N","N","N","N","Daylight","Broadside","Wrong Side of Road","Other Motor Vehicle","N","N","N","N"
5810111,"N","Y","Injury (Other Visible)","N",2012,11.5,"Summer","N","N","Su","N","Y","Y","N","N","N","N","N","Daylight","Rear End","Wrong Side of Road","Other Motor Vehicle","N","N","N","N"
5810145,"N","Y","PDO (property damage only)","N",2012,22.8333333333333,"Summer","N","N","M","Y","N","Y","N","N","N","N","Y","Dark - Street Lights","Hit Object","Wrong Side of Road","Other Object","N","N","N","N"
5810515,"N","Y","PDO (property damage only)","N",2012,12.4166666666667,"Summer","N","N","W","N","N","Y","N","N","N","N","N","Daylight","Broadside","Pedestrian Violation","Other Motor Vehicle","N","N","N","N"
5810519,"N","Y","Injury (Complaint of Pain)","N",2012,2.83333333333333,"Summer","N","Y","W","Y","N","Y","N","N","N","N","N","Dark - Street Lights","Sideswipe","Pedestrian Violation","Other Motor Vehicle","N","N","N","N"
5810523,"N","Y","PDO (property damage only)","N",2012,18.75,"Summer","PM","N","Th","N","N","Y","N","N","N","N","N","Dusk or Dawn","Broadside","Code 19","Other Motor Vehicle","N","N","N","N"
5810571,"N","Y","Injury (Complaint of Pain)","N",2012,17.25,"Summer","PM","N","F","N","N","Y","N","N","N","N","N","Daylight","Broadside","Pedestrian Violation","Other Motor Vehicle","N","N","N","N"
5810610,"N","Y","Injury (Complaint of Pain)","N",2012,19.5,"Summer","N","N","Sa","N","N","N","Y","N","N","N","N","Dark - Street Lights","Hit Object","Wrong Side of Road","Fixed Object","N","N","N","N"
5811000,"N","Y","Injury (Complaint of Pain)","N",2012,9.33333333333333,"Fall","N","N","M","N","N","Y","N","N","N","N","N","Daylight","Rear End","Improper Passing","Other Motor Vehicle","N","N","N","N"
5811419,"N","Y","Injury (Complaint of Pain)","N",2012,14,"Summer","N","N","W","N","N","Y","N","N","N","N","N","Daylight","Rear End","Wrong Side of Road","Other Motor Vehicle","N","N","N","N"
5811453,"N","Y","PDO (property damage only)","N",2012,11.8333333333333,"Summer","N","N","Su","Y","N","Y","N","N","N","N","N","Daylight","Broadside","Code 19","Other Motor Vehicle","N","N","N","N"
5811508,"N","Y","PDO (property damage only)","N",2012,17.9166666666667,"Summer","PM","N","Th","N","N","Y","N","N","N","N","N","Dark - Street Lights","Broadside","Automobile Right of Way","Other Motor Vehicle","N","N","N","N"
5811677,"N","Y","Injury (Complaint of Pain)","N",2012,18.1666666666667,"Fall","PM","N","Th","N","Y","Y","N","N","N","N","N","Daylight","Sideswipe","Automobile Right of Way","Other Motor Vehicle","N","N","N","N"
5811805,"N","Y","Injury (Complaint of Pain)","N",2012,8.26666666666667,"Summer","AM","N","M","N","Y","Y","N","N","N","N","N","Daylight","Sideswipe","Automobile Right of Way","Other Motor Vehicle","N","N","N","N"
5812561,"N","Y","Injury (Complaint of Pain)","N",2012,9,"Summer","AM","N","Th","Y","N","Y","N","N","N","N","N","Daylight","Sideswipe","Automobile Right of Way","Other Motor Vehicle","N","N","N","N"
5812606,"N","Y","Injury (Complaint of Pain)","N",2012,0.5,"Fall","N","Y","Tu","N","Y","Y","N","N","N","N","N","Dark - Street Lights","Overturned","Unsafe Speed","Non-Collision","Y","N","N","N"
5812609,"N","Y","Injury (Complaint of Pain)","N",2012,0.0833333333333333,"Fall","N","Y","W","N","Y","Y","N","N","N","N","N","Dark - No Street Lights","Hit Object","Pedestrian Right of Way","Fixed Object","N","N","N","N"
5812635,"N","Y","Injury (Other Visible)","N",2012,7.66666666666667,"Fall","AM","N","Tu","N","Y","Y","N","N","N","N","N","Daylight","Sideswipe","Wrong Side of Road","Other Motor Vehicle","N","N","N","N"
5812636,"N","Y","Injury (Complaint of Pain)","N",2012,20.0833333333333,"Fall","N","N","Su","N","Y","Y","N","N","N","N","N","Dark - Street Lights","Rear End","Wrong Side of Road","Other Motor Vehicle","N","N","N","N"
5812984,"N","Y","Injury (Complaint of Pain)","N",2012,8.41666666666667,"Summer","AM","N","W","N","N","Y","N","N","N","N","N","Daylight","Broadside","Pedestrian Right of Way","Other Motor Vehicle","N","N","N","N"
5813012,"N","Y","Injury (Complaint of Pain)","N",2012,6.66666666666667,"Summer","N","N","Su","N","N","Y","N","N","N","N","N","Daylight","Other","Wrong Side of Road","Other Object","N","N","N","N"
5813264,"N","Y","Injury (Complaint of Pain)","N",2012,6.83333333333333,"Summer","N","N","W","N","N","Y","N","N","N","N","N","Daylight","Broadside","Pedestrian Violation","Other Motor Vehicle","N","N","N","N"
5813370,"N","Y","Injury (Other Visible)","N",2012,14,"Summer","N","N","W","N","N","Y","N","N","N","N","N","Daylight","Other","Driving or Bicycling Under the Influence of Alcohol or Drug","Other Object","N","N","N","N"
5813535,"N","Y","PDO (property damage only)","N",2012,9.5,"Summer","N","N","W","N","Y","Y","N","N","N","N","N","Daylight","Sideswipe","Automobile Right of Way","Other Motor Vehicle","N","N","N","N"
5813540,"N","Y","PDO (property damage only)","N",2012,18.5833333333333,"Summer","PM","N","M","N","Y","Y","N","N","N","N","N","Daylight","Sideswipe","Automobile Right of Way","Other Motor Vehicle","N","N","N","N"
5813544,"N","Y","Injury (Complaint of Pain)","N",2012,7.5,"Summer","AM","N","Tu","N","Y","Y","N","N","N","N","N","Daylight","Overturned","Wrong Side of Road","Non-Collision","N","N","N","N"
5813681,"N","N","PDO (property damage only)","N",2012,8.75,"Summer","AM","N","Tu","N","Y","Y","N","N","N","N","N","Daylight","Sideswipe","Automobile Right of Way","Other Motor Vehicle","N","N","N","N"
5813722,"N","Y","Injury (Complaint of Pain)","N",2012,8.5,"Summer","AM","N","Th","N","Y","Y","N","N","N","N","N","Daylight","Sideswipe","Impeding Traffic","Other Motor Vehicle","N","N","N","N"
5817456,"N","Y","PDO (property damage only)","N",2012,13.75,"Fall","N","N","Tu","N","N","Y","N","N","N","N","N","Daylight","Sideswipe","Pedestrian Violation","Other Motor Vehicle","N","N","N","N"
5819381,"N","Y","Injury (Complaint of Pain)","N",2012,13.9166666666667,"Summer","N","N","M","N","N","Y","N","N","N","N","N","Daylight","Broadside","Pedestrian Violation","Other Motor Vehicle","N","N","N","N"
5819397,"N","Y","Injury (Complaint of Pain)","N",2012,16.5,"Summer","PM","N","M","Y","N","Y","N","N","N","N","N","Daylight","Head-On","Pedestrian Violation","Other Motor Vehicle","N","N","N","N"
5819463,"N","Y","PDO (property damage only)","N",2012,15,"Summer","PM","N","F","N","N","Y","N","N","N","N","N","Daylight","Sideswipe","Improper Turning","Other Motor Vehicle","N","N","N","N"
5819476,"N","Y","Injury (Complaint of Pain)","N",2012,10.75,"Summer","N","N","Su","N","N","Y","N","N","N","N","N","Daylight","Hit Object","Pedestrian Right of Way","Fixed Object","N","N","N","N"
5819765,"N","Y","Injury (Complaint of Pain)","N",2012,22.3333333333333,"Summer","N","N","Tu","N","Y","Y","N","N","N","N","N","Dark - Street Lights","Sideswipe","Automobile Right of Way","Other Motor Vehicle","N","N","N","N"
5819809,"N","Y","Injury (Complaint of Pain)","N",2012,11.8333333333333,"Summer","N","N","F","N","Y","Y","N","N","N","N","N","Daylight","Rear End","Automobile Right of Way","Other Motor Vehicle","N","N","N","N"
5819834,"N","Y","Injury (Complaint of Pain)","N",2012,13.25,"Summer","N","N","Su","N","Y","Y","N","N","N","N","N","Daylight","Overturned","Wrong Side of Road","Non-Collision","N","N","N","N"
5821062,"N","Y","Injury (Complaint of Pain)","N",2012,20.3333333333333,"Fall","N","N","Tu","N","N","Y","N","N","N","N","N","Dark - Street Lights","Broadside","Pedestrian Violation","Other Motor Vehicle","N","N","N","N"
5821266,"N","Y","Injury (Other Visible)","N",2012,12.6666666666667,"Summer","N","N","W","Y","N","Y","N","N","N","N","N","Daylight","Other","Pedestrian Violation","Other Motor Vehicle","N","N","N","N"
5821342,"N","Y","PDO (property damage only)","N",2012,18.5,"Summer","PM","N","W","N","N","N","Y","N","N","N","N","Daylight","Other","Code 20","Animal","N","N","N","N"
5821514,"N","Y","PDO (property damage only)","N",2012,16.5833333333333,"Fall","PM","N","M","N","Y","N","Y","N","N","N","N","Daylight","Sideswipe","Pedestrian Right of Way","Other Motor Vehicle","N","N","N","N"
5821528,"N","Y","Injury (Other Visible)","N",2012,8.41666666666667,"Fall","AM","N","Th","N","Y","N","Y","N","N","N","N","Daylight","Sideswipe","Automobile Right of Way","Other Motor Vehicle","N","N","N","N"
5821532,"N","Y","PDO (property damage only)","N",2012,9.66666666666667,"Fall","N","N","Tu","N","Y","Y","N","N","N","N","N","Daylight","Sideswipe","Automobile Right of Way","Other Motor Vehicle","N","N","N","N"
5821540,"N","Y","Injury (Complaint of Pain)","N",2012,7.16666666666667,"Fall","AM","N","M","N","Y","Y","N","N","N","N","N","Daylight","Sideswipe","Automobile Right of Way","Non-Collision","N","N","N","N"
5821557,"N","Y","Injury (Complaint of Pain)","N",2012,15.5,"Fall","PM","N","W","N","N","Y","N","N","N","N","N","Daylight","Sideswipe","Automobile Right of Way","Other Motor Vehicle","N","N","N","N"
5821561,"N","Y","Injury (Complaint of Pain)","N",2012,18.5,"Fall","PM","N","W","N","N","Y","N","N","N","N","N","Dusk or Dawn","Sideswipe","Pedestrian Violation","Other Motor Vehicle","N","N","N","N"
5821569,"N","Y","PDO (property damage only)","N",2012,18.6166666666667,"Fall","PM","N","Tu","N","N","Y","N","N","N","Y","Y","Dusk or Dawn","Other","Wrong Side of Road","Non-Collision","N","N","N","N"
5823284,"N","Y","PDO (property damage only)","N",2012,12.25,"Fall","N","N","M","N","Y","Y","N","N","N","N","N","Daylight","Broadside","Pedestrian Violation","Other Motor Vehicle","N","N","N","N"
5823300,"N","Y","Injury (Complaint of Pain)","N",2012,16.4166666666667,"Fall","PM","N","Th","N","N","Y","N","N","N","N","N","Daylight","Sideswipe","Unsafe Lane Change","Other Motor Vehicle","N","N","N","N"
5823308,"N","Y","PDO (property damage only)","N",2012,15,"Fall","N","N","Su","N","N","Y","N","N","N","N","N","Daylight","Rear End","Improper Passing","Other Motor Vehicle","N","N","N","N"
5823452,"N","Y","PDO (property damage only)","N",2012,19.3333333333333,"Fall","N","N","Tu","N","N","Y","N","N","N","N","N","Daylight","Rear End","Wrong Side of Road","Other Motor Vehicle","N","N","N","N"
5824307,"N","Y","Injury (Other Visible)","N",2012,11,"Summer","N","N","Sa","N","N","Y","N","N","N","N","N","Daylight","Broadside","Pedestrian Violation","Other Motor Vehicle","N","N","N","N"
5824665,"N","Y","Injury (Other Visible)","N",2012,20.6666666666667,"Summer","N","N","F","N","N","Y","N","N","N","N","N","Dark - Street Lights","Rear End","Wrong Side of Road","Other Motor Vehicle","N","N","N","N"
5824746,"N","Y","Injury (Other Visible)","N",2012,21,"Summer","N","N","M","N","N","Y","N","N","N","N","N","Dark - Street Lights","Broadside","Pedestrian Violation","Other Motor Vehicle","N","N","N","N"
5824782,"N","Y","Injury (Other Visible)","N",2012,2.11666666666667,"Summer","N","Y","Su","N","Y","Y","N","N","N","N","N","Dark - Street Lights","Overturned","Unsafe Speed","Non-Collision","Y","N","N","N"
5826612,"N","N","PDO (property damage only)","N",2012,19.5,"Summer","N","N","Sa","N","N","Y","N","N","N","N","N","Daylight","Rear End","Improper Passing","Other Motor Vehicle","N","N","N","N"
5826631,"N","Y","Injury (Complaint of Pain)","N",2012,19.6666666666667,"Summer","N","N","M","Y","N","Y","N","N","N","N","N","Daylight","Broadside","Wrong Side of Road","Other Motor Vehicle","N","N","N","N"
5826688,"N","Y","PDO (property damage only)","N",2012,15.8333333333333,"Summer","PM","N","F","Y","N","Y","N","N","N","N","N","Daylight","Head-On","Pedestrian Violation","Other Motor Vehicle","N","N","N","N"
5826770,"N","Y","Injury (Complaint of Pain)","N",2012,12.6666666666667,"Summer","N","N","F","N","Y","Y","N","N","N","N","N","Daylight","Overturned","Wrong Side of Road","Non-Collision","N","N","N","N"
5827079,"N","Y","Injury (Complaint of Pain)","N",2012,17.0833333333333,"Spring","N","N","Su","N","N","Y","N","N","N","N","N","Daylight","Broadside","Pedestrian Violation","Other Motor Vehicle","N","N","N","N"
5827360,"N","N","Injury (Complaint of Pain)","N",2012,14,"Summer","N","N","Su","N","N","Y","N","N","N","N","N","Daylight","Rear End","Wrong Side of Road","Other Motor Vehicle","N","N","N","N"
5827481,"N","Y","Injury (Complaint of Pain)","N",2012,18.25,"Summer","PM","N","Tu","Y","N","Y","N","N","N","N","N","Daylight","Broadside","Pedestrian Violation","Other Motor Vehicle","N","N","N","N"
5828836,"N","Y","Injury (Other Visible)","N",2012,14.8333333333333,"Fall","N","N","Tu","Y","N","Y","N","N","N","N","N","Daylight","Broadside","Pedestrian Violation","Other Motor Vehicle","N","N","N","N"
5828848,"N","Y","PDO (property damage only)","N",2012,6,"Fall","N","N","M","N","N","Y","N","N","N","N","N","Daylight","Hit Object","Code 20","Fixed Object","N","N","N","N"
5828859,"N","Y","Injury (Complaint of Pain)","N",2012,19.5833333333333,"Fall","N","N","Th","N","Y","Y","N","N","N","N","N","Daylight","Sideswipe","Automobile Right of Way","Other Motor Vehicle","N","N","N","N"
5829089,"N","Y","Injury (Complaint of Pain)","N",2012,9.83333333333333,"Summer","N","N","Tu","N","Y","Y","N","N","N","N","N","Daylight","Overturned","Wrong Side of Road","Non-Collision","N","N","N","N"
5829107,"N","Y","Injury (Complaint of Pain)","N",2012,11.75,"Summer","N","N","F","N","Y","Y","N","N","N","N","N","Daylight","Hit Object","Wrong Side of Road","Fixed Object","N","N","N","N"
5829130,"N","Y","PDO (property damage only)","N",2012,16.3333333333333,"Fall","PM","N","M","Y","N","Y","N","N","N","N","N","Daylight","Broadside","Pedestrian Violation","Other Motor Vehicle","N","N","N","N"
5829165,"N","Y","Injury (Other Visible)","N",2012,18.9166666666667,"Summer","N","N","Sa","N","N","Y","N","N","N","N","N","Daylight","Sideswipe","Wrong Side of Road","Parked Motor Vehicle","N","N","N","N"
5829177,"N","Y","Injury (Other Visible)","N",2012,12.5,"Summer","N","N","Sa","N","N","Y","N","N","N","N","N","Daylight","Sideswipe","Driving or Bicycling Under the Influence of Alcohol or Drug","Other Motor Vehicle","N","N","N","N"
5829183,"N","Y","Injury (Complaint of Pain)","N",2012,22.8333333333333,"Fall","N","N","Su","N","N","Y","N","N","N","N","N","Dark - Street Lights","Broadside","Code 20","Animal","N","N","N","N"
5829209,"N","Y","Injury (Complaint of Pain)","N",2012,14.6666666666667,"Summer","N","N","Sa","Y","Y","Y","N","N","N","N","N","Daylight","Broadside","Pedestrian Violation","Other Motor Vehicle","N","N","N","N"
5829220,"N","Y","Injury (Complaint of Pain)","N",2012,21.4166666666667,"Summer","N","N","M","N","N","Y","N","N","N","N","N","Dark - Street Lights","Broadside","Improper Turning","Other Motor Vehicle","N","N","N","N"
5829226,"N","Y","Injury (Complaint of Pain)","N",2012,17.75,"Fall","PM","N","W","N","Y","Y","N","N","N","N","N","Daylight","Other","Automobile Right of Way","Non-Collision","N","N","N","N"
5829228,"N","Y","PDO (property damage only)","N",2012,16.1666666666667,"Summer","PM","N","F","N","N","Y","N","N","N","N","N","Daylight","Broadside","Pedestrian Right of Way","Other Motor Vehicle","N","N","N","N"
5829229,"N","Y","PDO (property damage only)","N",2012,7.5,"Summer","AM","N","W","N","N","N","Y","N","N","N","N","Daylight","Rear End","Improper Passing","Other Motor Vehicle","N","N","N","N"
5829233,"N","Y","PDO (property damage only)","N",2012,17.9333333333333,"Summer","PM","N","Th","Y","N","Y","N","N","N","N","N","Daylight","Broadside","Pedestrian Violation","Other Motor Vehicle","N","N","N","N"
5829234,"N","Y","Injury (Complaint of Pain)","N",2012,17.25,"Fall","PM","N","W","N","Y","Y","N","N","N","N","N","Daylight","Overturned","Pedestrian Right of Way","Non-Collision","N","N","N","N"
5829271,"N","Y","Injury (Complaint of Pain)","N",2012,10.25,"Summer","N","N","Tu","N","N","N","Y","N","N","N","N","Daylight","Rear End","Wrong Side of Road","Other Motor Vehicle","N","N","N","N"
5829273,"N","Y","Injury (Complaint of Pain)","N",2012,11.8333333333333,"Fall","N","N","Th","N","N","Y","N","N","N","N","N","Daylight","Rear End","Wrong Side of Road","Other Motor Vehicle","N","N","N","N"
5829277,"N","Y","Injury (Complaint of Pain)","N",2012,17.75,"Fall","PM","N","Th","Y","N","Y","N","N","N","N","N","Daylight","Sideswipe","Automobile Right of Way","Motor Vehicle on Other Roadway","N","N","N","N"
5829414,"N","Y","Injury (Other Visible)","N",2012,11.8333333333333,"Summer","N","N","Th","Y","N","Y","N","N","N","N","N","Daylight","Broadside","Pedestrian Violation","Other Motor Vehicle","N","N","N","N"
5830614,"N","Y","Injury (Complaint of Pain)","N",2012,14.75,"Fall","N","N","M","Y","N","Y","N","N","N","N","N","Daylight","Broadside","Pedestrian Right of Way","Other Motor Vehicle","N","Y","N","N"
5830757,"N","Y","Injury (Complaint of Pain)","N",2012,20.6666666666667,"Fall","N","N","Su","N","N","Y","N","N","N","N","N","Dark - Street Lights","Rear End","Unsafe Speed","Other Motor Vehicle","Y","N","N","N"
5831140,"N","Y","PDO (property damage only)","N",2012,16.75,"Fall","PM","N","F","N","N","Y","N","N","N","N","N","Daylight","Broadside","Pedestrian Violation","Other Motor Vehicle","N","N","N","N"
5831241,"N","Y","Injury (Complaint of Pain)","N",2012,18.5,"Fall","PM","N","F","Y","N","Y","N","N","N","N","N","Daylight","Head-On","Impeding Traffic","Other Object","N","N","N","N"
5832529,"N","Y","Injury (Other Visible)","N",2012,20.75,"Fall","N","N","Sa","Y","N","Y","N","N","N","N","N","Dark - Street Lights","Broadside","Pedestrian Violation","Other Motor Vehicle","Y","N","N","N"
5833794,"N","Y","Injury (Complaint of Pain)","N",2012,23.6666666666667,"Fall","N","Y","W","N","N","Y","N","N","N","N","N","Dark - Street Lights","Other","Wrong Side of Road","Fixed Object","N","N","N","N"
5833809,"N","Y","Injury (Other Visible)","N",2012,17.5,"Fall","PM","N","M","N","N","Y","N","N","N","N","N","Daylight","Head-On","Unsafe Lane Change","Other Motor Vehicle","N","N","N","N"
5833934,"N","Y","Injury (Complaint of Pain)","N",2012,7.75,"Fall","AM","N","Th","N","Y","N","Y","N","N","N","N","Daylight","Sideswipe","Automobile Right of Way","Other Motor Vehicle","N","N","N","N"
5833938,"N","Y","Injury (Complaint of Pain)","N",2012,6.96666666666667,"Fall","N","N","M","N","Y","Y","N","N","N","N","N","Daylight","Overturned","Wrong Side of Road","Non-Collision","N","N","N","N"
5833942,"N","N","PDO (property damage only)","N",2012,15.1666666666667,"Fall","PM","N","Tu","N","Y","Y","N","N","N","N","N","Daylight","Sideswipe","Automobile Right of Way","Other Motor Vehicle","N","N","N","N"
5835227,"N","Y","Injury (Other Visible)","N",2012,20.8333333333333,"Summer","N","N","M","Y","N","Y","N","N","N","N","N","Dark - Street Lights","Sideswipe","Pedestrian Violation","Other Motor Vehicle","N","N","N","N"
5835253,"N","Y","PDO (property damage only)","N",2012,21.15,"Summer","N","N","Su","N","Y","Y","N","N","N","N","N","Dark - No Street Lights","Hit Object","Code 20","Fixed Object","N","N","N","N"
5835684,"N","N","Injury (Other Visible)","N",2012,10.5833333333333,"Fall","N","N","Sa","N","N","Y","N","N","N","N","N","Daylight","Broadside","Driving or Bicycling Under the Influence of Alcohol or Drug","Other Object","N","N","N","N"
5835743,"N","Y","Injury (Other Visible)","N",2012,20,"Fall","N","N","W","Y","N","Y","N","N","N","N","N","Dark - Street Lights","Broadside","Pedestrian Violation","Other Motor Vehicle","N","N","N","N"
5835846,"N","Y","Injury (Complaint of Pain)","N",2012,14.6666666666667,"Fall","N","N","Sa","N","Y","Y","N","N","N","N","N","Daylight","Other","Code 20","Other Object","N","N","N","N"
5836259,"N","Y","Injury (Complaint of Pain)","N",2012,19.6666666666667,"Fall","N","N","Tu","N","N","Y","N","N","N","N","N","Dark - Street Lights","Sideswipe","Pedestrian Violation","Other Motor Vehicle","N","N","N","N"
5836269,"N","Y","PDO (property damage only)","N",2012,18.4166666666667,"Fall","N","N","Sa","N","Y","Y","N","N","N","N","N","Daylight","Rear End","Wrong Side of Road","Other Motor Vehicle","N","N","N","N"
5836294,"N","Y","PDO (property damage only)","N",2012,10.5,"Fall","N","N","Th","Y","N","Y","N","N","N","N","N","Daylight","Head-On","Pedestrian Violation","Other Motor Vehicle","N","N","N","N"
5836306,"N","Y","PDO (property damage only)","N",2012,18.5,"Fall","PM","N","Th","N","N","Y","N","N","N","N","N","Dusk or Dawn","Sideswipe","Impeding Traffic","Other Object","N","N","N","N"
5836335,"N","Y","Injury (Complaint of Pain)","N",2012,15.75,"Fall","PM","N","Th","N","N","Y","N","N","N","N","N","Daylight","Sideswipe","Driving or Bicycling Under the Influence of Alcohol or Drug","Other Motor Vehicle","N","N","N","N"
5836384,"N","Y","Injury (Complaint of Pain)","N",2012,14.5833333333333,"Fall","N","N","Tu","N","N","Y","N","N","N","N","N","Daylight","Sideswipe","Improper Passing","Other Motor Vehicle","N","N","N","N"
5836406,"N","Y","Injury (Complaint of Pain)","N",2012,9.91666666666667,"Fall","N","N","Sa","N","N","Y","N","N","N","N","N","Daylight","Hit Object","Other Improper Driving","Fixed Object","N","N","N","N"
5836527,"N","Y","Injury (Complaint of Pain)","N",2012,19.1166666666667,"Fall","N","N","F","N","Y","Y","N","N","N","N","Y","Dusk or Dawn","Overturned","Wrong Side of Road","Non-Collision","N","N","N","N"
5836543,"N","Y","Injury (Complaint of Pain)","N",2012,12,"Fall","N","N","Sa","N","Y","Y","N","N","N","N","N","Daylight","Hit Object","Pedestrian Right of Way","Fixed Object","N","N","N","N"
5836551,"N","Y","PDO (property damage only)","N",2012,12.9166666666667,"Fall","N","N","Su","N","Y","Y","N","N","N","N","N","Daylight","Rear End","Wrong Side of Road","Other Motor Vehicle","N","N","N","N"
5836555,"N","Y","Injury (Complaint of Pain)","N",2012,8.25,"Summer","AM","N","Th","N","Y","Y","N","N","N","N","N","Daylight","Overturned","Wrong Side of Road","Non-Collision","N","N","N","N"
5836821,"N","Y","Injury (Complaint of Pain)","N",2012,6.25,"Fall","N","N","Th","N","Y","Y","N","N","N","N","N","Daylight","Sideswipe","Automobile Right of Way","Other Motor Vehicle","N","N","N","N"
5836881,"N","Y","Injury (Complaint of Pain)","N",2012,9.08333333333333,"Fall","N","N","F","N","N","Y","N","N","N","N","Y","Daylight","Sideswipe","Improper Turning","Other Motor Vehicle","N","N","N","N"
5837123,"N","Y","Injury (Complaint of Pain)","N",2012,9.91666666666667,"Fall","N","N","Su","N","N","Y","N","N","N","N","N","Daylight","Sideswipe","Pedestrian Violation","Other Motor Vehicle","N","N","N","N"
5837140,"N","Y","Injury (Complaint of Pain)","N",2012,13.75,"Fall","N","N","Tu","Y","N","Y","N","N","N","N","N","Daylight","Broadside","Driving or Bicycling Under the Influence of Alcohol or Drug","Other Motor Vehicle","N","N","N","N"
5837171,"N","Y","Injury (Other Visible)","N",2012,20.2,"Summer","N","N","F","Y","N","Y","N","N","N","N","N","Dark - Street Lights","Head-On","Pedestrian Violation","Other Motor Vehicle","N","N","N","N"
5837247,"N","Y","Injury (Complaint of Pain)","N",2012,23.0833333333333,"Summer","N","Y","W","N","N","Y","N","N","N","N","N","Dark - Street Lights","Rear End","Improper Passing","Other Motor Vehicle","N","N","N","N"
5837282,"N","Y","Injury (Complaint of Pain)","N",2012,8.75,"Summer","AM","N","F","N","Y","Y","N","N","N","N","N","Daylight","Rear End","Wrong Side of Road","Other Motor Vehicle","N","N","N","N"
5837286,"N","Y","Injury (Complaint of Pain)","N",2012,20.4166666666667,"Fall","N","N","Su","N","Y","Y","N","N","N","N","N","Dark - Street Lights","Sideswipe","Automobile Right of Way","Other Motor Vehicle","N","N","N","N"
5837298,"N","Y","Injury (Complaint of Pain)","N",2012,7.33333333333333,"Fall","AM","N","F","N","Y","Y","N","N","N","N","N","Daylight","Overturned","Wrong Side of Road","Other Motor Vehicle","N","N","N","N"
5837488,"N","Y","Injury (Other Visible)","N",2012,7.25,"Fall","AM","N","Th","Y","N","Y","N","N","N","N","N","Daylight","Broadside","Pedestrian Violation","Other Motor Vehicle","N","N","N","N"
5837492,"N","Y","Injury (Other Visible)","N",2012,15.5,"Fall","PM","N","Tu","Y","N","Y","N","N","N","N","N","Daylight","Broadside","Pedestrian Violation","Other Motor Vehicle","N","N","N","N"
5837530,"N","Y","Injury (Complaint of Pain)","N",2012,14.6666666666667,"Fall","N","N","M","N","N","Y","N","N","N","N","N","Daylight","Head-On","Pedestrian Violation","Other Motor Vehicle","N","N","N","N"
5837577,"N","Y","PDO (property damage only)","N",2012,9,"Summer","AM","N","F","N","N","Y","N","N","N","N","N","Daylight","Other","Pedestrian Violation","Other Motor Vehicle","N","N","N","N"
5837606,"N","Y","Injury (Complaint of Pain)","N",2012,19.5,"Summer","N","N","W","Y","N","Y","N","N","N","N","N","Dark - Street Lights","Broadside","Pedestrian Violation","Other Motor Vehicle","N","N","N","N"
5837716,"N","Y","Injury (Complaint of Pain)","N",2012,15.3333333333333,"Summer","PM","N","F","N","Y","Y","N","N","N","N","N","Daylight","Sideswipe","Automobile Right of Way","Other Motor Vehicle","N","N","N","N"
5837740,"N","Y","Injury (Complaint of Pain)","N",2012,6.5,"Fall","N","N","F","N","Y","Y","N","N","N","N","N","Daylight","Rear End","Automobile Right of Way","Non-Collision","N","N","N","N"
5837969,"N","Y","PDO (property damage only)","N",2012,17.5,"Summer","PM","N","F","N","N","Y","N","N","N","N","N","Daylight","Broadside","Unsafe Lane Change","Other Motor Vehicle","N","N","N","N"
5838012,"N","N","Injury (Complaint of Pain)","N",2012,9.25,"Fall","N","N","W","Y","N","Y","N","N","N","N","N","Daylight","Sideswipe","Wrong Side of Road","Other Motor Vehicle","N","N","N","N"