"CASE_ID","mc_killed","mc_injured","collision_severity","severe","accident_year","hours_since_midnight","season","rush_hour","late_night","day_of_week","intersection","state_hwy_ind","w_clear","w_cloudy","w_rainy","w_other","road_not_dry","road_condition_issue","lighting","type_of_collision","pcf_viol_category","mviw","alcohol_involved","truck_accident","pedestrian_accident","bicycle_accident"
5880290,"N","Y","Injury (Complaint of Pain)","N",2012,11.3333333333333,"Spring","N","N","Sa","N","Y","Y","N","N","N","N","N","Daylight","Other","Automobile Right of Way","Other Motor Vehicle","N","N","N","N"
5880567,"N","Y","PDO (property damage only)","N",2012,1.75,"Summer","N","Y","Su","N","N","Y","N","N","N","N","N","Dusk or Dawn","Head-On","Pedestrian Right of Way","Other Motor Vehicle","N","N","N","N"
5880809,"N","N","PDO (property damage only)","N",2012,11.75,"Fall","N","N","Sa","N","Y","N","Y","N","N","Y","N","Daylight","Other","Automobile Right of Way","Other Object","N","N","N","N"
5880845,"N","Y","PDO (property damage only)","N",2012,17.75,"Fall","PM","N","Tu","Y","N","Y","N","N","N","N","N","Dark - Street Lights","Broadside","Pedestrian Violation","Other Motor Vehicle","N","N","N","N"
5883348,"N","Y","PDO (property damage only)","N",2012,8.08333333333333,"Fall","AM","N","Th","N","N","N","Y","Y","N","Y","N","Daylight","Rear End","Wrong Side of Road","Other Motor Vehicle","N","N","N","N"
5883372,"N","Y","Injury (Complaint of Pain)","N",2012,0.833333333333333,"Fall","N","Y","Th","N","N","N","N","Y","N","Y","N","Daylight","Other","Wrong Side of Road","Non-Collision","N","N","N","N"
5883451,"N","Y","PDO (property damage only)","N",2012,17.9166666666667,"Fall","PM","N","M","Y","N","Y","N","N","N","N","N","Dark - Street Lights","Broadside","Pedestrian Violation","Other Motor Vehicle","N","N","N","N"
5883472,"N","Y","PDO (property damage only)","N",2012,22.5,"Fall","N","N","F","N","N","Y","N","N","N","N","N","Dark - Street Lights","Sideswipe","Automobile Right of Way","Other Motor Vehicle","N","N","N","N"
5884122,"N","Y","PDO (property damage only)","N",2012,8.63333333333333,"Fall","AM","N","W","N","Y","Y","N","N","N","N","N","Daylight","Sideswipe","Automobile Right of Way","Other Motor Vehicle","N","N","N","N"
5885952,"N","Y","PDO (property damage only)","N",2012,9.25,"Fall","N","N","Tu","Y","N","Y","N","N","N","N","N","Daylight","Broadside","Pedestrian Violation","Other Motor Vehicle","N","N","N","N"
5886268,"N","Y","PDO (property damage only)","N",2012,9.16666666666667,"Fall","N","N","Su","Y","N","Y","N","N","N","N","N","Daylight","Broadside","Lights","Other Motor Vehicle","N","N","N","N"
5886327,"N","Y","Injury (Other Visible)","N",2012,23.9166666666667,"Fall","N","Y","W","N","N","Y","N","N","N","N","N","Dark - No Street Lights","Sideswipe","Automobile Right of Way","Other Motor Vehicle","N","N","N","N"
5886334,"N","Y","Injury (Complaint of Pain)","N",2012,23.25,"Fall","N","Y","Su","N","N","Y","N","N","N","N","N","Dark - Street Lights","Broadside","Pedestrian Right of Way","Other Motor Vehicle","N","N","N","N"
5886361,"N","Y","Injury (Complaint of Pain)","N",2012,12.5,"Fall","N","N","Su","N","N","N","Y","N","N","N","N","Daylight","Hit Object","Wrong Side of Road","Fixed Object","N","N","N","N"
5886370,"N","Y","Injury (Complaint of Pain)","N",2012,17.75,"Fall","N","N","Su","Y","N","Y","N","N","N","N","N","Dark - Street Lights","Sideswipe","Pedestrian Violation","Other Motor Vehicle","N","N","N","N"
5886738,"N","Y","PDO (property damage only)","N",2012,19.75,"Fall","N","N","W","N","Y","Y","N","N","N","N","N","Dark - Street Lights","Overturned","Automobile Right of Way","Non-Collision","N","N","N","N"
5886769,"N","Y","Injury (Complaint of Pain)","N",2012,17.55,"Fall","PM","N","M","N","Y","Y","N","N","N","N","N","Dark - Street Lights","Sideswipe","Wrong Side of Road","Other Motor Vehicle","N","N","N","N"
5886777,"N","Y","PDO (property damage only)","N",2012,22.6666666666667,"Fall","N","N","Tu","N","Y","Y","N","N","N","N","N","Dark - No Street Lights","Rear End","Automobile Right of Way","Other Motor Vehicle","N","N","N","N"
5887011,"N","Y","PDO (property damage only)","N",2012,18,"Fall","PM","N","F","N","N","N","Y","N","N","N","N","Dark - Street Lights","Rear End","Wrong Side of Road","Other Motor Vehicle","N","N","N","N"
5887019,"N","Y","Injury (Complaint of Pain)","N",2012,12.6166666666667,"Fall","N","N","Su","Y","N","Y","N","N","N","N","N","Daylight","Broadside","Lights","Other Motor Vehicle","N","N","N","N"
5887456,"N","Y","Injury (Complaint of Pain)","N",2012,15,"Spring","PM","N","F","N","Y","Y","N","N","N","N","N","Daylight","Sideswipe","Automobile Right of Way","Other Motor Vehicle","N","N","N","N"
5887860,"N","Y","Injury (Complaint of Pain)","N",2012,7,"Fall","AM","N","Tu","N","N","Y","N","N","N","N","N","Daylight","Other","Improper Turning","Other Motor Vehicle","N","Y","N","N"
5888150,"N","Y","Injury (Complaint of Pain)","N",2012,0.833333333333333,"Fall","N","Y","W","N","N","Y","N","N","N","N","N","Dark - Street Lights","Broadside","Wrong Side of Road","Other Motor Vehicle","N","N","N","N"
5888277,"N","Y","PDO (property damage only)","N",2012,18.5833333333333,"Winter","PM","N","W","N","N","Y","N","N","N","N","N","Dark - Street Lights","Sideswipe","Automobile Right of Way","Other Motor Vehicle","N","N","N","N"
5889034,"N","Y","PDO (property damage only)","N",2012,8.5,"Summer","AM","N","W","Y","N","Y","N","N","N","N","N","Daylight","Broadside","Pedestrian Right of Way","Other Motor Vehicle","N","N","N","N"
5889560,"N","Y","PDO (property damage only)","N",2012,1.25,"Fall","N","Y","Su","N","Y","Y","N","N","N","N","N","Dark - Street Lights","Hit Object","Wrong Side of Road","Fixed Object","N","N","N","N"
5892889,"N","Y","Injury (Complaint of Pain)","N",2012,12,"Winter","N","N","Sa","N","Y","N","N","Y","N","Y","N","Daylight","Hit Object","Wrong Side of Road","Fixed Object","N","N","N","N"
5894066,"N","Y","Injury (Complaint of Pain)","N",2012,4.91666666666667,"Fall","N","Y","Th","N","Y","N","N","Y","N","Y","N","Dark - No Street Lights","Hit Object","Unsafe Speed","Fixed Object","N","N","N","N"
5894520,"N","N","Injury (Other Visible)","N",2012,16,"Fall","PM","N","Th","N","N","Y","N","N","N","N","N","Daylight","Head-On","Unsafe Lane Change","Other Motor Vehicle","N","N","N","N"
5894614,"N","Y","PDO (property damage only)","N",2012,10.5,"Fall","N","N","F","N","N","Y","N","N","N","N","N","Daylight","Sideswipe","Unsafe Starting or Backing","Parked Motor Vehicle","N","N","N","N"
5894626,"N","Y","Injury (Complaint of Pain)","N",2012,17.1666666666667,"Fall","PM","N","Tu","N","N","Y","N","N","N","N","N","Daylight","Rear End","Wrong Side of Road","Other Motor Vehicle","N","N","N","N"
5894648,"N","Y","Injury (Complaint of Pain)","N",2012,15.5333333333333,"Fall","PM","N","M","N","Y","Y","N","N","N","N","N","Daylight","Rear End","Wrong Side of Road","Other Motor Vehicle","N","N","N","N"
5894945,"N","N","Injury (Complaint of Pain)","N",2012,11.8333333333333,"Fall","N","N","Sa","Y","N","Y","N","N","N","N","N","Daylight","Broadside","Code 19","Other Motor Vehicle","N","N","N","N"
5896428,"N","Y","PDO (property damage only)","N",2012,22.0833333333333,"Fall","N","N","Su","N","N","Y","N","N","N","N","N","Dark - Street Lights","Broadside","Unsafe Speed","Other Motor Vehicle","Y","N","N","N"
5897469,"N","Y","Injury (Complaint of Pain)","N",2012,8.25,"Fall","AM","N","M","N","Y","Y","N","N","N","N","N","Daylight","Sideswipe","Wrong Side of Road","Other Motor Vehicle","N","N","N","N"
5897482,"N","Y","Injury (Complaint of Pain)","N",2012,6.75,"Fall","N","N","W","N","Y","Y","N","N","N","N","N","Daylight","Rear End","Improper Turning","Other Motor Vehicle","N","N","N","N"
5897494,"N","Y","Injury (Other Visible)","N",2012,11.5,"Fall","N","N","W","N","Y","Y","N","N","N","N","N","Daylight","Broadside","Pedestrian Right of Way","Other Motor Vehicle","N","N","N","N"
5897657,"N","Y","Injury (Complaint of Pain)","N",2012,18,"Fall","N","N","Su","N","Y","Y","N","N","N","N","N","Dark - Street Lights","Hit Object","Pedestrian Right of Way","Fixed Object","N","N","N","N"
5898276,"N","Y","Injury (Complaint of Pain)","N",2012,14.5833333333333,"Fall","N","N","Su","N","N","Y","N","N","N","N","N","Daylight","Hit Object","Code 19","Fixed Object","N","N","N","N"
5898277,"N","Y","Injury (Other Visible)","N",2012,15.0833333333333,"Fall","N","N","Su","N","N","Y","N","N","N","N","N","Daylight","Sideswipe","Wrong Side of Road","Other Motor Vehicle","N","N","N","N"
5898924,"N","Y","PDO (property damage only)","N",2012,9.5,"Fall","N","N","W","N","N","N","Y","N","N","N","N","Daylight","Broadside","Pedestrian Violation","Other Motor Vehicle","N","N","N","N"
5899396,"N","Y","PDO (property damage only)","N",2012,9,"Fall","AM","N","W","N","Y","N","Y","N","N","N","N","Daylight","Rear End","Wrong Side of Road","Other Motor Vehicle","N","N","N","N"
5900243,"N","Y","PDO (property damage only)","N",2012,17.8333333333333,"Fall","PM","N","W","Y","N","Y","N","N","N","N","N","Daylight","Broadside","Pedestrian Violation","Other Motor Vehicle","N","N","N","N"
5900259,"N","Y","Injury (Complaint of Pain)","N",2012,16,"Fall","PM","N","F","N","N","Y","N","N","N","N","N","Daylight","Hit Object","Wrong Side of Road","Fixed Object","N","N","N","N"
5900315,"N","Y","PDO (property damage only)","N",2012,17,"Summer","PM","N","M","N","N","Y","N","N","N","N","N","Daylight","Head-On","Unsafe Lane Change","Other Motor Vehicle","N","N","N","N"
5900363,"N","Y","Injury (Complaint of Pain)","N",2012,17.4166666666667,"Fall","N","N","Su","Y","Y","Y","N","N","N","N","N","Daylight","Broadside","Lights","Other Motor Vehicle","N","N","N","N"
5901411,"N","Y","Injury (Complaint of Pain)","N",2012,17.8333333333333,"Fall","PM","N","Tu","Y","N","Y","N","N","N","N","N","Dusk or Dawn","Sideswipe","Pedestrian Right of Way","Motor Vehicle on Other Roadway","N","N","N","N"
5901427,"N","Y","Injury (Other Visible)","N",2012,17.6666666666667,"Fall","PM","N","Tu","Y","N","Y","N","N","N","N","N","Dark - Street Lights","Broadside","Pedestrian Violation","Other Motor Vehicle","N","N","N","N"
5901464,"N","Y","Injury (Complaint of Pain)","N",2012,8.16666666666667,"Summer","N","N","Sa","N","N","Y","N","N","N","N","N","Daylight","Other","Impeding Traffic","Non-Collision","N","N","N","N"
5901519,"N","Y","Injury (Complaint of Pain)","N",2012,19.1666666666667,"Summer","N","N","F","N","N","Y","N","N","N","N","N","Daylight","Sideswipe","Pedestrian Violation","Other Motor Vehicle","N","N","N","N"
5901526,"N","Y","PDO (property damage only)","N",2012,21,"Summer","N","N","M","Y","N","Y","N","N","N","N","N","Dusk or Dawn","Broadside","Driving or Bicycling Under the Influence of Alcohol or Drug","Other Motor Vehicle","N","N","N","N"
5902196,"N","Y","PDO (property damage only)","N",2012,11.3333333333333,"Winter","N","N","Su","Y","N","Y","N","N","N","N","N","Daylight","Broadside","Driving or Bicycling Under the Influence of Alcohol or Drug","Other Motor Vehicle","N","N","N","N"
5902200,"N","Y","Injury (Other Visible)","N",2012,17.6666666666667,"Winter","PM","N","F","Y","N","Y","N","N","N","N","N","Dark - Street Lights","Head-On","Pedestrian Violation","Other Motor Vehicle","N","N","N","N"
5902204,"N","Y","PDO (property damage only)","N",2012,20,"Winter","N","N","F","N","N","Y","N","N","N","N","N","Dark - Street Lights","Sideswipe","Automobile Right of Way","Other Motor Vehicle","N","N","N","N"
5902213,"N","N","PDO (property damage only)","N",2012,18.1666666666667,"Winter","N","N","Su","Y","N","Y","N","N","N","N","N","Dark - Street Lights","Broadside","Pedestrian Violation","Other Motor Vehicle","N","N","N","N"
5902277,"N","Y","Injury (Complaint of Pain)","N",2012,10.75,"Winter","N","N","Sa","N","N","N","Y","N","N","N","N","Daylight","Head-On","Unsafe Lane Change","Other Motor Vehicle","N","N","N","N"
5904566,"N","Y","PDO (property damage only)","N",2012,17.5,"Fall","PM","N","Th","Y","N","Y","N","N","N","N","Y","Dark - Street Lights","Sideswipe","Pedestrian Violation","Other Motor Vehicle","Y","N","N","N"
5904589,"N","N","Injury (Complaint of Pain)","N",2012,17.25,"Fall","PM","N","Tu","Y","N","Y","N","N","N","N","N","Dark - Street Lights","Broadside","Pedestrian Violation","Other Motor Vehicle","N","N","N","N"
5904633,"N","Y","Injury (Complaint of Pain)","N",2012,2.08333333333333,"Winter","N","Y","Sa","N","N","Y","N","N","N","N","N","Dark - Street Lights","Sideswipe","Unsafe Speed","Parked Motor Vehicle","Y","N","N","N"
5904689,"N","Y","Injury (Complaint of Pain)","N",2012,13.1666666666667,"Fall","N","N","M","N","N","Y","N","N","N","N","N","Daylight","Broadside","Pedestrian Violation","Other Motor Vehicle","N","N","N","N"
5904693,"N","Y","PDO (property damage only)","N",2012,0.583333333333333,"Fall","N","Y","Sa","N","N","Y","N","N","N","N","N","Dark - Street Lights","Broadside","Unsafe Lane Change","Other Motor Vehicle","N","N","N","N"
5904709,"N","Y","Injury (Complaint of Pain)","N",2012,14.0833333333333,"Fall","N","N","Tu","N","N","Y","N","N","N","N","N","Daylight","Sideswipe","Improper Turning","Other Motor Vehicle","N","N","N","N"
5904713,"N","Y","Injury (Complaint of Pain)","N",2012,14.8333333333333,"Fall","N","N","Sa","N","N","Y","N","N","N","N","N","Daylight","Other","Wrong Side of Road","Other Object","N","N","N","N"
5906876,"N","Y","Injury (Other Visible)","N",2012,10.4166666666667,"Summer","N","N","W","N","N","Y","N","N","N","N","N","Daylight","Broadside","Pedestrian Right of Way","Other Motor Vehicle","N","N","N","N"
5906887,"N","N","PDO (property damage only)","N",2012,15.75,"Summer","PM","N","Tu","N","N","Y","N","N","N","N","N","Daylight","Rear End","Improper Passing","Other Motor Vehicle","Y","N","N","N"
5906891,"N","Y","Injury (Complaint of Pain)","N",2012,14.0833333333333,"Fall","N","N","F","N","N","Y","N","N","N","N","N","Daylight","Broadside","Pedestrian Violation","Other Motor Vehicle","N","N","N","N"
5906898,"N","N","PDO (property damage only)","N",2012,12.5,"Fall","N","N","Th","Y","N","Y","N","N","N","N","N","Daylight","Broadside","Pedestrian Violation","Other Motor Vehicle","N","N","N","N"
5906902,"N","Y","Injury (Complaint of Pain)","N",2012,19.3333333333333,"Fall","N","N","Su","N","N","Y","N","N","N","N","N","Dark - Street Lights","Vehicle/Pedestrian","Hazardous Parking","Pedestrian","N","N","Y","N"
5906910,"N","N","PDO (property damage only)","N",2012,18.5833333333333,"Fall","PM","N","W","N","N","Y","N","N","N","N","N","Dusk or Dawn","Head-On","Pedestrian Violation","Other Motor Vehicle","N","N","N","N"
5906930,"N","Y","Injury (Complaint of Pain)","N",2012,14.5,"Fall","N","N","Th","N","N","Y","N","N","N","N","N","Daylight","Rear End","Impeding Traffic","Other Motor Vehicle","N","N","N","N"
5907040,"N","Y","PDO (property damage only)","N",2012,12.0833333333333,"Fall","N","N","W","N","N","Y","N","N","N","N","N","Daylight","Vehicle/Pedestrian","Pedestrian Violation","Other Motor Vehicle","N","N","N","N"
5908266,"N","Y","PDO (property damage only)","N",2012,18.75,"Fall","PM","N","F","N","N","N","Y","N","N","N","N","Dusk or Dawn","Broadside","Pedestrian Violation","Other Motor Vehicle","N","N","N","N"
5908274,"N","Y","Injury (Complaint of Pain)","N",2012,19.8333333333333,"Fall","N","N","Tu","Y","N","Y","N","N","N","N","N","Dark - Street Lights","Broadside","Pedestrian Violation","Other Motor Vehicle","N","N","N","N"
5908317,"N","Y","PDO (property damage only)","N",2012,10.9166666666667,"Fall","N","N","F","N","N","Y","N","N","N","N","N","Daylight","Rear End","Wrong Side of Road","Other Motor Vehicle","N","N","N","N"
5908361,"N","Y","Injury (Complaint of Pain)","N",2012,23.6666666666667,"Fall","N","Y","Sa","N","N","N","N","Y","N","Y","N","Dark - Street Lights","Other","Lights","Other Motor Vehicle","N","N","N","N"
5909877,"N","Y","Injury (Complaint of Pain)","N",2012,15.0833333333333,"Fall","PM","N","Tu","N","N","Y","N","N","N","N","N","Daylight","Broadside","Wrong Side of Road","Fixed Object","N","N","N","N"
5909885,"N","N","PDO (property damage only)","N",2012,7.58333333333333,"Fall","AM","N","Tu","Y","N","Y","N","N","N","N","N","Daylight","Broadside","Pedestrian Violation","Other Motor Vehicle","N","N","Y","N"
5910090,"N","Y","Injury (Severe)","Y",2012,13.75,"Summer","N","N","W","N","N","Y","N","N","N","N","N","Daylight","Other","Pedestrian Violation","Bicycle","N","N","N","Y"
5911211,"N","N","Injury (Severe)","Y",2012,16.5,"Fall","PM","N","Tu","N","Y","Y","N","N","N","N","N","Daylight","Sideswipe","Wrong Side of Road","Other Motor Vehicle","N","N","N","N"
5911320,"Y","N","Injury (Severe)","Y",2012,11.4166666666667,"Fall","N","N","W","Y","N","N","Y","N","N","N","N","Daylight","Broadside","Pedestrian Violation","Other Motor Vehicle","N","N","N","N"
5913686,"N","Y","Injury (Other Visible)","N",2012,16,"Fall","PM","N","M","N","N","Y","N","N","N","N","N","Daylight","Broadside","Pedestrian Right of Way","Other Motor Vehicle","N","N","N","N"
5913707,"N","Y","Injury (Other Visible)","N",2012,13.5833333333333,"Fall","N","N","M","N","N","Y","N","N","N","N","N","Daylight","Sideswipe","Wrong Side of Road","Other Motor Vehicle","Y","N","N","N"
5913711,"N","Y","PDO (property damage only)","N",2012,10.0833333333333,"Summer","N","N","Th","Y","N","Y","N","N","N","N","N","Daylight","Sideswipe","Automobile Right of Way","Other Motor Vehicle","N","N","N","N"
5913715,"N","Y","Injury (Complaint of Pain)","N",2012,11.25,"Fall","N","N","Sa","Y","N","Y","N","N","N","N","N","Daylight","Broadside","Other Improper Driving","Other Motor Vehicle","N","N","N","N"
5914595,"N","Y","Injury (Complaint of Pain)","N",2012,17.3333333333333,"Fall","PM","N","M","N","N","Y","N","N","N","N","N","Dark - Street Lights","Broadside","Lights","Other Motor Vehicle","N","N","N","N"
5914670,"N","Y","PDO (property damage only)","N",2012,18.25,"Fall","PM","N","Tu","N","N","Y","N","N","N","N","N","Dark - Street Lights","Broadside","Pedestrian Violation","Other Motor Vehicle","N","N","N","N"
5914706,"N","Y","Injury (Complaint of Pain)","N",2012,14.75,"Fall","N","N","Su","N","N","Y","N","N","N","N","N","Daylight","Sideswipe","Code 20","Parked Motor Vehicle","N","N","N","N"
5916482,"N","Y","Injury (Complaint of Pain)","N",2012,15.05,"Fall","PM","N","Tu","N","Y","Y","N","N","N","N","N","Daylight","Sideswipe","Automobile Right of Way","Other Motor Vehicle","N","N","N","N"
5917788,"N","N","Injury (Complaint of Pain)","N",2012,10.0833333333333,"Spring","N","N","Tu","N","Y","Y","N","N","N","N","N","Daylight","Sideswipe","Automobile Right of Way","Other Motor Vehicle","N","N","N","N"
5917845,"N","Y","Injury (Complaint of Pain)","N",2012,8.75,"Fall","AM","N","Th","N","Y","Y","N","N","N","N","N","Daylight","Sideswipe","Automobile Right of Way","Other Motor Vehicle","N","N","N","N"
5918424,"N","Y","Injury (Complaint of Pain)","N",2012,13.25,"Fall","N","N","Su","N","N","Y","N","N","N","N","N","Daylight","Rear End","Wrong Side of Road","Other Motor Vehicle","N","N","N","N"
5918492,"N","Y","PDO (property damage only)","N",2012,17.5,"Fall","PM","N","M","N","N","Y","N","N","N","N","N","Dark - Street Lights","Broadside","Pedestrian Right of Way","Other Motor Vehicle","N","N","N","N"
5918542,"N","Y","Injury (Complaint of Pain)","N",2012,15,"Fall","N","N","Sa","N","N","Y","N","N","N","N","N","Daylight","Sideswipe","Pedestrian Violation","Other Motor Vehicle","N","N","N","N"
5919011,"N","Y","Injury (Complaint of Pain)","N",2012,17.8333333333333,"Summer","N","N","Su","N","Y","Y","N","N","N","N","N","Daylight","Hit Object","Pedestrian Right of Way","Fixed Object","N","N","N","N"
5920465,"N","Y","PDO (property damage only)","N",2012,18.6666666666667,"Fall","PM","N","W","N","Y","Y","N","N","N","N","N","Dark - Street Lights","Sideswipe","Wrong Side of Road","Other Motor Vehicle","N","N","N","N"
5920491,"N","Y","Injury (Complaint of Pain)","N",2012,19.0833333333333,"Fall","N","N","M","N","Y","Y","N","N","N","N","N","Dark - Street Lights","Rear End","Wrong Side of Road","Other Motor Vehicle","N","N","N","N"
5920495,"N","Y","PDO (property damage only)","N",2012,17.6666666666667,"Fall","PM","N","W","N","Y","Y","N","N","N","N","N","Dark - Street Lights","Rear End","Wrong Side of Road","Other Motor Vehicle","N","N","N","N"
5920499,"N","Y","PDO (property damage only)","N",2012,18.5,"Fall","PM","N","W","N","Y","Y","N","N","N","N","N","Dark - Street Lights","Sideswipe","Automobile Right of Way","Other Motor Vehicle","N","N","N","N"
5920514,"N","Y","Injury (Complaint of Pain)","N",2012,6.06666666666667,"Fall","N","N","Su","N","Y","Y","N","N","N","N","Y","Dark - No Street Lights","Hit Object","Wrong Side of Road","Other Object","N","N","N","N"
5920547,"N","Y","Injury (Complaint of Pain)","N",2012,8.16666666666667,"Winter","AM","N","Th","N","Y","Y","N","N","N","N","N","Daylight","Hit Object","Pedestrian Right of Way","Fixed Object","N","N","N","N"
5920552,"N","Y","PDO (property damage only)","N",2012,8.08333333333333,"Fall","AM","N","F","N","N","Y","N","N","N","N","N","Daylight","Rear End","Wrong Side of Road","Other Motor Vehicle","N","N","N","N"
5921777,"N","Y","PDO (property damage only)","N",2012,13.5,"Fall","N","N","W","N","N","Y","N","N","N","N","N","Daylight","Broadside","Pedestrian Violation","Other Motor Vehicle","N","N","N","N"
5922304,"N","Y","Injury (Complaint of Pain)","N",2012,17.5833333333333,"Fall","N","N","Sa","N","N","Y","N","N","N","N","N","Dark - Street Lights","Rear End","Wrong Side of Road","Other Motor Vehicle","N","N","N","N"
5922420,"N","Y","Injury (Complaint of Pain)","N",2012,11,"Summer","N","N","Tu","N","N","Y","N","N","N","N","N","Daylight","Broadside","Unsafe Starting or Backing","Motor Vehicle on Other Roadway","N","N","N","N"
5922448,"N","Y","Injury (Complaint of Pain)","N",2012,7.75,"Summer","AM","N","F","Y","N","Y","N","N","N","N","N","Daylight","Sideswipe","Unsafe Starting or Backing","Other Motor Vehicle","N","N","N","N"
5922452,"N","Y","Injury (Complaint of Pain)","N",2012,22.5,"Fall","N","N","F","N","N","Y","N","N","N","N","N","Dark - Street Lights","Hit Object","Wrong Side of Road","Other Object","N","N","N","N"
5925140,"N","Y","PDO (property damage only)","N",2012,17.9166666666667,"Fall","PM","N","Th","Y","N","N","Y","N","N","N","N","Daylight","Broadside","Lights","Other Motor Vehicle","N","N","N","N"
5925233,"N","Y","PDO (property damage only)","N",2012,20.5,"Fall","N","N","F","N","N","Y","N","N","N","N","N","Dark - Street Lights","Hit Object","Wrong Side of Road","Fixed Object","N","N","N","N"
5925249,"N","Y","PDO (property damage only)","N",2012,13.9166666666667,"Fall","N","N","F","Y","N","Y","N","N","N","N","N","Daylight","Broadside","Pedestrian Violation","Other Motor Vehicle","N","N","N","N"
5925253,"N","Y","Injury (Complaint of Pain)","N",2012,12.9166666666667,"Fall","N","N","M","Y","N","Y","N","N","N","N","N","Daylight","Sideswipe","Improper Turning","Other Motor Vehicle","N","N","N","N"
5925274,"N","Y","PDO (property damage only)","N",2012,14.6666666666667,"Winter","N","N","Tu","Y","N","Y","N","N","N","N","N","Daylight","Sideswipe","Automobile Right of Way","Other Motor Vehicle","N","N","N","N"
5925388,"N","Y","Injury (Complaint of Pain)","N",2012,8.25,"Fall","AM","N","Th","N","N","N","Y","N","N","Y","N","Daylight","Rear End","Wrong Side of Road","Other Motor Vehicle","N","N","N","N"
5925694,"N","Y","PDO (property damage only)","N",2012,11.75,"Winter","N","N","Sa","Y","N","N","Y","N","N","Y","N","Daylight","Sideswipe","Lights","Other Motor Vehicle","N","N","N","N"
5925698,"N","N","PDO (property damage only)","N",2012,9,"Winter","AM","N","Th","Y","N","Y","N","N","N","N","N","Daylight","Broadside","Lights","Other Motor Vehicle","N","N","N","N"
5925714,"N","Y","Injury (Complaint of Pain)","N",2012,0.25,"Winter","N","Y","W","N","N","Y","N","N","N","N","N","Dark - Street Lights","Other","Code 20","Animal","N","N","N","N"
5931237,"N","Y","Injury (Complaint of Pain)","N",2012,7.16666666666667,"Summer","AM","N","M","N","Y","Y","N","N","N","N","N","Daylight","Rear End","Automobile Right of Way","Other Motor Vehicle","N","N","N","N"
5932423,"N","Y","Injury (Complaint of Pain)","N",2012,18.5,"Fall","PM","N","Th","Y","N","Y","N","N","N","N","N","Dark - Street Lights","Broadside","Pedestrian Violation","Other Motor Vehicle","N","N","N","N"
5932425,"N","Y","Injury (Complaint of Pain)","N",2012,23.5,"Fall","N","Y","Th","Y","Y","Y","N","N","N","N","N","Dark - Street Lights","Sideswipe","Automobile Right of Way","Other Motor Vehicle","N","N","N","N"
5934512,"N","Y","Injury (Complaint of Pain)","N",2012,15.3333333333333,"Fall","N","N","Sa","Y","N","Y","N","N","N","N","N","Daylight","Broadside","Pedestrian Violation","Other Motor Vehicle","N","N","N","N"
5934514,"N","Y","Injury (Complaint of Pain)","N",2012,13,"Winter","N","N","W","N","N","Y","N","N","N","N","N","Daylight","Sideswipe","Unsafe Starting or Backing","Other Motor Vehicle","N","N","N","N"
5934516,"N","Y","Injury (Complaint of Pain)","N",2012,23.8333333333333,"Fall","N","Y","Th","Y","N","Y","N","N","N","N","N","Dark - Street Lights","Other","Wrong Side of Road","Fixed Object","N","N","N","N"
5934632,"N","Y","Injury (Complaint of Pain)","N",2012,17.5,"Fall","PM","N","Tu","N","Y","Y","N","N","N","N","N","Dark - Street Lights","Sideswipe","Automobile Right of Way","Other Motor Vehicle","N","N","N","N"
5934633,"N","Y","PDO (property damage only)","N",2012,18.4166666666667,"Fall","PM","N","Tu","N","Y","Y","N","N","N","N","N","Dusk or Dawn","Rear End","Wrong Side of Road","Other Motor Vehicle","N","N","N","N"
5934640,"N","Y","Injury (Other Visible)","N",2012,15.6666666666667,"Winter","PM","N","Tu","N","Y","Y","N","N","N","N","N","Daylight","Rear End","Wrong Side of Road","Other Motor Vehicle","N","N","N","N"
5934646,"N","Y","Injury (Complaint of Pain)","N",2012,8.5,"Fall","N","N","Sa","N","Y","Y","N","N","N","N","N","Daylight","Hit Object","Pedestrian Right of Way","Fixed Object","N","N","N","N"
5934673,"N","Y","Injury (Complaint of Pain)","N",2012,19.25,"Winter","N","N","M","Y","N","Y","N","N","N","N","N","Dark - Street Lights","Head-On","Pedestrian Violation","Other Motor Vehicle","N","N","N","N"
5935796,"N","Y","PDO (property damage only)","N",2012,16.7,"Fall","PM","N","W","N","Y","Y","N","N","N","N","N","Dusk or Dawn","Overturned","Wrong Side of Road","Fixed Object","N","N","N","N"
5935944,"N","Y","Injury (Complaint of Pain)","N",2012,16.3333333333333,"Fall","PM","N","Tu","N","N","Y","N","N","N","N","N","Dusk or Dawn","Broadside","Pedestrian Violation","Other Motor Vehicle","N","N","N","N"
5935988,"N","Y","PDO (property damage only)","N",2012,20,"Fall","N","N","Sa","Y","N","Y","N","N","N","N","N","Dark - Street Lights","Broadside","Pedestrian Violation","Other Motor Vehicle","N","N","N","N"
5936013,"N","Y","PDO (property damage only)","N",2012,14.5,"Fall","N","N","W","N","N","Y","N","N","N","N","N","Daylight","Broadside","Pedestrian Violation","Other Motor Vehicle","N","N","N","N"
5936177,"N","Y","Injury (Other Visible)","N",2012,18.75,"Fall","PM","N","W","N","N","Y","N","N","N","N","N","Dark - Street Lights","Broadside","Pedestrian Right of Way","Other Motor Vehicle","N","N","N","N"