"CASE_ID","mc_killed","mc_injured","collision_severity","severe","accident_year","hours_since_midnight","season","rush_hour","late_night","day_of_week","intersection","state_hwy_ind","w_clear","w_cloudy","w_rainy","w_other","road_not_dry","road_condition_issue","lighting","type_of_collision","pcf_viol_category","mviw","alcohol_involved","truck_accident","pedestrian_accident","bicycle_accident"
5938987,"N","Y","PDO (property damage only)","N",2012,0.0833333333333333,"Fall","N","Y","F","Y","N","Y","N","N","N","N","N","Dark - Street Lights","Other","Wrong Side of Road","Other Object","N","N","N","N"
5939066,"N","Y","Injury (Complaint of Pain)","N",2012,20.9166666666667,"Fall","N","N","Sa","N","N","N","Y","N","N","N","N","Dark - Street Lights","Rear End","Wrong Side of Road","Other Motor Vehicle","N","N","N","N"
5939069,"N","N","PDO (property damage only)","N",2012,8,"Fall","AM","N","M","Y","N","Y","N","N","N","N","N","Daylight","Sideswipe","Automobile Right of Way","Other Motor Vehicle","N","N","N","N"
5939764,"N","Y","Injury (Other Visible)","N",2012,17,"Fall","PM","N","Th","Y","N","Y","N","N","N","N","N","Dark - Street Lights","Broadside","Pedestrian Violation","Other Motor Vehicle","N","N","N","N"
5939804,"N","Y","Injury (Complaint of Pain)","N",2012,9,"Fall","N","N","Su","Y","N","Y","N","N","N","N","N","Daylight","Sideswipe","Pedestrian Violation","Other Motor Vehicle","N","N","N","N"
5943244,"N","Y","PDO (property damage only)","N",2012,20.8333333333333,"Summer","N","N","Th","Y","N","Y","N","N","N","N","N","Dark - Street Lights","Broadside","Pedestrian Violation","Other Motor Vehicle","N","N","N","N"
5944239,"N","Y","Injury (Complaint of Pain)","N",2012,10.75,"Winter","N","N","Su","Y","N","N","N","Y","N","Y","N","Daylight","Sideswipe","Driving or Bicycling Under the Influence of Alcohol or Drug","Other Motor Vehicle","N","N","N","N"
5947773,"N","Y","PDO (property damage only)","N",2012,18.4166666666667,"Fall","PM","N","W","N","Y","N","Y","N","N","N","N","Dark - Street Lights","Rear End","Wrong Side of Road","Other Motor Vehicle","N","N","N","N"
5947819,"N","Y","PDO (property damage only)","N",2012,19.8833333333333,"Winter","N","N","Th","N","Y","Y","N","N","N","N","N","Dark - Street Lights","Sideswipe","Wrong Side of Road","Other Motor Vehicle","N","N","N","N"
5947831,"N","Y","Injury (Complaint of Pain)","N",2012,11.8333333333333,"Winter","N","N","Sa","N","Y","N","Y","N","N","N","N","Daylight","Overturned","Pedestrian Right of Way","Non-Collision","N","N","N","N"
5950866,"N","Y","Injury (Other Visible)","N",2012,8.75,"Fall","AM","N","Tu","N","N","Y","N","N","N","N","N","Daylight","Other","Wrong Side of Road","Other Object","N","N","N","N"
5950886,"N","N","Injury (Complaint of Pain)","N",2012,10.0833333333333,"Fall","N","N","Su","Y","N","Y","N","N","N","N","N","Daylight","Sideswipe","Automobile Right of Way","Other Motor Vehicle","N","N","N","N"
5950932,"N","Y","Injury (Other Visible)","N",2012,11.9166666666667,"Fall","N","N","W","N","N","N","Y","N","N","N","N","Daylight","Other","Wrong Side of Road","Fixed Object","N","N","N","N"
5951158,"N","Y","PDO (property damage only)","N",2012,14.75,"Fall","N","N","Tu","N","N","Y","N","N","N","N","N","Daylight","Other","Wrong Side of Road","Other Object","N","N","N","N"
5951162,"N","Y","PDO (property damage only)","N",2012,10.75,"Fall","N","N","W","N","N","Y","N","N","N","N","N","Daylight","Broadside","Pedestrian Violation","Other Motor Vehicle","N","N","N","N"
5951190,"N","Y","PDO (property damage only)","N",2012,16.3333333333333,"Fall","PM","N","Th","N","N","Y","N","N","N","N","N","Daylight","Rear End","Unsafe Speed","Other Motor Vehicle","Y","N","N","N"
5951269,"N","N","Injury (Complaint of Pain)","N",2012,11.25,"Fall","N","N","Tu","Y","N","Y","N","N","N","N","N","Daylight","Broadside","Pedestrian Violation","Other Motor Vehicle","N","N","N","N"
5952085,"N","Y","Injury (Complaint of Pain)","N",2012,17.3333333333333,"Fall","PM","N","M","N","N","Y","N","N","N","N","N","Dark - Street Lights","Sideswipe","Pedestrian Violation","Other Motor Vehicle","N","N","N","N"
5952090,"N","Y","PDO (property damage only)","N",2012,17.5833333333333,"Fall","PM","N","W","N","N","Y","N","N","N","N","N","Dusk or Dawn","Sideswipe","Pedestrian Violation","Other Motor Vehicle","N","N","N","N"
5952098,"N","N","PDO (property damage only)","N",2012,15.75,"Fall","PM","N","M","N","N","Y","N","N","N","N","N","Daylight","Rear End","Wrong Side of Road","Other Motor Vehicle","N","N","N","N"
5952134,"N","Y","Injury (Complaint of Pain)","N",2012,15.8333333333333,"Fall","PM","N","W","N","N","Y","N","N","N","N","N","Daylight","Sideswipe","Wrong Side of Road","Other Motor Vehicle","N","N","N","N"
5952144,"N","Y","Injury (Complaint of Pain)","N",2012,15.8333333333333,"Fall","PM","N","Th","Y","N","N","Y","N","N","N","N","Daylight","Broadside","Driving or Bicycling Under the Influence of Alcohol or Drug","Other Motor Vehicle","N","N","N","N"
5952180,"N","Y","PDO (property damage only)","N",2012,12.9166666666667,"Fall","N","N","Su","N","N","N","Y","N","N","N","N","Daylight","Sideswipe","Pedestrian Right of Way","Other Motor Vehicle","N","N","N","N"
5952482,"N","Y","Injury (Complaint of Pain)","N",2012,16.25,"Fall","N","N","Sa","N","N","N","Y","N","N","N","Y","Daylight","Broadside","Pedestrian Violation","Other Motor Vehicle","N","N","N","N"
5952522,"N","Y","Injury (Complaint of Pain)","N",2012,15.5833333333333,"Winter","PM","N","M","N","N","Y","N","N","N","N","N","Daylight","Broadside","Pedestrian Violation","Other Motor Vehicle","N","N","N","N"
5952645,"N","Y","Injury (Other Visible)","N",2012,14.25,"Winter","N","N","Sa","N","N","N","Y","N","N","N","N","Daylight","Sideswipe","Automobile Right of Way","Other Motor Vehicle","N","N","N","N"
5952659,"N","N","PDO (property damage only)","N",2012,10,"Winter","N","N","Sa","Y","N","Y","N","N","N","N","N","Daylight","Broadside","Lights","Other Motor Vehicle","N","N","N","N"
5952669,"N","Y","Injury (Complaint of Pain)","N",2012,15.3333333333333,"Winter","PM","N","Tu","N","N","N","Y","N","N","N","N","Daylight","Rear End","Wrong Side of Road","Other Motor Vehicle","N","N","N","N"
5952675,"N","Y","PDO (property damage only)","N",2012,13.3333333333333,"Winter","N","N","F","Y","N","Y","N","N","N","N","N","Daylight","Head-On","Pedestrian Violation","Other Motor Vehicle","N","N","N","N"
5952688,"N","Y","PDO (property damage only)","N",2012,18.8333333333333,"Winter","PM","N","M","N","N","N","Y","N","N","N","N","Dark - Street Lights","Broadside","Unsafe Lane Change","Other Motor Vehicle","N","N","N","N"
5952718,"N","Y","PDO (property damage only)","N",2012,21.5,"Fall","N","N","F","Y","N","Y","N","N","N","N","N","Dark - Street Lights","Other","Impeding Traffic","Other Motor Vehicle","N","N","N","N"
5952781,"N","N","Injury (Complaint of Pain)","N",2012,17.75,"Winter","N","N","Sa","N","N","N","Y","N","N","N","N","Dark - Street Lights","Hit Object","Pedestrian Violation","Fixed Object","N","N","N","N"
5952785,"N","Y","Injury (Other Visible)","N",2012,1.16666666666667,"Winter","N","Y","M","N","N","N","N","Y","N","Y","N","Dark - Street Lights","Sideswipe","Wrong Side of Road","Other Motor Vehicle","N","N","N","N"
5952927,"N","Y","PDO (property damage only)","N",2012,16.5833333333333,"Fall","PM","N","Th","N","N","Y","N","N","N","N","N","Dusk or Dawn","Overturned","Wrong Side of Road","Other Object","N","N","N","N"
5952943,"N","Y","Injury (Other Visible)","N",2012,20,"Winter","N","N","W","Y","N","Y","N","N","N","N","N","Dark - Street Lights","Broadside","Lights","Motor Vehicle on Other Roadway","N","N","N","N"
5953931,"N","Y","Injury (Other Visible)","N",2012,13.75,"Fall","N","N","M","N","N","Y","N","N","N","N","N","Daylight","Rear End","Wrong Side of Road","Other Motor Vehicle","N","N","N","N"
5954040,"N","Y","Injury (Complaint of Pain)","N",2012,19.3333333333333,"Fall","N","N","Sa","Y","N","Y","N","N","N","N","N","Dark - Street Lights","Sideswipe","Wrong Side of Road","Parked Motor Vehicle","N","N","N","N"
5954065,"N","Y","Injury (Complaint of Pain)","N",2012,8,"Fall","AM","N","Tu","N","N","Y","N","N","N","N","N","Daylight","Head-On","Unsafe Lane Change","Other Motor Vehicle","N","N","N","N"
5954068,"N","Y","Injury (Complaint of Pain)","N",2012,9.41666666666667,"Fall","N","N","Tu","N","N","Y","N","N","N","N","N","Daylight","Rear End","Improper Passing","Other Motor Vehicle","N","N","N","N"
5954079,"N","Y","Injury (Complaint of Pain)","N",2012,19.9166666666667,"Fall","N","N","Tu","N","N","Y","N","N","N","N","N","Dark - Street Lights","Broadside","Pedestrian Violation","Other Motor Vehicle","N","N","N","N"
5954089,"N","Y","Injury (Complaint of Pain)","N",2012,13,"Fall","N","N","Tu","Y","N","Y","N","N","N","N","N","Daylight","Broadside","Pedestrian Violation","Other Motor Vehicle","N","N","N","N"
5954097,"N","Y","PDO (property damage only)","N",2012,2.91666666666667,"Fall","N","Y","Th","Y","N","Y","N","N","N","N","N","Dark - Street Lights","Other","Other Improper Driving","Other Motor Vehicle","N","N","N","N"
5954121,"N","Y","Injury (Other Visible)","N",2012,16.75,"Fall","PM","N","W","Y","N","Y","N","N","N","N","N","Daylight","Broadside","Pedestrian Violation","Motor Vehicle on Other Roadway","N","N","N","N"
5954181,"N","Y","Injury (Complaint of Pain)","N",2012,14,"Fall","N","N","F","Y","N","Y","N","N","N","N","N","Daylight","Broadside","Pedestrian Violation","Other Motor Vehicle","N","N","N","N"
5954209,"N","Y","PDO (property damage only)","N",2012,21.7833333333333,"Winter","N","N","M","Y","N","N","N","Y","N","Y","N","Dark - Street Lights","Rear End","Improper Passing","Other Motor Vehicle","N","N","N","N"
5954225,"N","Y","PDO (property damage only)","N",2012,16,"Fall","N","N","Sa","N","N","N","Y","N","N","N","N","Daylight","Other","Wrong Side of Road","Other Object","N","N","N","N"
5954312,"N","Y","PDO (property damage only)","N",2012,7,"Winter","AM","N","F","N","N","Y","N","N","N","N","N","Daylight","Broadside","Improper Turning","Other Motor Vehicle","N","N","N","N"
5955634,"N","Y","Injury (Complaint of Pain)","N",2012,18.4166666666667,"Fall","PM","N","M","Y","N","Y","N","N","N","N","N","Daylight","Broadside","Pedestrian Violation","Other Motor Vehicle","N","N","N","N"
5955638,"N","Y","Injury (Complaint of Pain)","N",2012,12.6666666666667,"Fall","N","N","Tu","N","N","Y","N","N","N","N","N","Daylight","Other","Improper Passing","Other Object","N","N","N","N"
5956473,"N","Y","Injury (Complaint of Pain)","N",2012,17.4166666666667,"Winter","N","N","Sa","N","Y","Y","N","N","N","N","N","Dark - No Street Lights","Sideswipe","Automobile Right of Way","Other Motor Vehicle","N","N","N","N"
5956485,"N","Y","PDO (property damage only)","N",2012,17.3333333333333,"Winter","PM","N","M","N","N","N","Y","N","N","N","N","Dark - Street Lights","Rear End","Improper Passing","Other Motor Vehicle","N","N","N","N"
5956552,"N","Y","Injury (Complaint of Pain)","N",2012,17.0833333333333,"Winter","PM","N","F","N","N","Y","N","N","N","N","N","Dark - Street Lights","Broadside","Impeding Traffic","Other Motor Vehicle","N","N","N","N"
5956567,"N","Y","Injury (Other Visible)","N",2012,15.0833333333333,"Winter","N","N","Sa","N","N","N","Y","N","N","N","N","Daylight","Overturned","Wrong Side of Road","Other Object","N","N","N","N"
5956583,"N","Y","Injury (Complaint of Pain)","N",2012,11.4166666666667,"Winter","N","N","F","N","N","Y","N","N","N","N","N","Daylight","Sideswipe","Improper Turning","Other Motor Vehicle","N","N","N","N"
5956611,"N","Y","Injury (Complaint of Pain)","N",2012,17.75,"Winter","N","N","Sa","Y","N","N","Y","Y","N","Y","N","Dark - Street Lights","Sideswipe","Pedestrian Violation","Motor Vehicle on Other Roadway","N","N","N","N"
5956615,"N","Y","Injury (Other Visible)","N",2012,19,"Winter","PM","N","F","N","N","Y","N","N","N","N","N","Dark - Street Lights","Broadside","Pedestrian Right of Way","Other Motor Vehicle","N","N","N","N"
5956627,"N","Y","PDO (property damage only)","N",2012,2.16666666666667,"Winter","N","Y","Su","N","N","N","Y","N","N","N","N","Dark - Street Lights","Sideswipe","Pedestrian Violation","Other Motor Vehicle","N","N","N","N"
5956731,"N","N","PDO (property damage only)","N",2012,21,"Fall","N","N","F","Y","N","Y","N","N","N","N","N","Dark - Street Lights","Vehicle/Pedestrian","Driving or Bicycling Under the Influence of Alcohol or Drug","Pedestrian","N","N","Y","N"
5956740,"N","Y","Injury (Complaint of Pain)","N",2012,14.5,"Fall","N","N","Sa","Y","N","Y","N","N","N","N","N","Daylight","Sideswipe","Pedestrian Right of Way","Other Motor Vehicle","N","N","N","N"
5956760,"N","Y","Injury (Complaint of Pain)","N",2012,17.9166666666667,"Fall","PM","N","Tu","N","N","N","Y","N","N","N","N","Daylight","Broadside","Pedestrian Violation","Other Motor Vehicle","N","N","N","N"
5956775,"N","Y","Injury (Complaint of Pain)","N",2012,16.4166666666667,"Fall","PM","N","Th","N","N","Y","N","N","N","N","N","Daylight","Broadside","Pedestrian Violation","Other Motor Vehicle","N","N","N","N"
5956776,"N","Y","Injury (Complaint of Pain)","N",2012,12.6666666666667,"Fall","N","N","Sa","N","N","Y","N","N","N","N","N","Daylight","Broadside","Pedestrian Violation","Other Motor Vehicle","N","N","N","N"
5958212,"N","Y","Injury (Complaint of Pain)","N",2012,14.0833333333333,"Fall","N","N","F","N","Y","Y","N","N","N","N","N","Daylight","Broadside","Pedestrian Violation","Other Motor Vehicle","N","N","N","N"
5958240,"N","Y","Injury (Complaint of Pain)","N",2012,13,"Fall","N","N","Th","N","N","N","Y","Y","N","Y","N","Daylight","Head-On","Unsafe Lane Change","Other Motor Vehicle","N","N","N","N"
5958253,"N","Y","Injury (Complaint of Pain)","N",2012,15.6666666666667,"Fall","N","N","Sa","N","N","Y","N","N","N","N","N","Daylight","Sideswipe","Wrong Side of Road","Other Motor Vehicle","N","N","N","N"
5959561,"N","Y","PDO (property damage only)","N",2012,6.75,"Spring","N","N","Th","N","Y","Y","N","N","N","N","N","Daylight","Overturned","Automobile Right of Way","Non-Collision","N","N","N","N"
5959599,"N","Y","Injury (Complaint of Pain)","N",2012,7.83333333333333,"Summer","AM","N","W","N","Y","Y","N","N","N","N","N","Daylight","Overturned","Wrong Side of Road","Non-Collision","N","N","N","N"
5959652,"N","Y","Injury (Other Visible)","N",2012,17.1666666666667,"Summer","N","N","Sa","N","Y","Y","N","N","N","N","N","Daylight","Sideswipe","Automobile Right of Way","Other Motor Vehicle","N","N","N","N"
5959732,"N","Y","Injury (Complaint of Pain)","N",2012,12.9166666666667,"Summer","N","N","Su","N","Y","Y","N","N","N","N","N","Daylight","Sideswipe","Automobile Right of Way","Other Motor Vehicle","N","N","N","N"
5959747,"N","Y","Injury (Complaint of Pain)","N",2012,11.8333333333333,"Summer","N","N","Th","N","Y","Y","N","N","N","N","N","Daylight","Rear End","Wrong Side of Road","Other Motor Vehicle","N","N","N","N"
5959771,"N","Y","Injury (Complaint of Pain)","N",2012,14.1666666666667,"Summer","N","N","F","N","Y","Y","N","N","N","N","N","Daylight","Sideswipe","Automobile Right of Way","Other Motor Vehicle","N","N","N","N"
5959788,"N","Y","Injury (Complaint of Pain)","N",2012,19.25,"Summer","N","N","Sa","N","N","Y","N","N","N","N","N","Daylight","Hit Object","Lights","Other Object","N","N","N","N"
5959796,"N","Y","Injury (Complaint of Pain)","N",2012,18.9166666666667,"Summer","PM","N","Tu","N","N","Y","N","N","N","N","N","Daylight","Sideswipe","Improper Passing","Other Motor Vehicle","N","N","N","N"
5961229,"N","Y","PDO (property damage only)","N",2012,16.0833333333333,"Fall","PM","N","W","N","N","N","Y","N","N","N","N","Daylight","Rear End","Wrong Side of Road","Other Motor Vehicle","N","N","N","N"
5961355,"N","Y","Injury (Complaint of Pain)","N",2012,10.75,"Fall","N","N","M","Y","N","Y","N","N","N","N","N","Daylight","Head-On","Pedestrian Violation","Other Motor Vehicle","N","N","N","N"
5961365,"N","Y","Injury (Complaint of Pain)","N",2012,23,"Winter","N","Y","Th","N","N","Y","N","N","N","N","N","Dark - Street Lights","Broadside","Pedestrian Violation","Other Motor Vehicle","N","N","N","N"
5961401,"N","Y","PDO (property damage only)","N",2012,1.33333333333333,"Fall","N","Y","Th","N","N","N","N","Y","N","Y","N","Dark - Street Lights","Rear End","Unsafe Speed","Other Motor Vehicle","Y","N","N","N"
5961480,"N","Y","Injury (Complaint of Pain)","N",2012,20.75,"Fall","N","N","Su","Y","N","Y","N","N","N","N","N","Dark - Street Lights","Broadside","Pedestrian Violation","Other Motor Vehicle","N","N","N","N"
5961484,"N","Y","Injury (Complaint of Pain)","N",2012,9.33333333333333,"Fall","N","N","Sa","Y","N","Y","N","N","N","N","N","Daylight","Broadside","Pedestrian Violation","Other Motor Vehicle","N","N","N","N"
5961510,"N","Y","Injury (Complaint of Pain)","N",2012,12.1666666666667,"Fall","N","N","Tu","N","N","Y","N","N","N","N","N","Daylight","Other","Wrong Side of Road","Fixed Object","N","N","N","N"
5961517,"N","Y","Injury (Other Visible)","N",2012,14.5,"Fall","N","N","W","Y","N","N","Y","N","N","N","N","Daylight","Head-On","Pedestrian Violation","Other Motor Vehicle","N","N","N","N"
5961626,"N","Y","PDO (property damage only)","N",2012,11.75,"Fall","N","N","F","Y","N","Y","N","N","N","N","N","Daylight","Broadside","Lights","Other Motor Vehicle","N","N","N","N"
5961689,"N","Y","PDO (property damage only)","N",2012,10.5833333333333,"Fall","N","N","W","N","N","Y","N","N","N","N","N","Daylight","Broadside","Unsafe Lane Change","Other Motor Vehicle","N","N","N","N"
5961917,"N","Y","PDO (property damage only)","N",2012,9.58333333333333,"Winter","N","N","Su","N","N","Y","N","N","N","N","N","Daylight","Broadside","Unsafe Speed","Other Motor Vehicle","Y","N","N","N"
5961962,"N","Y","PDO (property damage only)","N",2012,9.41666666666667,"Fall","N","N","W","Y","N","N","Y","N","N","N","N","Daylight","Sideswipe","Impeding Traffic","Other Object","N","N","N","N"
5961970,"N","Y","Injury (Other Visible)","N",2012,17.9166666666667,"Fall","PM","N","F","Y","N","Y","N","N","N","N","N","Dark - Street Lights","Broadside","Lights","Other Motor Vehicle","N","N","N","N"
5961981,"N","N","Injury (Complaint of Pain)","N",2012,15.8333333333333,"Winter","PM","N","F","Y","N","Y","N","N","N","N","N","Daylight","Broadside","Pedestrian Violation","Other Motor Vehicle","N","N","N","N"
5962117,"N","Y","Injury (Complaint of Pain)","N",2012,19.9166666666667,"Fall","N","N","F","N","N","Y","N","N","N","N","N","Dark - Street Lights","Broadside","Impeding Traffic","Other Motor Vehicle","N","N","N","N"
5962160,"N","Y","Injury (Other Visible)","N",2012,14,"Fall","N","N","Tu","N","N","Y","N","N","N","N","N","Daylight","Sideswipe","Unsafe Starting or Backing","Other Motor Vehicle","N","N","N","N"
5963170,"N","Y","Injury (Complaint of Pain)","N",2012,16,"Fall","PM","N","M","N","N","Y","N","N","N","N","N","Daylight","Other","Unsafe Starting or Backing","Other Motor Vehicle","N","N","N","N"
5963213,"N","Y","Injury (Complaint of Pain)","N",2012,14.5,"Fall","N","N","F","N","N","Y","N","N","N","N","N","Daylight","Other","Pedestrian Violation","Other Motor Vehicle","N","N","N","N"
5963843,"N","Y","Injury (Complaint of Pain)","N",2012,17,"Summer","PM","N","Th","Y","N","Y","N","N","N","N","N","Daylight","Broadside","Pedestrian Violation","Other Motor Vehicle","N","N","N","N"
5963908,"N","Y","Injury (Complaint of Pain)","N",2012,15.4166666666667,"Summer","PM","N","Th","N","Y","Y","N","N","N","N","N","Daylight","Rear End","Pedestrian Right of Way","Other Motor Vehicle","N","N","N","N"
5964298,"N","Y","PDO (property damage only)","N",2012,12.6666666666667,"Summer","N","N","Sa","N","Y","Y","N","N","N","N","N","Daylight","Rear End","Pedestrian Right of Way","Other Motor Vehicle","N","N","N","N"
5964416,"N","Y","PDO (property damage only)","N",2012,11.8333333333333,"Summer","N","N","Su","N","Y","Y","N","N","N","N","N","Daylight","Sideswipe","Wrong Side of Road","Other Motor Vehicle","N","N","N","N"
5964476,"N","Y","Injury (Complaint of Pain)","N",2012,17.75,"Fall","PM","N","W","Y","N","Y","N","N","N","N","N","Daylight","Broadside","Improper Turning","Other Motor Vehicle","N","N","N","N"
5964516,"N","Y","PDO (property damage only)","N",2012,11.25,"Fall","N","N","Tu","Y","N","Y","N","N","N","N","N","Daylight","Rear End","Pedestrian Violation","Other Motor Vehicle","N","N","N","N"
5964546,"N","Y","PDO (property damage only)","N",2012,10.25,"Fall","N","N","Su","Y","N","Y","N","N","N","N","N","Daylight","Rear End","Wrong Side of Road","Other Motor Vehicle","N","N","N","N"
5964558,"N","Y","Injury (Complaint of Pain)","N",2012,16.6666666666667,"Fall","PM","N","F","Y","N","Y","N","N","N","N","N","Daylight","Broadside","Code 19","Other Motor Vehicle","N","N","N","N"
5964604,"N","Y","Injury (Other Visible)","N",2012,0.833333333333333,"Winter","N","Y","Su","N","N","N","N","Y","N","Y","N","Dark - Street Lights","Other","Pedestrian Violation","Other Motor Vehicle","N","N","N","N"
5965390,"N","Y","PDO (property damage only)","N",2012,20.25,"Summer","N","N","W","Y","N","Y","N","N","N","N","N","Dark - Street Lights","Broadside","Lights","Other Motor Vehicle","N","N","N","N"
5965415,"N","Y","Injury (Other Visible)","N",2012,11.6666666666667,"Fall","N","N","Tu","Y","N","Y","N","N","N","N","N","Daylight","Head-On","Pedestrian Violation","Other Motor Vehicle","N","N","N","N"
5965530,"N","Y","PDO (property damage only)","N",2012,20.5,"Fall","N","N","W","Y","N","Y","N","N","N","N","N","Dark - No Street Lights","Rear End","Unsafe Starting or Backing","Other Motor Vehicle","N","N","N","N"
5965696,"N","Y","PDO (property damage only)","N",2012,7.33333333333333,"Fall","AM","N","F","N","Y","Y","N","N","N","N","N","Daylight","Rear End","Wrong Side of Road","Other Motor Vehicle","N","N","N","N"
5966477,"N","Y","Injury (Complaint of Pain)","N",2012,9,"Fall","AM","N","M","Y","N","N","Y","N","N","N","N","Daylight","Other","Code 19","Other Object","N","N","N","N"
5966491,"N","Y","PDO (property damage only)","N",2012,7.41666666666667,"Fall","AM","N","W","N","Y","N","Y","N","N","N","N","Daylight","Overturned","Wrong Side of Road","Non-Collision","N","N","N","N"
5966500,"N","Y","PDO (property damage only)","N",2012,15.25,"Fall","PM","N","W","N","N","Y","N","N","N","N","N","Daylight","Broadside","Pedestrian Violation","Other Motor Vehicle","N","N","N","N"
5966504,"N","Y","Injury (Complaint of Pain)","N",2012,8,"Fall","AM","N","Th","N","N","N","Y","N","N","N","N","Daylight","Sideswipe","Automobile Right of Way","Other Motor Vehicle","N","N","N","N"
5966524,"N","Y","Injury (Complaint of Pain)","N",2012,9.75,"Fall","N","N","Su","N","N","Y","N","N","N","N","N","Daylight","Sideswipe","Automobile Right of Way","Other Motor Vehicle","N","N","N","N"
5966542,"N","Y","PDO (property damage only)","N",2012,6.63333333333333,"Fall","N","N","Tu","N","Y","Y","N","N","N","N","N","Daylight","Hit Object","Pedestrian Right of Way","Fixed Object","N","N","N","N"
5966678,"N","Y","Injury (Complaint of Pain)","N",2012,15.25,"Fall","PM","N","Tu","N","Y","Y","N","N","N","N","N","Daylight","Overturned","Automobile Right of Way","Non-Collision","N","N","N","N"
5966686,"N","Y","PDO (property damage only)","N",2012,9.08333333333333,"Fall","N","N","Su","N","Y","Y","N","N","N","N","N","Daylight","Overturned","Wrong Side of Road","Non-Collision","N","N","N","N"
5966698,"N","Y","Injury (Complaint of Pain)","N",2012,17.5,"Fall","PM","N","F","N","Y","Y","N","N","N","N","N","Dark - Street Lights","Sideswipe","Automobile Right of Way","Other Motor Vehicle","N","N","N","N"
5966770,"N","Y","PDO (property damage only)","N",2012,23.5833333333333,"Fall","N","Y","Tu","Y","N","Y","N","N","N","N","N","Dark - Street Lights","Broadside","Pedestrian Violation","Other Motor Vehicle","N","N","N","N"
5966800,"N","Y","PDO (property damage only)","N",2012,17.5,"Fall","PM","N","W","Y","N","N","N","Y","N","Y","N","Dark - Street Lights","Broadside","Lights","Other Motor Vehicle","N","N","N","N"
5966916,"N","N","Injury (Complaint of Pain)","N",2012,17.4166666666667,"Fall","PM","N","Th","N","N","Y","N","N","N","N","N","Daylight","Broadside","Pedestrian Violation","Other Motor Vehicle","N","N","N","N"
5966968,"N","N","Injury (Complaint of Pain)","N",2012,2,"Fall","N","Y","M","N","N","Y","N","N","N","N","N","Dark - Street Lights","Vehicle/Pedestrian","Traffic Signals and Signs","Pedestrian","N","N","Y","N"
5967035,"N","Y","Injury (Complaint of Pain)","N",2012,15,"Fall","PM","N","Th","Y","N","Y","N","N","N","N","N","Daylight","Broadside","Pedestrian Violation","Other Motor Vehicle","N","N","N","N"
5968984,"N","Y","Injury (Other Visible)","N",2012,15.6333333333333,"Winter","PM","N","F","N","Y","Y","N","N","N","N","N","Daylight","Rear End","Wrong Side of Road","Other Motor Vehicle","N","N","N","N"
5969012,"N","N","PDO (property damage only)","N",2012,19.5,"Winter","N","N","Su","N","N","Y","N","N","N","N","N","Dark - Street Lights","Rear End","Wrong Side of Road","Other Motor Vehicle","N","N","N","N"
5969051,"N","Y","Injury (Other Visible)","N",2012,17,"Winter","PM","N","M","N","N","Y","N","N","N","N","N","Dark - Street Lights","Broadside","Improper Turning","Other Motor Vehicle","N","N","N","N"
5969069,"N","Y","PDO (property damage only)","N",2012,19.75,"Winter","N","N","W","Y","N","Y","N","N","N","N","N","Dark - Street Lights","Other","Pedestrian Violation","Other Motor Vehicle","N","N","N","N"
5969081,"N","Y","PDO (property damage only)","N",2012,17.5833333333333,"Fall","PM","N","W","N","N","Y","N","N","N","Y","N","Dark - Street Lights","Other","Impeding Traffic","Non-Collision","N","N","N","N"
5969153,"N","Y","Injury (Complaint of Pain)","N",2012,7.58333333333333,"Fall","AM","N","Tu","Y","N","Y","N","N","N","N","N","Daylight","Other","Pedestrian Violation","Motor Vehicle on Other Roadway","N","N","N","N"
5969157,"N","Y","PDO (property damage only)","N",2012,12.75,"Fall","N","N","Tu","N","N","Y","N","N","N","N","N","Daylight","Sideswipe","Pedestrian Violation","Other Motor Vehicle","N","N","N","N"
5970804,"N","Y","PDO (property damage only)","N",2012,16,"Fall","N","N","Su","Y","N","Y","N","N","N","N","N","Daylight","Broadside","Pedestrian Violation","Other Motor Vehicle","N","N","N","N"
5970807,"N","Y","Injury (Complaint of Pain)","N",2012,14.75,"Fall","N","N","W","N","N","N","Y","N","N","N","N","Daylight","Hit Object","Code 20","Fixed Object","N","N","N","N"
5970839,"N","Y","Injury (Complaint of Pain)","N",2012,18.8333333333333,"Fall","PM","N","W","N","N","Y","N","N","N","N","N","Dark - Street Lights","Sideswipe","Pedestrian Right of Way","Other Motor Vehicle","N","N","N","N"
5970875,"N","Y","PDO (property damage only)","N",2012,9.25,"Fall","N","N","F","Y","N","Y","N","N","N","N","N","Daylight","Broadside","Driving or Bicycling Under the Influence of Alcohol or Drug","Other Motor Vehicle","N","N","N","N"
5971051,"N","Y","Injury (Complaint of Pain)","N",2012,23.1666666666667,"Fall","N","Y","Th","Y","N","Y","N","N","N","N","N","Dark - Street Lights","Broadside","Pedestrian Violation","Other Motor Vehicle","N","N","N","N"
5971104,"N","Y","PDO (property damage only)","N",2012,12.25,"Fall","N","N","Th","N","N","N","Y","N","N","N","N","Daylight","Sideswipe","Automobile Right of Way","Other Motor Vehicle","N","N","N","N"
5971520,"N","Y","Injury (Complaint of Pain)","N",2012,11.0833333333333,"Fall","N","N","W","N","N","Y","N","N","N","N","N","Daylight","Broadside","Pedestrian Violation","Other Motor Vehicle","N","N","N","N"