"CASE_ID","mc_killed","mc_injured","collision_severity","severe","accident_year","hours_since_midnight","season","rush_hour","late_night","day_of_week","intersection","state_hwy_ind","w_clear","w_cloudy","w_rainy","w_other","road_not_dry","road_condition_issue","lighting","type_of_collision","pcf_viol_category","mviw","alcohol_involved","truck_accident","pedestrian_accident","bicycle_accident"
6163197,"N","N","Fatal","Y",2012,17.5833333333333,"Fall","PM","N","Tu","N","Y","Y","N","N","N","N","N","Dark - Street Lights","Rear End","Improper Turning","Other Motor Vehicle","N","N","N","N"
6166378,"N","N","Fatal","Y",2012,7.16666666666667,"Fall","AM","N","F","N","Y","Y","N","N","N","N","N","Daylight","Sideswipe","Improper Turning","Other Motor Vehicle","N","N","N","N"
6166429,"N","N","Fatal","Y",2012,9.75,"Fall","N","N","Th","N","Y","Y","N","N","N","N","N","Daylight","Rear End","Wrong Side of Road","Other Motor Vehicle","N","N","N","N"
6196199,"N","N","Fatal","Y",2012,14,"Fall","N","N","Su","N","Y","Y","N","N","N","N","N","Daylight","Rear End","Wrong Side of Road","Other Motor Vehicle","N","N","N","N"
6200733,"N","N","Fatal","Y",2012,18,"Fall","N","N","Sa","N","Y","Y","N","N","N","N","N","Dark - No Street Lights","Sideswipe","Pedestrian Right of Way","Other Motor Vehicle","N","N","N","N"
6282527,"N","N","Fatal","Y",2012,16.5,"Fall","PM","N","Th","N","Y","Y","N","N","N","N","N","Dusk or Dawn","Rear End","Automobile Right of Way","Other Motor Vehicle","N","N","N","N"
5639357,"Y","N","Injury (Severe)","Y",2013,22.1666666666667,"Winter","N","N","Sa","N","N","Y","N","N","N","N","N","Dark - Street Lights","Hit Object","Wrong Side of Road","Fixed Object","Y","N","N","N"
5639621,"Y","N","Injury (Severe)","Y",2013,8.16666666666667,"Winter","AM","N","W","N","Y","N","Y","N","N","N","N","Daylight","Hit Object","Pedestrian Right of Way","Fixed Object","N","N","N","N"
5639630,"Y","Y","Injury (Severe)","Y",2013,3.58333333333333,"Winter","N","Y","Sa","N","N","N","N","N","Y","N","N","Dark - No Street Lights","Hit Object","Wrong Side of Road","Fixed Object","Y","N","N","N"
5639691,"Y","N","Injury (Severe)","Y",2013,20.1666666666667,"Winter","N","N","M","Y","N","Y","N","N","N","N","N","Dark - Street Lights","Broadside","Pedestrian Violation","Other Motor Vehicle","N","N","N","N"
5639815,"Y","N","Injury (Severe)","Y",2013,7.41666666666667,"Winter","AM","N","F","Y","N","Y","N","N","N","N","N","Daylight","Broadside","Pedestrian Violation","Other Motor Vehicle","N","N","N","N"
5639847,"Y","N","Injury (Severe)","Y",2013,11,"Winter","N","N","Sa","Y","N","Y","N","N","N","N","N","Daylight","Broadside","Pedestrian Violation","Other Motor Vehicle","N","N","N","N"
5639959,"Y","N","Injury (Severe)","Y",2013,7.5,"Winter","AM","N","W","Y","N","Y","N","N","N","N","N","Daylight","Broadside","Pedestrian Violation","Other Motor Vehicle","N","N","N","N"
5892246,"N","Y","Injury (Complaint of Pain)","N",2013,12.4166666666667,"Winter","N","N","Sa","N","N","Y","N","N","N","N","N","Daylight","Sideswipe","Unsafe Starting or Backing","Other Motor Vehicle","N","N","N","N"
5900767,"N","Y","PDO (property damage only)","N",2013,15,"Winter","PM","N","F","N","N","Y","N","N","N","N","N","Daylight","Broadside","Code 19","Other Motor Vehicle","N","N","N","N"
5904107,"N","Y","PDO (property damage only)","N",2013,12.1666666666667,"Winter","N","N","F","Y","N","Y","N","N","N","N","N","Daylight","Head-On","Pedestrian Violation","Other Motor Vehicle","N","Y","N","N"
5910073,"Y","N","Injury (Severe)","Y",2013,20.25,"Spring","N","N","Sa","N","Y","N","Y","N","N","N","N","Dusk or Dawn","Rear End","Unsafe Speed","Other Motor Vehicle","Y","N","N","N"
5910145,"Y","N","Injury (Severe)","Y",2013,2.58333333333333,"Spring","N","Y","Su","N","N","Y","N","N","N","N","N","Dark - Street Lights","Hit Object","Wrong Side of Road","Fixed Object","Y","N","N","N"
5910277,"Y","N","Injury (Severe)","Y",2013,14,"Spring","N","N","Sa","Y","N","Y","N","N","N","N","N","Daylight","Broadside","Pedestrian Violation","Other Motor Vehicle","Y","N","N","N"
5910305,"Y","N","Injury (Severe)","Y",2013,16.75,"Spring","N","N","Su","N","N","Y","N","N","N","N","N","Daylight","Overturned","Impeding Traffic","Non-Collision","N","N","N","N"
5910360,"Y","N","Injury (Severe)","Y",2013,4.33333333333333,"Spring","N","Y","Sa","Y","N","Y","N","N","N","N","N","Dark - Street Lights","Broadside","Pedestrian Violation","Other Motor Vehicle","N","N","N","N"
5910400,"Y","N","Injury (Severe)","Y",2013,8.08333333333333,"Winter","AM","N","M","N","Y","Y","N","N","N","N","N","Daylight","Sideswipe","Pedestrian Right of Way","Other Motor Vehicle","N","N","N","N"
5910403,"Y","N","Injury (Severe)","Y",2013,9.25,"Spring","N","N","Sa","Y","N","Y","N","N","N","N","N","Daylight","Broadside","Pedestrian Violation","Other Motor Vehicle","N","N","N","N"
5910476,"Y","N","Injury (Severe)","Y",2013,17.4166666666667,"Spring","PM","N","F","N","N","Y","N","N","N","N","N","Daylight","Hit Object","Wrong Side of Road","Fixed Object","N","N","N","N"
5910516,"Y","N","Injury (Severe)","Y",2013,10.25,"Spring","N","N","Tu","N","N","Y","N","N","N","N","N","Daylight","Rear End","Improper Passing","Other Motor Vehicle","N","Y","N","N"
5910661,"Y","N","Injury (Severe)","Y",2013,18.4166666666667,"Summer","PM","N","F","Y","Y","Y","N","N","N","N","N","Daylight","Broadside","Lights","Other Motor Vehicle","N","N","N","N"
5910703,"Y","N","Injury (Severe)","Y",2013,3,"Summer","N","Y","F","Y","N","Y","N","N","N","N","N","Dark - Street Lights","Hit Object","Wrong Side of Road","Other Object","Y","N","N","N"
5910729,"Y","N","Injury (Severe)","Y",2013,21.8333333333333,"Summer","N","N","Su","Y","Y","Y","N","N","N","N","N","Dark - Street Lights","Head-On","Pedestrian Violation","Other Motor Vehicle","N","N","N","N"
5911078,"Y","N","Injury (Severe)","Y",2013,22.5833333333333,"Summer","N","N","Su","Y","N","Y","N","N","N","N","N","Dark - Street Lights","Broadside","Pedestrian Violation","Other Motor Vehicle","N","N","N","N"
5911130,"Y","N","Injury (Severe)","Y",2013,22.25,"Summer","N","N","M","N","Y","Y","N","N","N","N","N","Dark - Street Lights","Hit Object","Pedestrian Right of Way","Fixed Object","N","N","N","N"
5911154,"Y","N","Injury (Severe)","Y",2013,1.5,"Summer","N","Y","W","N","N","Y","N","N","N","N","N","Dark - Street Lights","Broadside","Pedestrian Violation","Other Motor Vehicle","Y","N","N","N"
5911331,"Y","N","Injury (Severe)","Y",2013,14.0833333333333,"Summer","N","N","Th","N","N","Y","N","N","N","N","N","Daylight","Head-On","Unsafe Lane Change","Other Motor Vehicle","N","N","N","N"
5911461,"Y","N","Injury (Severe)","Y",2013,14.5833333333333,"Fall","N","N","Tu","N","Y","Y","N","N","N","N","N","Daylight","Sideswipe","Pedestrian Right of Way","Other Motor Vehicle","N","Y","N","N"
5911488,"Y","N","Injury (Severe)","Y",2013,19.5833333333333,"Fall","N","N","F","N","N","Y","N","N","N","N","N","Dark - Street Lights","Hit Object","Wrong Side of Road","Fixed Object","Y","N","N","N"
5911501,"Y","N","Injury (Severe)","Y",2013,5.88333333333333,"Fall","N","N","M","N","N","N","Y","N","N","N","N","Dark - Street Lights","Sideswipe","Automobile Right of Way","Other Motor Vehicle","N","N","N","N"
5911519,"Y","N","Injury (Severe)","Y",2013,6.58333333333333,"Fall","N","N","Tu","N","Y","N","Y","N","N","N","N","Dusk or Dawn","Hit Object","Pedestrian Right of Way","Fixed Object","N","N","N","N"
5911626,"Y","N","Injury (Severe)","Y",2013,8.83333333333333,"Fall","N","N","Su","N","N","Y","N","N","N","N","N","Daylight","Broadside","Pedestrian Violation","Other Motor Vehicle","N","N","N","N"
5911631,"Y","N","Injury (Severe)","Y",2013,0.916666666666667,"Summer","N","Y","F","N","Y","Y","N","N","N","N","N","Dark - No Street Lights","Rear End","Unsafe Speed","Other Motor Vehicle","Y","N","N","N"
5911662,"Y","N","Injury (Severe)","Y",2013,21.0833333333333,"Fall","N","N","M","Y","N","Y","N","N","N","N","N","Dark - Street Lights","Head-On","Pedestrian Violation","Other Motor Vehicle","Y","N","N","N"
5911698,"Y","N","Injury (Severe)","Y",2013,22.75,"Summer","N","N","M","N","Y","Y","N","N","N","N","N","Dark - No Street Lights","Hit Object","Unsafe Speed","Fixed Object","Y","N","N","N"
5911837,"Y","N","Injury (Severe)","Y",2013,0.5,"Fall","N","Y","Sa","Y","N","Y","N","N","N","N","N","Dark - Street Lights","Head-On","Unsafe Speed","Other Motor Vehicle","Y","N","N","N"
5911905,"Y","N","Injury (Severe)","Y",2013,11,"Winter","N","N","Sa","Y","N","Y","N","N","N","N","N","Daylight","Broadside","Wrong Side of Road","Other Motor Vehicle","N","N","N","N"
5911931,"Y","N","Injury (Severe)","Y",2013,17.8333333333333,"Winter","PM","N","F","Y","N","Y","N","N","N","N","N","Dark - Street Lights","Broadside","Pedestrian Violation","Other Motor Vehicle","N","N","N","N"
5911967,"Y","N","Injury (Severe)","Y",2013,2.58333333333333,"Fall","N","Y","M","N","N","Y","N","N","N","N","N","Dark - Street Lights","Hit Object","Unsafe Lane Change","Fixed Object","N","N","N","N"
5912191,"Y","N","Injury (Severe)","Y",2013,23.0833333333333,"Fall","N","Y","Th","N","Y","Y","N","N","N","N","N","Dark - No Street Lights","Hit Object","Pedestrian Right of Way","Fixed Object","Y","N","N","N"
5914267,"N","Y","PDO (property damage only)","N",2013,8.83333333333333,"Winter","AM","N","F","N","Y","Y","N","N","N","N","N","Daylight","Rear End","Wrong Side of Road","Other Motor Vehicle","N","Y","N","N"
5918012,"N","Y","Injury (Complaint of Pain)","N",2013,8.95,"Winter","AM","N","Tu","Y","N","Y","N","N","N","N","N","Daylight","Sideswipe","Code 20","Other Motor Vehicle","N","Y","N","N"
5918584,"N","Y","Injury (Other Visible)","N",2013,10.1666666666667,"Winter","N","N","W","N","Y","Y","N","N","N","N","N","Daylight","Rear End","Wrong Side of Road","Other Motor Vehicle","N","N","N","N"
5922519,"N","Y","Injury (Complaint of Pain)","N",2013,9.5,"Winter","N","N","F","N","Y","Y","N","N","N","N","N","Daylight","Sideswipe","Impeding Traffic","Other Motor Vehicle","N","N","N","N"
5922524,"N","Y","PDO (property damage only)","N",2013,13,"Winter","N","N","Tu","N","N","Y","N","N","N","N","N","Daylight","Broadside","Unsafe Starting or Backing","Other Motor Vehicle","N","N","N","N"
5924747,"N","Y","PDO (property damage only)","N",2013,18.1666666666667,"Winter","PM","N","M","Y","N","Y","N","N","N","N","N","Dusk or Dawn","Broadside","Pedestrian Right of Way","Other Motor Vehicle","N","N","N","N"
5924777,"N","Y","PDO (property damage only)","N",2013,15.1666666666667,"Winter","PM","N","W","N","Y","Y","N","N","N","N","N","Daylight","Rear End","Wrong Side of Road","Other Motor Vehicle","N","N","N","N"
5927130,"N","Y","Injury (Other Visible)","N",2013,19,"Winter","PM","N","Tu","N","N","Y","N","N","N","N","N","Dark - Street Lights","Broadside","Unsafe Speed","Other Motor Vehicle","Y","N","N","N"
5932093,"N","Y","Injury (Complaint of Pain)","N",2013,12.9166666666667,"Winter","N","N","M","N","N","Y","N","N","N","N","N","Daylight","Sideswipe","Pedestrian Right of Way","Other Motor Vehicle","N","N","N","N"
5932103,"N","Y","Injury (Complaint of Pain)","N",2013,14.8333333333333,"Winter","N","N","Tu","N","N","Y","N","N","N","N","Y","Daylight","Sideswipe","Automobile Right of Way","Other Motor Vehicle","N","Y","N","N"
5934001,"N","Y","Injury (Complaint of Pain)","N",2013,8.5,"Winter","AM","N","W","Y","N","Y","N","N","N","N","N","Daylight","Sideswipe","Impeding Traffic","Other Motor Vehicle","N","N","N","N"
5934131,"N","N","PDO (property damage only)","N",2013,16.75,"Winter","PM","N","M","Y","N","Y","N","N","N","N","N","Daylight","Broadside","Pedestrian Violation","Other Motor Vehicle","N","N","N","N"
5936391,"N","Y","Injury (Other Visible)","N",2013,6.75,"Winter","N","N","Tu","N","N","N","Y","N","N","N","N","Daylight","Other","Automobile Right of Way","Other Object","N","N","N","N"
5941662,"N","Y","Injury (Other Visible)","N",2013,22.6666666666667,"Winter","N","N","Tu","N","N","Y","N","N","N","N","N","Dark - Street Lights","Broadside","Pedestrian Right of Way","Other Motor Vehicle","N","N","N","N"
5942008,"N","Y","PDO (property damage only)","N",2013,11.8333333333333,"Winter","N","N","W","Y","N","Y","N","N","N","N","N","Daylight","Broadside","Pedestrian Violation","Other Motor Vehicle","N","N","N","N"
5942016,"N","Y","Injury (Complaint of Pain)","N",2013,13,"Winter","N","N","W","Y","N","Y","N","N","N","N","N","Daylight","Broadside","Pedestrian Violation","Other Motor Vehicle","N","N","N","N"
5942021,"N","Y","Injury (Other Visible)","N",2013,8,"Winter","AM","N","W","N","Y","N","Y","N","N","N","N","Daylight","Sideswipe","Automobile Right of Way","Other Motor Vehicle","N","N","N","N"
5942052,"N","Y","Injury (Complaint of Pain)","N",2013,2.41666666666667,"Winter","N","Y","Sa","N","N","Y","N","N","N","N","N","Dark - Street Lights","Hit Object","Unsafe Speed","Fixed Object","Y","N","N","N"
5942058,"N","Y","PDO (property damage only)","N",2013,16.8333333333333,"Winter","PM","N","Tu","N","N","Y","N","N","N","N","N","Dusk or Dawn","Broadside","Pedestrian Violation","Other Motor Vehicle","N","N","N","N"
5942094,"N","Y","Injury (Complaint of Pain)","N",2013,19.4166666666667,"Winter","N","N","M","Y","N","Y","N","N","N","N","N","Dark - Street Lights","Broadside","Pedestrian Right of Way","Other Motor Vehicle","N","N","N","N"
5942241,"N","Y","Injury (Complaint of Pain)","N",2013,15.75,"Winter","PM","N","Tu","N","N","Y","N","N","N","N","N","Daylight","Broadside","Pedestrian Violation","Other Motor Vehicle","N","N","N","N"
5942256,"N","Y","Injury (Complaint of Pain)","N",2013,23.3333333333333,"Winter","N","Y","W","N","N","Y","N","N","N","N","N","Dark - Street Lights","Other","Wrong Side of Road","Other Object","N","N","N","N"
5942548,"N","N","PDO (property damage only)","N",2013,7.91666666666667,"Winter","AM","N","W","N","Y","Y","N","N","N","N","N","Daylight","Sideswipe","Automobile Right of Way","Other Motor Vehicle","N","N","N","N"
5944655,"N","Y","PDO (property damage only)","N",2013,19.5,"Winter","N","N","Tu","Y","N","Y","N","N","N","N","N","Dark - Street Lights","Broadside","Pedestrian Violation","Other Motor Vehicle","N","N","N","N"
5946090,"N","Y","Injury (Complaint of Pain)","N",2013,8.91666666666667,"Winter","AM","N","W","N","N","N","Y","N","N","N","Y","Daylight","Broadside","Pedestrian Violation","Other Motor Vehicle","N","N","N","N"
5946100,"N","Y","Injury (Other Visible)","N",2013,10.9166666666667,"Winter","N","N","F","N","Y","Y","N","N","N","N","N","Daylight","Sideswipe","Driving or Bicycling Under the Influence of Alcohol or Drug","Other Motor Vehicle","N","N","N","N"
5946126,"N","Y","Injury (Complaint of Pain)","N",2013,10.8333333333333,"Winter","N","N","Su","Y","N","Y","N","N","N","N","N","Daylight","Broadside","Pedestrian Violation","Other Motor Vehicle","N","N","N","N"
5946132,"N","Y","Injury (Complaint of Pain)","N",2013,17,"Winter","N","N","Sa","N","N","Y","N","N","N","N","N","Daylight","Broadside","Pedestrian Violation","Other Motor Vehicle","N","N","N","N"
5946354,"N","Y","Injury (Other Visible)","N",2013,17.25,"Winter","PM","N","W","N","N","N","Y","N","N","N","N","Dark - Street Lights","Hit Object","Wrong Side of Road","Fixed Object","N","N","N","N"
5946382,"N","N","PDO (property damage only)","N",2013,13.3333333333333,"Winter","N","N","Th","Y","N","Y","N","N","N","N","N","Daylight","Broadside","Pedestrian Right of Way","Motor Vehicle on Other Roadway","N","N","N","N"
5946406,"N","Y","PDO (property damage only)","N",2013,15,"Winter","N","N","Su","N","N","Y","N","N","N","N","N","Daylight","Broadside","Wrong Side of Road","Other Motor Vehicle","N","N","N","N"
5946410,"N","Y","Injury (Complaint of Pain)","N",2013,16.5,"Winter","PM","N","F","N","N","Y","N","N","N","N","N","Daylight","Broadside","Pedestrian Violation","Other Motor Vehicle","N","N","N","N"
5946458,"N","Y","PDO (property damage only)","N",2013,8,"Winter","AM","N","F","Y","N","Y","N","N","N","N","N","Daylight","Broadside","Driving or Bicycling Under the Influence of Alcohol or Drug","Other Motor Vehicle","N","N","N","N"
5946476,"N","Y","Injury (Complaint of Pain)","N",2013,16.3333333333333,"Winter","PM","N","Th","N","Y","N","Y","N","N","N","N","Daylight","Overturned","Pedestrian Right of Way","Non-Collision","N","N","N","N"
5946527,"N","Y","Injury (Complaint of Pain)","N",2013,15.6666666666667,"Winter","PM","N","Tu","N","Y","Y","N","N","N","N","N","Daylight","Hit Object","Pedestrian Right of Way","Fixed Object","N","N","N","N"
5946529,"N","Y","PDO (property damage only)","N",2013,8.58333333333333,"Winter","AM","N","Th","N","Y","Y","N","N","N","N","N","Daylight","Sideswipe","Automobile Right of Way","Other Motor Vehicle","N","N","N","N"
5946682,"N","Y","PDO (property damage only)","N",2013,18.25,"Winter","PM","N","M","N","Y","Y","N","N","N","N","N","Dark - No Street Lights","Sideswipe","Improper Turning","Other Motor Vehicle","N","N","N","N"
5947524,"N","Y","Injury (Complaint of Pain)","N",2013,19.25,"Winter","N","N","Sa","N","N","Y","N","N","N","N","N","Dark - Street Lights","Sideswipe","Wrong Side of Road","Parked Motor Vehicle","N","N","N","N"
5947621,"N","Y","PDO (property damage only)","N",2013,9.83333333333333,"Winter","N","N","Th","N","Y","Y","N","N","N","N","N","Daylight","Sideswipe","Driving or Bicycling Under the Influence of Alcohol or Drug","Other Motor Vehicle","N","N","N","N"
5947707,"N","Y","PDO (property damage only)","N",2013,17,"Winter","PM","N","W","Y","N","Y","N","N","N","N","N","Daylight","Broadside","Lights","Other Motor Vehicle","N","N","N","N"
5947734,"N","Y","Injury (Complaint of Pain)","N",2013,19.4166666666667,"Spring","N","N","Su","N","N","N","Y","N","N","N","N","Dark - Street Lights","Rear End","Improper Passing","Other Motor Vehicle","N","N","N","N"
5947753,"N","Y","PDO (property damage only)","N",2013,18.3333333333333,"Winter","PM","N","W","N","N","Y","N","N","N","N","N","Dusk or Dawn","Rear End","Improper Passing","Other Motor Vehicle","N","N","N","N"
5948814,"N","Y","PDO (property damage only)","N",2013,10.6666666666667,"Winter","N","N","M","N","Y","Y","N","N","N","N","N","Daylight","Broadside","Pedestrian Violation","Other Motor Vehicle","N","N","N","N"
5949540,"N","Y","PDO (property damage only)","N",2013,16,"Winter","PM","N","Th","N","N","Y","N","N","N","N","N","Daylight","Hit Object","Wrong Side of Road","Fixed Object","N","N","N","N"
5949568,"N","Y","PDO (property damage only)","N",2013,16.1666666666667,"Winter","N","N","Sa","N","N","Y","N","N","N","N","N","Daylight","Rear End","Automobile Right of Way","Other Motor Vehicle","N","N","N","N"
5949630,"N","Y","PDO (property damage only)","N",2013,8.91666666666667,"Winter","AM","N","Th","N","Y","Y","N","N","N","N","N","Daylight","Sideswipe","Automobile Right of Way","Other Motor Vehicle","N","N","N","N"
5949652,"N","Y","PDO (property damage only)","N",2013,17,"Winter","PM","N","Tu","Y","N","Y","N","N","N","N","N","Dusk or Dawn","Broadside","Pedestrian Violation","Other Motor Vehicle","N","N","N","N"
5949653,"N","Y","Injury (Other Visible)","N",2013,18.6666666666667,"Winter","N","N","Sa","N","N","Y","N","N","N","N","N","Dark - Street Lights","Broadside","Pedestrian Right of Way","Other Motor Vehicle","N","N","N","N"
5949654,"N","Y","PDO (property damage only)","N",2013,16.6666666666667,"Winter","PM","N","M","Y","N","Y","N","N","N","N","N","Daylight","Rear End","Wrong Side of Road","Other Motor Vehicle","N","N","N","N"
5949760,"N","Y","Injury (Complaint of Pain)","N",2013,11.6666666666667,"Winter","N","N","Su","Y","N","N","Y","N","N","N","N","Daylight","Broadside","Pedestrian Violation","Other Motor Vehicle","N","N","N","N"
5949774,"N","Y","Injury (Complaint of Pain)","N",2013,18.5,"Winter","PM","N","W","N","N","N","Y","N","N","N","Y","Dark - Street Lights","Broadside","Pedestrian Violation","Other Motor Vehicle","N","N","N","N"
5949843,"N","Y","Injury (Other Visible)","N",2013,9.5,"Winter","N","N","Sa","Y","N","Y","N","N","N","N","N","Daylight","Broadside","Wrong Side of Road","Other Motor Vehicle","N","N","N","N"
5949886,"N","Y","Injury (Complaint of Pain)","N",2013,17.0833333333333,"Winter","PM","N","Th","N","N","Y","N","N","N","N","N","Daylight","Broadside","Wrong Side of Road","Parked Motor Vehicle","N","N","N","N"
5960188,"N","Y","Injury (Other Visible)","N",2013,21.8333333333333,"Spring","N","N","Su","N","N","Y","N","N","N","N","N","Dark - Street Lights","Rear End","Unsafe Speed","Other Motor Vehicle","Y","N","N","N"
5960535,"N","Y","Injury (Other Visible)","N",2013,12.3333333333333,"Winter","N","N","F","N","Y","Y","N","N","N","N","N","Daylight","Broadside","Pedestrian Violation","Other Motor Vehicle","N","N","N","N"
5960570,"N","Y","PDO (property damage only)","N",2013,14.5833333333333,"Winter","N","N","Th","Y","N","Y","N","N","N","N","N","Daylight","Broadside","Pedestrian Violation","Other Motor Vehicle","N","N","N","N"
5960598,"N","Y","Injury (Complaint of Pain)","N",2013,15.75,"Winter","PM","N","W","N","N","Y","N","N","N","N","N","Daylight","Broadside","Pedestrian Violation","Other Motor Vehicle","N","N","N","N"
5960632,"N","Y","PDO (property damage only)","N",2013,20.3333333333333,"Winter","N","N","Th","N","Y","Y","N","N","N","N","N","Dark - Street Lights","Sideswipe","Automobile Right of Way","Other Motor Vehicle","N","N","N","N"
5960634,"N","Y","Injury (Other Visible)","N",2013,20.25,"Winter","N","N","Tu","N","N","Y","N","N","N","N","N","Dark - Street Lights","Broadside","Pedestrian Violation","Other Motor Vehicle","N","N","N","N"
5963787,"N","Y","PDO (property damage only)","N",2013,13.9166666666667,"Winter","N","N","Su","N","N","Y","N","N","N","N","N","Daylight","Broadside","Pedestrian Violation","Other Motor Vehicle","N","N","N","N"
5963803,"N","Y","Injury (Complaint of Pain)","N",2013,14.75,"Winter","N","N","Sa","Y","N","Y","N","N","N","N","N","Daylight","Other","Wrong Side of Road","Fixed Object","N","N","N","N"
5963815,"N","Y","Injury (Complaint of Pain)","N",2013,16,"Winter","PM","N","F","Y","N","Y","N","N","N","N","N","Daylight","Other","Wrong Side of Road","Other Object","N","N","N","N"
5965356,"N","Y","Injury (Complaint of Pain)","N",2013,17.5,"Winter","PM","N","M","Y","N","Y","N","N","N","N","N","Daylight","Broadside","Pedestrian Violation","Other Motor Vehicle","N","N","N","N"
5974197,"N","Y","PDO (property damage only)","N",2013,9.08333333333333,"Winter","N","N","W","Y","N","Y","N","N","N","N","N","Daylight","Broadside","Pedestrian Violation","Other Motor Vehicle","N","N","N","N"
5975311,"N","Y","Injury (Other Visible)","N",2013,17.6333333333333,"Winter","PM","N","W","Y","N","Y","N","N","N","N","N","Dark - Street Lights","Broadside","Driving or Bicycling Under the Influence of Alcohol or Drug","Other Motor Vehicle","N","N","N","N"
5975354,"N","Y","Injury (Complaint of Pain)","N",2013,16.8333333333333,"Winter","PM","N","W","N","N","Y","N","N","N","N","N","Daylight","Broadside","Pedestrian Violation","Other Motor Vehicle","N","N","N","N"
5975384,"N","Y","Injury (Complaint of Pain)","N",2013,1.58333333333333,"Winter","N","Y","Sa","N","N","Y","N","N","N","N","N","Dark - Street Lights","Rear End","Improper Passing","Other Motor Vehicle","N","N","N","N"
5976250,"N","Y","Injury (Complaint of Pain)","N",2013,19,"Winter","PM","N","W","Y","N","Y","N","N","N","N","N","Dark - Street Lights","Broadside","Pedestrian Violation","Other Motor Vehicle","N","N","N","N"
5976262,"N","Y","PDO (property damage only)","N",2013,20,"Winter","N","N","W","N","N","Y","N","N","N","N","N","Dark - Street Lights","Other","Automobile Right of Way","Other Motor Vehicle","N","N","N","N"
5976373,"N","Y","Injury (Complaint of Pain)","N",2013,16.8333333333333,"Winter","PM","N","W","N","N","Y","N","N","N","N","N","Daylight","Other","Automobile Right of Way","Fixed Object","N","N","N","N"
5976423,"N","Y","Injury (Complaint of Pain)","N",2013,9,"Winter","AM","N","M","N","Y","Y","N","N","N","N","N","Daylight","Overturned","Wrong Side of Road","Non-Collision","N","N","N","N"
5976437,"N","Y","PDO (property damage only)","N",2013,10.5,"Winter","N","N","W","Y","N","Y","N","N","N","N","N","Daylight","Broadside","Lights","Other Motor Vehicle","N","N","N","N"
5976478,"N","Y","Injury (Complaint of Pain)","N",2013,13.25,"Winter","N","N","Su","N","Y","Y","N","N","N","N","N","Daylight","Hit Object","Wrong Side of Road","Fixed Object","N","N","N","N"
5976501,"N","Y","PDO (property damage only)","N",2013,11.5833333333333,"Winter","N","N","Sa","N","Y","Y","N","N","N","N","N","Daylight","Rear End","Wrong Side of Road","Other Motor Vehicle","N","N","N","N"
5976527,"N","Y","Injury (Complaint of Pain)","N",2013,12.1666666666667,"Winter","N","N","Th","N","N","Y","N","N","N","N","N","Daylight","Rear End","Automobile Right of Way","Other Motor Vehicle","Y","N","N","N"
5976572,"N","Y","PDO (property damage only)","N",2013,13.5833333333333,"Winter","N","N","Su","N","N","Y","N","N","N","N","N","Daylight","Overturned","Wrong Side of Road","Other Object","N","N","N","N"
5976612,"N","Y","PDO (property damage only)","N",2013,14.75,"Winter","N","N","M","N","N","Y","N","N","N","N","N","Daylight","Rear End","Improper Passing","Other Motor Vehicle","N","N","N","N"
5976620,"N","N","Injury (Complaint of Pain)","N",2013,17.5833333333333,"Winter","PM","N","W","N","N","Y","N","N","N","N","N","Dark - Street Lights","Broadside","Pedestrian Violation","Other Motor Vehicle","N","N","N","N"
5976628,"N","Y","Injury (Complaint of Pain)","N",2013,7.75,"Winter","AM","N","Tu","Y","N","Y","N","N","N","N","N","Daylight","Sideswipe","Automobile Right of Way","Other Motor Vehicle","N","N","N","N"
5976675,"N","N","PDO (property damage only)","N",2013,17.8333333333333,"Winter","PM","N","M","Y","N","Y","N","N","N","N","N","Dark - Street Lights","Sideswipe","Pedestrian Violation","Other Motor Vehicle","N","N","N","N"
5976677,"N","Y","PDO (property damage only)","N",2013,10.5833333333333,"Winter","N","N","Su","N","N","Y","N","N","N","N","N","Daylight","Rear End","Wrong Side of Road","Other Motor Vehicle","N","N","N","N"
5976684,"N","Y","Injury (Complaint of Pain)","N",2013,15.3333333333333,"Winter","PM","N","Tu","N","N","Y","N","N","N","N","N","Daylight","Sideswipe","Unsafe Lane Change","Other Motor Vehicle","N","N","N","N"
5976715,"N","Y","Injury (Complaint of Pain)","N",2013,9.33333333333333,"Winter","N","N","W","Y","N","Y","N","N","N","Y","N","Daylight","Other","Wrong Side of Road","Other Object","N","N","N","N"
5976973,"N","Y","Injury (Complaint of Pain)","N",2013,11.25,"Winter","N","N","W","N","N","Y","N","N","N","N","N","Daylight","Broadside","Pedestrian Violation","Motor Vehicle on Other Roadway","N","N","N","N"
5976977,"N","Y","Injury (Complaint of Pain)","N",2013,13.75,"Winter","N","N","Tu","Y","N","Y","N","N","N","N","N","Daylight","Hit Object","Wrong Side of Road","Fixed Object","N","N","N","N"
5977133,"N","Y","Injury (Other Visible)","N",2013,22.6666666666667,"Winter","N","N","Tu","N","N","Y","N","N","N","N","N","Dark - Street Lights","Rear End","Unsafe Speed","Parked Motor Vehicle","N","N","N","N"
5977855,"N","Y","Injury (Complaint of Pain)","N",2013,12.25,"Winter","N","N","Sa","N","N","N","Y","N","N","N","N","Daylight","Other","Code 20","Other Motor Vehicle","N","N","N","N"