"CASE_ID","mc_killed","mc_injured","collision_severity","severe","accident_year","hours_since_midnight","season","rush_hour","late_night","day_of_week","intersection","state_hwy_ind","w_clear","w_cloudy","w_rainy","w_other","road_not_dry","road_condition_issue","lighting","type_of_collision","pcf_viol_category","mviw","alcohol_involved","truck_accident","pedestrian_accident","bicycle_accident"
6011363,"N","Y","Injury (Other Visible)","N",2013,13.6666666666667,"Winter","N","N","Sa","N","N","Y","N","N","N","N","N","Daylight","Broadside","Pedestrian Violation","Other Motor Vehicle","N","N","N","N"
6011383,"N","Y","Injury (Complaint of Pain)","N",2013,8.16666666666667,"Winter","AM","N","Tu","Y","N","N","Y","N","N","Y","N","Daylight","Broadside","Pedestrian Violation","Other Motor Vehicle","N","N","N","N"
6011386,"N","Y","PDO (property damage only)","N",2013,19,"Winter","N","N","Su","Y","N","Y","N","N","N","N","N","Dark - Street Lights","Broadside","Pedestrian Violation","Other Motor Vehicle","N","N","N","N"
6011404,"N","Y","PDO (property damage only)","N",2013,13.1666666666667,"Winter","N","N","Sa","N","N","Y","N","N","N","N","N","Daylight","Overturned","Wrong Side of Road","Other Object","N","N","N","N"
6011423,"N","N","PDO (property damage only)","N",2013,0.833333333333333,"Winter","N","Y","Su","Y","N","Y","N","N","N","N","N","Dark - Street Lights","Broadside","Pedestrian Violation","Other Motor Vehicle","N","N","N","N"
6011785,"N","Y","Injury (Complaint of Pain)","N",2013,20.3333333333333,"Winter","N","N","M","Y","N","Y","N","N","N","N","N","Dark - Street Lights","Head-On","Pedestrian Violation","Other Motor Vehicle","N","N","N","N"
6014260,"N","N","PDO (property damage only)","N",2013,15.8333333333333,"Spring","PM","N","Tu","Y","N","Y","N","N","N","N","N","Daylight","Broadside","Driving or Bicycling Under the Influence of Alcohol or Drug","Other Motor Vehicle","N","N","N","N"
6017750,"N","Y","Injury (Complaint of Pain)","N",2013,13.5,"Spring","N","N","M","N","N","Y","N","N","N","N","N","Daylight","Rear End","Improper Passing","Other Motor Vehicle","N","N","N","N"
6017763,"N","Y","PDO (property damage only)","N",2013,20.0833333333333,"Winter","N","N","M","N","Y","Y","N","N","N","N","Y","Dark - No Street Lights","Overturned","Code 20","Non-Collision","N","N","N","N"
6017767,"N","Y","Injury (Complaint of Pain)","N",2013,10,"Winter","N","N","W","N","Y","Y","N","N","N","N","N","Daylight","Sideswipe","Wrong Side of Road","Other Motor Vehicle","N","N","N","N"
6017839,"N","Y","Injury (Complaint of Pain)","N",2013,1.35,"Winter","N","Y","Su","N","Y","Y","N","N","N","N","N","Dark - Street Lights","Overturned","Unsafe Speed","Non-Collision","Y","N","N","N"
6017854,"N","Y","PDO (property damage only)","N",2013,18.75,"Winter","PM","N","Tu","Y","N","Y","N","N","N","N","N","Daylight","Broadside","Pedestrian Violation","Other Motor Vehicle","N","N","N","N"
6017858,"N","Y","Injury (Complaint of Pain)","N",2013,22.25,"Winter","N","N","M","Y","N","Y","N","N","N","N","N","Dark - Street Lights","Vehicle/Pedestrian","Pedestrian Right of Way","Motor Vehicle on Other Roadway","N","N","N","N"
6017909,"N","Y","PDO (property damage only)","N",2013,23.5,"Spring","N","Y","Sa","N","N","Y","N","N","N","N","N","Dark - Street Lights","Sideswipe","Automobile Right of Way","Other Motor Vehicle","N","N","N","N"
6017914,"N","Y","Injury (Other Visible)","N",2013,12.75,"Spring","N","N","Sa","Y","N","Y","N","N","N","N","Y","Daylight","Other","Code 20","Fixed Object","N","N","N","N"
6017960,"N","Y","Injury (Complaint of Pain)","N",2013,22.8333333333333,"Winter","N","N","Su","Y","N","Y","N","N","N","N","N","Dark - Street Lights","Other","Impeding Traffic","Other Object","Y","N","N","N"
6018359,"N","Y","PDO (property damage only)","N",2013,6.83333333333333,"Winter","N","N","M","N","Y","Y","N","N","N","N","N","Dusk or Dawn","Rear End","Unsafe Starting or Backing","Other Motor Vehicle","N","N","N","N"
6018364,"N","Y","PDO (property damage only)","N",2013,14.8666666666667,"Winter","N","N","Tu","N","Y","Y","N","N","N","N","N","Daylight","Sideswipe","Driving or Bicycling Under the Influence of Alcohol or Drug","Other Motor Vehicle","N","N","N","N"
6018383,"N","Y","Injury (Complaint of Pain)","N",2013,19.0833333333333,"Spring","N","N","Tu","N","Y","Y","N","N","N","N","N","Dusk or Dawn","Overturned","Pedestrian Right of Way","Non-Collision","N","N","N","N"
6018595,"N","Y","Injury (Other Visible)","N",2013,17.8333333333333,"Spring","PM","N","M","N","N","Y","N","N","N","N","N","Daylight","Broadside","Pedestrian Right of Way","Other Motor Vehicle","N","N","N","N"
6019438,"N","Y","Injury (Complaint of Pain)","N",2013,16.3333333333333,"Winter","N","N","Su","N","Y","Y","N","N","N","N","N","Daylight","Rear End","Wrong Side of Road","Other Motor Vehicle","N","N","N","N"
6019774,"N","Y","Injury (Other Visible)","N",2013,6.33333333333333,"Winter","N","N","Th","N","Y","Y","N","N","N","N","N","Dark - Street Lights","Sideswipe","Automobile Right of Way","Other Motor Vehicle","N","N","N","N"
6020278,"N","Y","Injury (Complaint of Pain)","N",2013,1.08333333333333,"Winter","N","Y","W","N","Y","N","Y","N","N","N","N","Dark - No Street Lights","Overturned","Pedestrian Right of Way","Non-Collision","N","N","N","N"
6020483,"N","Y","PDO (property damage only)","N",2013,11.8333333333333,"Winter","N","N","Tu","N","N","N","Y","N","N","N","N","Daylight","Broadside","Pedestrian Violation","Other Motor Vehicle","N","N","N","N"
6020487,"N","Y","PDO (property damage only)","N",2013,18.0833333333333,"Winter","PM","N","M","N","N","Y","N","N","N","N","N","Dark - Street Lights","Rear End","Wrong Side of Road","Other Motor Vehicle","N","N","N","N"
6020504,"N","Y","Injury (Complaint of Pain)","N",2013,13.75,"Winter","N","N","Su","N","Y","Y","N","N","N","N","N","Daylight","Sideswipe","Automobile Right of Way","Other Motor Vehicle","N","N","N","N"
6020587,"N","Y","Injury (Complaint of Pain)","N",2013,19.5,"Winter","N","N","Th","Y","N","Y","N","N","N","N","N","Dark - Street Lights","Broadside","Pedestrian Right of Way","Other Motor Vehicle","N","N","N","N"
6020618,"N","Y","Injury (Complaint of Pain)","N",2013,8.83333333333333,"Winter","AM","N","Tu","Y","N","Y","N","N","N","N","N","Daylight","Broadside","Pedestrian Violation","Other Motor Vehicle","N","N","N","N"
6020777,"N","Y","Injury (Complaint of Pain)","N",2013,20.2166666666667,"Winter","N","N","W","N","N","Y","N","N","N","N","N","Dark - Street Lights","Broadside","Unsafe Speed","Other Motor Vehicle","Y","N","N","N"
6021532,"N","Y","Injury (Complaint of Pain)","N",2013,20.1666666666667,"Spring","N","N","M","Y","N","N","Y","N","N","N","N","Dark - Street Lights","Head-On","Pedestrian Violation","Other Motor Vehicle","N","N","N","N"
6021560,"N","Y","Injury (Complaint of Pain)","N",2013,13.1666666666667,"Spring","N","N","Sa","N","N","Y","N","N","N","N","N","Daylight","Broadside","Unsafe Starting or Backing","Other Motor Vehicle","N","N","N","N"
6021579,"N","Y","Injury (Complaint of Pain)","N",2013,16.5,"Spring","PM","N","F","Y","N","Y","N","N","N","N","N","Daylight","Sideswipe","Automobile Right of Way","Other Motor Vehicle","N","N","N","N"
6021592,"N","Y","PDO (property damage only)","N",2013,11.5,"Spring","N","N","Su","N","N","N","Y","N","N","N","N","Daylight","Rear End","Wrong Side of Road","Other Motor Vehicle","N","N","N","N"
6021609,"N","Y","Injury (Complaint of Pain)","N",2013,21.75,"Spring","N","N","Th","N","N","Y","N","N","N","N","N","Dark - Street Lights","Rear End","Pedestrian Right of Way","Other Motor Vehicle","N","N","N","N"
6021636,"N","Y","Injury (Other Visible)","N",2013,16,"Spring","PM","N","F","N","Y","Y","N","N","N","N","N","Daylight","Rear End","Wrong Side of Road","Other Motor Vehicle","N","N","N","N"
6021645,"N","Y","PDO (property damage only)","N",2013,19.9166666666667,"Spring","N","N","Sa","N","N","Y","N","N","N","N","N","Dark - Street Lights","Sideswipe","Pedestrian Right of Way","Other Motor Vehicle","N","N","N","N"
6022674,"N","N","Injury (Complaint of Pain)","N",2013,15,"Winter","PM","N","F","N","N","N","Y","N","N","N","N","Daylight","Sideswipe","Pedestrian Violation","Other Motor Vehicle","N","N","N","N"
6023462,"N","Y","Injury (Complaint of Pain)","N",2013,14.5,"Spring","N","N","F","N","N","Y","N","N","N","N","N","Daylight","Sideswipe","Unsafe Lane Change","Other Motor Vehicle","N","N","N","N"
6023478,"N","Y","Injury (Complaint of Pain)","N",2013,14.25,"Spring","N","N","W","Y","N","Y","N","N","N","N","N","Daylight","Broadside","Pedestrian Violation","Other Motor Vehicle","N","N","N","N"
6024039,"N","Y","Injury (Complaint of Pain)","N",2013,14.5833333333333,"Spring","N","N","Tu","Y","N","Y","N","N","N","N","N","Daylight","Broadside","Pedestrian Violation","Other Motor Vehicle","N","N","N","N"
6024043,"N","Y","Injury (Complaint of Pain)","N",2013,20.1666666666667,"Spring","N","N","Tu","N","N","Y","N","N","N","N","N","Daylight","Broadside","Pedestrian Violation","Other Motor Vehicle","N","N","N","N"
6024102,"N","Y","Injury (Complaint of Pain)","N",2013,12.3333333333333,"Winter","N","N","W","N","Y","Y","N","N","N","N","N","Daylight","Overturned","Wrong Side of Road","Non-Collision","N","N","N","N"
6024122,"N","Y","Injury (Complaint of Pain)","N",2013,17.3666666666667,"Winter","PM","N","F","N","Y","N","Y","N","N","N","N","Daylight","Rear End","Automobile Right of Way","Other Motor Vehicle","N","N","N","N"
6025154,"N","Y","Injury (Complaint of Pain)","N",2013,6.83333333333333,"Spring","N","N","Tu","N","Y","Y","N","N","N","N","N","Daylight","Overturned","Wrong Side of Road","Non-Collision","N","N","N","N"
6025960,"N","N","PDO (property damage only)","N",2013,21,"Spring","N","N","Sa","Y","N","Y","N","N","N","N","N","Dark - Street Lights","Broadside","Pedestrian Violation","Other Motor Vehicle","N","N","N","N"
6026911,"N","Y","Injury (Other Visible)","N",2013,9.75,"Spring","N","N","Th","N","N","Y","N","N","N","N","N","Daylight","Rear End","Wrong Side of Road","Other Motor Vehicle","N","N","N","N"
6027243,"N","Y","Injury (Other Visible)","N",2013,5.75,"Spring","N","N","Tu","N","N","N","Y","N","N","N","N","Dark - Street Lights","Hit Object","Wrong Side of Road","Other Object","N","N","N","N"
6027255,"N","Y","Injury (Complaint of Pain)","N",2013,18.0833333333333,"Spring","N","N","Su","N","N","Y","N","N","N","N","N","Daylight","Rear End","Improper Passing","Other Motor Vehicle","N","N","N","N"
6027263,"N","Y","PDO (property damage only)","N",2013,16.25,"Spring","N","N","Su","Y","N","Y","N","N","N","N","N","Daylight","Broadside","Pedestrian Right of Way","Other Motor Vehicle","N","N","N","N"
6028736,"N","Y","Injury (Complaint of Pain)","N",2013,10.3333333333333,"Spring","N","N","Tu","N","Y","Y","N","N","N","N","N","Daylight","Hit Object","Unsafe Starting or Backing","Fixed Object","N","N","N","N"
6030144,"N","Y","Injury (Other Visible)","N",2013,9.66666666666667,"Spring","N","N","Th","Y","N","Y","N","N","N","N","N","Daylight","Sideswipe","Driving or Bicycling Under the Influence of Alcohol or Drug","Other Motor Vehicle","N","N","N","N"
6030180,"N","Y","PDO (property damage only)","N",2013,15,"Spring","PM","N","Th","Y","N","Y","N","N","N","N","N","Daylight","Broadside","Pedestrian Violation","Other Motor Vehicle","N","N","N","N"
6030231,"N","Y","PDO (property damage only)","N",2013,22.4166666666667,"Spring","N","N","F","Y","N","Y","N","N","N","N","N","Dark - Street Lights","Broadside","Pedestrian Violation","Other Motor Vehicle","N","N","N","N"
6030309,"N","Y","PDO (property damage only)","N",2013,16.4166666666667,"Spring","N","N","Su","N","N","Y","N","N","N","N","N","Daylight","Sideswipe","Wrong Side of Road","Other Motor Vehicle","N","N","N","N"
6030501,"N","Y","Injury (Complaint of Pain)","N",2013,19.5833333333333,"Spring","N","N","M","Y","N","Y","N","N","N","N","N","Dark - Street Lights","Other","Driving or Bicycling Under the Influence of Alcohol or Drug","Other Object","N","N","N","N"
6030999,"N","Y","PDO (property damage only)","N",2013,15.5,"Spring","PM","N","Th","Y","N","Y","N","N","N","N","N","Daylight","Head-On","Pedestrian Violation","Other Motor Vehicle","N","N","N","N"
6033176,"N","Y","Injury (Other Visible)","N",2013,9,"Spring","AM","N","F","N","Y","Y","N","N","N","N","N","Daylight","Rear End","Pedestrian Right of Way","Other Motor Vehicle","N","N","N","N"
6033435,"N","N","PDO (property damage only)","N",2013,14.5,"Spring","N","N","Th","N","N","Y","N","N","N","N","Y","Daylight","Broadside","Pedestrian Violation","Other Motor Vehicle","N","N","N","N"
6034224,"N","Y","Injury (Complaint of Pain)","N",2013,15,"Spring","PM","N","M","Y","N","Y","N","N","N","N","N","Daylight","Broadside","Unsafe Lane Change","Other Motor Vehicle","N","N","N","N"
6034390,"N","Y","Injury (Complaint of Pain)","N",2013,2.25,"Spring","N","Y","Su","N","Y","Y","N","N","N","N","N","Dark - No Street Lights","Hit Object","Unsafe Speed","Fixed Object","Y","N","N","N"
6034837,"N","Y","PDO (property damage only)","N",2013,14.1666666666667,"Spring","N","N","M","Y","N","Y","N","N","N","N","N","Daylight","Broadside","Pedestrian Violation","Other Motor Vehicle","N","N","N","N"
6034865,"N","Y","Injury (Complaint of Pain)","N",2013,15.6666666666667,"Spring","PM","N","Tu","N","N","Y","N","N","N","N","N","Daylight","Other","Driving or Bicycling Under the Influence of Alcohol or Drug","Other Object","N","N","N","N"
6035283,"N","Y","Injury (Complaint of Pain)","N",2013,12.8333333333333,"Spring","N","N","Th","Y","N","Y","N","N","N","N","N","Daylight","Head-On","Pedestrian Violation","Other Motor Vehicle","N","N","N","N"
6035307,"N","Y","Injury (Complaint of Pain)","N",2013,17.5833333333333,"Spring","PM","N","Tu","Y","N","Y","N","N","N","N","N","Daylight","Broadside","Pedestrian Violation","Other Motor Vehicle","N","N","N","N"
6035355,"N","Y","Injury (Other Visible)","N",2013,17.3333333333333,"Spring","PM","N","Th","N","N","Y","N","N","N","N","N","Daylight","Overturned","Wrong Side of Road","Fixed Object","N","N","N","N"
6035373,"N","Y","PDO (property damage only)","N",2013,17.8333333333333,"Spring","PM","N","Tu","Y","N","Y","N","N","N","N","N","Daylight","Broadside","Lights","Other Motor Vehicle","N","N","N","N"
6035377,"N","Y","Injury (Other Visible)","N",2013,18.9166666666667,"Spring","N","N","Su","N","N","Y","N","N","N","N","Y","Daylight","Hit Object","Code 20","Fixed Object","N","N","N","N"
6035417,"N","Y","Injury (Complaint of Pain)","N",2013,14.4166666666667,"Spring","N","N","Su","N","N","Y","N","N","N","N","N","Daylight","Sideswipe","Code 19","Other Motor Vehicle","N","N","N","N"
6035569,"N","Y","Injury (Complaint of Pain)","N",2013,12.0833333333333,"Spring","N","N","M","N","N","Y","N","N","N","N","N","Daylight","Sideswipe","Improper Turning","Other Motor Vehicle","N","N","N","N"
6035581,"N","N","PDO (property damage only)","N",2013,22.4166666666667,"Spring","N","N","Th","Y","N","Y","N","N","N","N","N","Dark - Street Lights","Sideswipe","Pedestrian Violation","Other Motor Vehicle","N","N","N","N"
6035594,"N","Y","Injury (Other Visible)","N",2013,15.75,"Spring","N","N","Su","N","N","Y","N","N","N","N","N","Daylight","Broadside","Pedestrian Violation","Other Motor Vehicle","N","N","N","N"
6035597,"N","Y","PDO (property damage only)","N",2013,23.25,"Spring","N","Y","Sa","Y","N","Y","N","N","N","N","N","Dark - Street Lights","Rear End","Driving or Bicycling Under the Influence of Alcohol or Drug","Other Motor Vehicle","N","N","N","N"
6035602,"N","Y","PDO (property damage only)","N",2013,15.5833333333333,"Spring","PM","N","F","N","N","Y","N","N","N","N","N","Daylight","Other","Pedestrian Right of Way","Other Object","N","N","N","N"
6035629,"N","Y","Injury (Other Visible)","N",2013,19.4166666666667,"Spring","N","N","Tu","Y","N","Y","N","N","N","N","N","Daylight","Broadside","Pedestrian Violation","Other Motor Vehicle","N","N","N","N"
6038153,"N","Y","Injury (Other Visible)","N",2013,13.5,"Spring","N","N","Sa","N","N","Y","N","N","N","N","N","Daylight","Hit Object","Pedestrian Right of Way","Fixed Object","N","N","N","N"
6038885,"N","Y","PDO (property damage only)","N",2013,8.08333333333333,"Spring","AM","N","Th","N","Y","N","Y","N","N","N","N","Daylight","Other","Automobile Right of Way","Non-Collision","N","N","N","N"
6038903,"N","Y","Injury (Other Visible)","N",2013,16.8333333333333,"Spring","PM","N","Th","Y","N","Y","N","N","N","N","N","Daylight","Broadside","Pedestrian Violation","Other Motor Vehicle","N","N","N","N"
6038944,"N","Y","Injury (Complaint of Pain)","N",2013,16,"Spring","PM","N","F","Y","N","Y","N","N","N","N","N","Daylight","Broadside","Pedestrian Violation","Other Motor Vehicle","N","N","N","N"
6039018,"N","Y","Injury (Complaint of Pain)","N",2013,18.5833333333333,"Spring","N","N","Sa","Y","N","Y","N","N","N","Y","Y","Daylight","Hit Object","Code 20","Fixed Object","N","N","N","N"
6039023,"N","Y","Injury (Complaint of Pain)","N",2013,6.75,"Spring","N","N","Th","N","N","Y","N","N","N","N","N","Daylight","Overturned","Wrong Side of Road","Parked Motor Vehicle","N","N","N","N"
6039031,"N","N","PDO (property damage only)","N",2013,7.75,"Spring","AM","N","Th","Y","N","Y","N","N","N","N","N","Daylight","Broadside","Pedestrian Violation","Other Motor Vehicle","N","N","N","N"
6039038,"N","Y","Injury (Complaint of Pain)","N",2013,12.75,"Spring","N","N","F","Y","N","Y","N","N","N","N","N","Daylight","Broadside","Pedestrian Violation","Other Motor Vehicle","N","N","N","N"
6039175,"N","Y","Injury (Other Visible)","N",2013,19.6666666666667,"Spring","N","N","M","N","Y","Y","N","N","N","N","N","Dark - Street Lights","Broadside","Driving or Bicycling Under the Influence of Alcohol or Drug","Other Motor Vehicle","N","N","N","N"
6039196,"N","Y","Injury (Other Visible)","N",2013,17.75,"Spring","PM","N","Th","N","N","Y","N","N","N","N","N","Daylight","Rear End","Improper Passing","Other Motor Vehicle","N","N","N","N"
6039220,"N","Y","Injury (Complaint of Pain)","N",2013,23.3333333333333,"Winter","N","Y","Tu","N","N","Y","N","N","N","N","N","Dark - Street Lights","Rear End","Driving or Bicycling Under the Influence of Alcohol or Drug","Other Motor Vehicle","N","N","N","N"
6039240,"N","Y","Injury (Complaint of Pain)","N",2013,21.0833333333333,"Spring","N","N","Su","N","N","Y","N","N","N","N","N","Dark - Street Lights","Broadside","Wrong Side of Road","Other Motor Vehicle","N","N","N","N"
6040167,"N","Y","PDO (property damage only)","N",2013,12.5,"Spring","N","N","M","Y","Y","Y","N","N","N","N","N","Daylight","Broadside","Pedestrian Violation","Other Motor Vehicle","N","N","N","N"
6040178,"N","Y","PDO (property damage only)","N",2013,13,"Spring","N","N","F","N","N","Y","N","N","N","N","N","Daylight","Sideswipe","Automobile Right of Way","Other Motor Vehicle","N","N","N","N"
6040218,"N","Y","PDO (property damage only)","N",2013,12.5833333333333,"Spring","N","N","Sa","Y","N","Y","N","N","N","N","N","Daylight","Broadside","Pedestrian Violation","Other Motor Vehicle","N","N","N","N"
6040225,"N","Y","Injury (Complaint of Pain)","N",2013,9.58333333333333,"Winter","N","N","Tu","N","N","Y","N","N","N","N","N","Daylight","Sideswipe","Pedestrian Right of Way","Other Motor Vehicle","N","N","N","N"
6040234,"N","Y","Injury (Complaint of Pain)","N",2013,16.1666666666667,"Spring","PM","N","Th","N","N","Y","N","N","N","N","N","Daylight","Other","Pedestrian Violation","Non-Collision","N","N","N","N"
6040238,"N","Y","Injury (Complaint of Pain)","N",2013,20,"Spring","N","N","Th","Y","N","Y","N","N","N","N","Y","Dark - Street Lights","Overturned","Driving or Bicycling Under the Influence of Alcohol or Drug","Non-Collision","N","N","N","N"
6040529,"N","Y","PDO (property damage only)","N",2013,15.1666666666667,"Spring","N","N","Su","N","Y","Y","N","N","N","N","N","Daylight","Sideswipe","Automobile Right of Way","Other Motor Vehicle","N","N","N","N"
6040657,"N","Y","PDO (property damage only)","N",2013,22.75,"Spring","N","N","Th","N","Y","Y","N","N","N","N","N","Dark - Street Lights","Sideswipe","Impeding Traffic","Other Motor Vehicle","N","N","N","N"
6040665,"N","Y","Injury (Complaint of Pain)","N",2013,13.6833333333333,"Spring","N","N","Sa","N","Y","Y","N","N","N","N","N","Daylight","Overturned","Wrong Side of Road","Non-Collision","N","N","N","N"
6040669,"N","Y","Injury (Complaint of Pain)","N",2013,14.1666666666667,"Spring","N","N","F","N","Y","Y","N","N","N","N","N","Daylight","Sideswipe","Automobile Right of Way","Other Motor Vehicle","N","N","N","N"
6042034,"N","Y","Injury (Complaint of Pain)","N",2013,17,"Spring","PM","N","M","N","Y","Y","N","N","N","N","N","Daylight","Sideswipe","Automobile Right of Way","Other Motor Vehicle","N","N","N","N"
6042471,"N","Y","Injury (Complaint of Pain)","N",2013,8,"Winter","AM","N","F","Y","N","Y","N","N","N","N","N","Daylight","Broadside","Unsafe Lane Change","Other Motor Vehicle","N","N","N","N"
6042764,"N","N","Injury (Complaint of Pain)","N",2013,7.16666666666667,"Spring","AM","N","F","N","Y","N","Y","N","N","N","N","Daylight","Sideswipe","Wrong Side of Road","Other Motor Vehicle","N","N","N","N"
6042996,"N","Y","Injury (Complaint of Pain)","N",2013,9,"Spring","AM","N","F","N","N","Y","N","N","N","N","N","Daylight","Broadside","Automobile Right of Way","Other Motor Vehicle","N","N","N","N"
6043016,"N","Y","PDO (property damage only)","N",2013,13.8333333333333,"Spring","N","N","Su","N","N","Y","N","N","N","N","N","Daylight","Broadside","Pedestrian Right of Way","Other Motor Vehicle","N","N","N","N"
6043027,"N","Y","Injury (Complaint of Pain)","N",2013,15,"Spring","N","N","Su","Y","N","Y","N","N","N","N","N","Daylight","Overturned","Wrong Side of Road","Fixed Object","N","N","N","N"
6043028,"N","Y","Injury (Other Visible)","N",2013,21.6666666666667,"Spring","N","N","F","N","N","Y","N","N","N","N","N","Dark - No Street Lights","Vehicle/Pedestrian","Hazardous Parking","Pedestrian","N","N","Y","N"
6043096,"N","Y","Injury (Complaint of Pain)","N",2013,7.63333333333333,"Spring","AM","N","Th","N","Y","Y","N","N","N","N","N","Daylight","Sideswipe","Automobile Right of Way","Other Motor Vehicle","N","N","N","N"
6043274,"N","N","Injury (Complaint of Pain)","N",2013,15.0833333333333,"Spring","PM","N","M","N","N","Y","N","N","N","N","N","Daylight","Broadside","Pedestrian Violation","Other Motor Vehicle","N","N","N","N"
6043333,"N","Y","Injury (Other Visible)","N",2013,16.9166666666667,"Spring","PM","N","F","Y","N","Y","N","N","N","N","N","Daylight","Broadside","Pedestrian Violation","Other Motor Vehicle","N","N","N","N"
6043734,"N","Y","PDO (property damage only)","N",2013,11.8333333333333,"Spring","N","N","Tu","N","Y","Y","N","N","N","N","N","Daylight","Rear End","Wrong Side of Road","Other Motor Vehicle","N","N","N","N"
6044721,"N","Y","Injury (Other Visible)","N",2013,18.5666666666667,"Spring","PM","N","Th","N","Y","Y","N","N","N","N","N","Daylight","Sideswipe","Automobile Right of Way","Other Motor Vehicle","N","N","N","N"
6044733,"N","Y","PDO (property damage only)","N",2013,8.16666666666667,"Spring","AM","N","Tu","N","Y","Y","N","N","N","N","N","Daylight","Rear End","Wrong Side of Road","Other Motor Vehicle","N","N","N","N"
6044757,"N","Y","Injury (Complaint of Pain)","N",2013,18.25,"Spring","PM","N","W","N","Y","Y","N","N","N","N","N","Daylight","Rear End","Wrong Side of Road","Other Motor Vehicle","N","N","N","N"
6046217,"N","Y","Injury (Complaint of Pain)","N",2013,6.25,"Spring","N","N","M","Y","N","Y","N","N","N","N","N","Daylight","Rear End","Lights","Other Motor Vehicle","N","N","N","N"
6047741,"N","Y","PDO (property damage only)","N",2013,16.5,"Spring","PM","N","Tu","Y","N","Y","N","N","N","N","N","Daylight","Broadside","Pedestrian Violation","Other Motor Vehicle","N","N","N","N"
6047782,"N","Y","Injury (Complaint of Pain)","N",2013,7.25,"Spring","N","N","Sa","N","Y","Y","N","N","N","N","Y","Dusk or Dawn","Rear End","Wrong Side of Road","Other Motor Vehicle","N","N","N","N"
6048389,"N","Y","Injury (Complaint of Pain)","N",2013,19,"Spring","N","N","Sa","N","N","Y","N","N","N","N","N","Daylight","Other","Unsafe Speed","Other Object","Y","N","N","N"
6048675,"N","Y","Injury (Complaint of Pain)","N",2013,16.5833333333333,"Spring","PM","N","Tu","Y","N","Y","N","N","N","N","N","Daylight","Hit Object","Wrong Side of Road","Fixed Object","N","N","N","N"
6048692,"N","Y","PDO (property damage only)","N",2013,23.65,"Spring","N","Y","Su","Y","N","Y","N","N","N","N","N","Dark - Street Lights","Broadside","Pedestrian Violation","Other Motor Vehicle","N","N","N","N"
6048712,"N","Y","PDO (property damage only)","N",2013,9.33333333333333,"Spring","N","N","Th","N","N","Y","N","N","N","N","N","Daylight","Sideswipe","Automobile Right of Way","Non-Collision","N","N","N","N"
6048759,"N","Y","Injury (Complaint of Pain)","N",2013,16.1666666666667,"Spring","PM","N","Th","N","Y","Y","N","N","N","N","N","Daylight","Overturned","Pedestrian Right of Way","Non-Collision","N","N","N","N"
6048767,"N","Y","PDO (property damage only)","N",2013,17.8333333333333,"Spring","N","N","Su","N","Y","Y","N","N","N","N","N","Daylight","Sideswipe","Automobile Right of Way","Pedestrian","N","N","N","N"
6052725,"N","Y","Injury (Complaint of Pain)","N",2013,19,"Spring","PM","N","F","Y","N","Y","N","N","N","N","N","Daylight","Sideswipe","Lights","Other Motor Vehicle","N","N","N","N"
6052765,"N","Y","PDO (property damage only)","N",2013,8.08333333333333,"Spring","AM","N","Tu","N","N","N","Y","N","N","N","N","Daylight","Sideswipe","Automobile Right of Way","Other Motor Vehicle","N","N","N","N"
6052991,"N","Y","PDO (property damage only)","N",2013,14.75,"Spring","N","N","W","Y","N","Y","N","N","N","N","N","Daylight","Head-On","Pedestrian Violation","Other Motor Vehicle","N","N","N","N"
6053319,"N","Y","Injury (Complaint of Pain)","N",2013,13.5,"Spring","N","N","M","N","N","Y","N","N","N","N","N","Daylight","Sideswipe","Improper Turning","Other Motor Vehicle","N","N","N","N"
6053461,"N","Y","Injury (Complaint of Pain)","N",2013,21.8333333333333,"Spring","N","N","Su","Y","N","Y","N","N","N","N","N","Dark - Street Lights","Sideswipe","Driving or Bicycling Under the Influence of Alcohol or Drug","Other Motor Vehicle","N","N","N","N"
6053474,"N","Y","Injury (Complaint of Pain)","N",2013,5.83333333333333,"Spring","N","N","Th","N","Y","Y","N","N","N","N","N","Dusk or Dawn","Overturned","Wrong Side of Road","Non-Collision","N","N","N","N"
6053489,"N","N","PDO (property damage only)","N",2013,8.91666666666667,"Spring","AM","N","Tu","N","N","Y","N","N","N","N","N","Daylight","Rear End","Improper Passing","Other Motor Vehicle","N","N","N","N"
6053593,"N","Y","PDO (property damage only)","N",2013,8.16666666666667,"Spring","AM","N","M","N","N","Y","N","N","N","N","N","Daylight","Sideswipe","Pedestrian Right of Way","Other Motor Vehicle","N","N","N","N"
6053597,"N","Y","Injury (Complaint of Pain)","N",2013,13,"Spring","N","N","Th","Y","N","Y","N","N","N","N","N","Daylight","Other","Wrong Side of Road","Other Object","N","N","N","N"
6053598,"N","Y","Injury (Complaint of Pain)","N",2013,20.4166666666667,"Spring","N","N","W","Y","N","Y","N","N","N","N","N","Dark - Street Lights","Sideswipe","Pedestrian Right of Way","Other Object","N","N","N","N"