"CASE_ID","mc_killed","mc_injured","collision_severity","severe","accident_year","hours_since_midnight","season","rush_hour","late_night","day_of_week","intersection","state_hwy_ind","w_clear","w_cloudy","w_rainy","w_other","road_not_dry","road_condition_issue","lighting","type_of_collision","pcf_viol_category","mviw","alcohol_involved","truck_accident","pedestrian_accident","bicycle_accident"
6121226,"N","Y","PDO (property damage only)","N",2013,16.9166666666667,"Summer","N","N","Su","Y","N","Y","N","N","N","N","N","Daylight","Broadside","Pedestrian Violation","Other Motor Vehicle","N","N","N","N"
6121254,"N","Y","Injury (Other Visible)","N",2013,18.6666666666667,"Summer","PM","N","F","N","N","Y","N","N","N","N","N","Daylight","Broadside","Improper Turning","Other Motor Vehicle","N","N","N","N"
6122012,"N","Y","PDO (property damage only)","N",2013,17.75,"Spring","N","N","Su","N","N","Y","N","N","N","N","N","Daylight","Head-On","Impeding Traffic","Parked Motor Vehicle","N","N","N","N"
6122224,"N","Y","Injury (Complaint of Pain)","N",2013,7.91666666666667,"Spring","AM","N","Tu","N","N","Y","N","N","N","N","N","Daylight","Rear End","Automobile Right of Way","Other Motor Vehicle","N","N","N","N"
6122236,"N","Y","Injury (Complaint of Pain)","N",2013,12.0833333333333,"Spring","N","N","Th","N","N","Y","N","N","N","N","N","Daylight","Sideswipe","Wrong Side of Road","Parked Motor Vehicle","N","N","N","N"
6122265,"N","Y","Injury (Complaint of Pain)","N",2013,16.75,"Summer","N","N","Sa","N","N","Y","N","N","N","N","Y","Daylight","Other","Wrong Side of Road","Other Object","N","N","N","N"
6122758,"N","Y","Injury (Complaint of Pain)","N",2013,9.83333333333333,"Summer","N","N","M","Y","N","Y","N","N","N","N","N","Daylight","Sideswipe","Pedestrian Right of Way","Other Motor Vehicle","N","N","N","N"
6122797,"N","Y","Injury (Complaint of Pain)","N",2013,9.16666666666667,"Spring","N","N","F","N","N","Y","N","N","N","N","N","Daylight","Sideswipe","Automobile Right of Way","Other Motor Vehicle","N","N","N","N"
6123592,"N","Y","Injury (Other Visible)","N",2013,9.91666666666667,"Spring","N","N","Sa","Y","N","Y","N","N","N","N","N","Daylight","Broadside","Pedestrian Violation","Motor Vehicle on Other Roadway","N","N","N","N"
6123786,"N","Y","Injury (Complaint of Pain)","N",2013,8.58333333333333,"Spring","AM","N","Tu","N","N","Y","N","N","N","N","N","Daylight","Other","Pedestrian Violation","Non-Collision","N","N","N","N"
6123797,"N","Y","PDO (property damage only)","N",2013,7.41666666666667,"Summer","AM","N","W","N","Y","Y","N","N","N","N","N","Daylight","Sideswipe","Automobile Right of Way","Other Motor Vehicle","N","N","N","N"
6124018,"N","Y","Injury (Complaint of Pain)","N",2013,17.75,"Spring","PM","N","Th","N","Y","Y","N","N","N","N","N","Daylight","Rear End","Wrong Side of Road","Other Motor Vehicle","N","N","N","N"
6124165,"N","Y","PDO (property damage only)","N",2013,17.6666666666667,"Summer","PM","N","Tu","N","Y","Y","N","N","N","N","N","Daylight","Hit Object","Wrong Side of Road","Fixed Object","N","N","N","N"
6124182,"N","Y","Injury (Other Visible)","N",2013,16.5,"Spring","PM","N","Th","N","N","Y","N","N","N","N","N","Daylight","Broadside","Pedestrian Violation","Other Motor Vehicle","N","N","N","N"
6124213,"N","Y","Injury (Complaint of Pain)","N",2013,17.3333333333333,"Spring","PM","N","M","N","Y","Y","N","N","N","N","N","Daylight","Rear End","Pedestrian Right of Way","Other Motor Vehicle","N","N","N","N"
6124443,"N","Y","PDO (property damage only)","N",2013,14.5833333333333,"Summer","N","N","M","N","Y","Y","N","N","N","N","N","Daylight","Sideswipe","Automobile Right of Way","Other Motor Vehicle","N","N","N","N"
6125067,"N","Y","Injury (Complaint of Pain)","N",2013,18.3333333333333,"Spring","PM","N","Th","N","N","Y","N","N","N","N","N","Dusk or Dawn","Sideswipe","Improper Turning","Other Motor Vehicle","N","N","N","N"
6125217,"N","Y","Injury (Other Visible)","N",2013,14.6666666666667,"Summer","N","N","W","Y","N","Y","N","N","N","N","N","Dusk or Dawn","Head-On","Pedestrian Violation","Other Motor Vehicle","N","N","N","N"
6126762,"N","N","PDO (property damage only)","N",2013,7,"Summer","AM","N","F","N","Y","Y","N","N","N","N","N","Daylight","Sideswipe","Pedestrian Right of Way","Other Motor Vehicle","N","Y","N","N"
6127006,"N","Y","Injury (Other Visible)","N",2013,22.8333333333333,"Summer","N","N","W","N","Y","Y","N","N","N","N","N","Dark - No Street Lights","Rear End","Wrong Side of Road","Other Motor Vehicle","N","N","N","N"
6127406,"N","Y","Injury (Complaint of Pain)","N",2013,16.4166666666667,"Spring","PM","N","F","N","Y","Y","N","N","N","N","N","Daylight","Sideswipe","Automobile Right of Way","Other Motor Vehicle","N","N","N","N"
6127558,"N","Y","Injury (Complaint of Pain)","N",2013,10.5,"Spring","N","N","Su","Y","N","Y","N","N","N","N","N","Daylight","Head-On","Pedestrian Violation","Other Motor Vehicle","N","N","N","N"
6127584,"N","Y","Injury (Complaint of Pain)","N",2013,19.3333333333333,"Summer","N","N","M","N","N","Y","N","N","N","N","N","Daylight","Broadside","Improper Passing","Other Motor Vehicle","N","N","N","N"
6128538,"N","Y","PDO (property damage only)","N",2013,12.25,"Spring","N","N","M","N","N","Y","N","N","N","N","N","Daylight","Broadside","Pedestrian Violation","Other Motor Vehicle","N","N","N","N"
6129132,"N","Y","Injury (Complaint of Pain)","N",2013,10.5,"Summer","N","N","Su","N","Y","Y","N","N","N","N","N","Daylight","Rear End","Wrong Side of Road","Other Motor Vehicle","N","N","N","N"
6129152,"N","Y","Injury (Complaint of Pain)","N",2013,13.75,"Summer","N","N","F","N","Y","Y","N","N","N","N","N","Daylight","Rear End","Wrong Side of Road","Other Motor Vehicle","N","N","N","N"
6129300,"N","N","Injury (Other Visible)","N",2013,13.25,"Summer","N","N","W","N","Y","Y","N","N","N","N","N","Daylight","Sideswipe","Automobile Right of Way","Non-Collision","N","Y","N","N"
6129790,"N","Y","Injury (Complaint of Pain)","N",2013,19.5,"Spring","N","N","Th","Y","N","Y","N","N","N","N","N","Daylight","Broadside","Pedestrian Violation","Other Motor Vehicle","N","N","N","N"
6129798,"N","Y","PDO (property damage only)","N",2013,13.75,"Spring","N","N","Tu","N","N","Y","N","N","N","N","N","Daylight","Hit Object","Unsafe Starting or Backing","Fixed Object","N","N","N","N"
6129814,"N","Y","PDO (property damage only)","N",2013,22.1666666666667,"Spring","N","N","Th","N","N","Y","N","N","N","N","N","Dark - Street Lights","Sideswipe","Impeding Traffic","Other Motor Vehicle","N","N","N","N"
6129833,"N","Y","Injury (Complaint of Pain)","N",2013,14.1666666666667,"Summer","N","N","M","Y","N","Y","N","N","N","N","N","Daylight","Sideswipe","Improper Turning","Other Motor Vehicle","N","N","N","N"
6129838,"N","Y","PDO (property damage only)","N",2013,17.25,"Spring","PM","N","Th","N","N","Y","N","N","N","N","N","Daylight","Other","Pedestrian Violation","Non-Collision","N","N","N","N"
6129853,"N","Y","Injury (Complaint of Pain)","N",2013,9.33333333333333,"Summer","N","N","Tu","N","N","Y","N","N","N","N","N","Daylight","Overturned","Lights","Non-Collision","N","N","N","N"
6129895,"N","Y","PDO (property damage only)","N",2013,13.75,"Summer","N","N","Sa","N","N","Y","N","N","N","N","N","Daylight","Rear End","Improper Turning","Other Motor Vehicle","N","N","N","N"
6129920,"N","Y","Injury (Other Visible)","N",2013,10.4166666666667,"Summer","N","N","Tu","Y","N","Y","N","N","N","N","N","Daylight","Broadside","Driving or Bicycling Under the Influence of Alcohol or Drug","Other Motor Vehicle","N","N","N","N"
6130199,"N","N","Injury (Complaint of Pain)","N",2013,1.75,"Summer","N","Y","Su","N","N","Y","N","N","N","N","N","Dark - Street Lights","Rear End","Wrong Side of Road","Parked Motor Vehicle","N","N","N","N"
6130206,"N","Y","Injury (Complaint of Pain)","N",2013,9.41666666666667,"Summer","N","N","Th","N","N","Y","N","N","N","N","N","Daylight","Sideswipe","Improper Passing","Other Motor Vehicle","N","N","N","N"
6130824,"N","N","PDO (property damage only)","N",2013,12.9166666666667,"Summer","N","N","Sa","Y","N","Y","N","N","N","N","N","Daylight","Broadside","Pedestrian Violation","Other Motor Vehicle","N","N","N","N"
6130887,"N","N","PDO (property damage only)","N",2013,14,"Summer","N","N","Su","N","N","Y","N","N","N","N","N","Daylight","Broadside","Unsafe Starting or Backing","Other Motor Vehicle","N","N","N","N"
6132695,"N","Y","Injury (Complaint of Pain)","N",2013,2,"Summer","N","Y","Sa","N","N","Y","N","N","N","N","N","Dark - Street Lights","Rear End","Unsafe Speed","Other Motor Vehicle","Y","N","N","N"
6132720,"N","Y","Injury (Complaint of Pain)","N",2013,17,"Summer","PM","N","Th","Y","N","Y","N","N","N","N","N","Daylight","Head-On","Lights","Other Motor Vehicle","N","N","N","N"
6132750,"N","N","Injury (Complaint of Pain)","N",2013,14.8833333333333,"Summer","N","N","Tu","N","N","Y","N","N","N","N","N","Daylight","Broadside","Pedestrian Right of Way","Other Motor Vehicle","N","N","N","N"
6133092,"N","Y","Injury (Complaint of Pain)","N",2013,14.25,"Summer","N","N","M","Y","Y","Y","N","N","N","N","N","Daylight","Broadside","Driving or Bicycling Under the Influence of Alcohol or Drug","Bicycle","N","N","N","N"
6133118,"N","Y","PDO (property damage only)","N",2013,13,"Summer","N","N","F","N","N","Y","N","N","N","N","N","Daylight","Broadside","Pedestrian Violation","Other Motor Vehicle","N","N","N","N"
6133591,"N","Y","Injury (Complaint of Pain)","N",2013,14.1666666666667,"Summer","N","N","Tu","N","N","Y","N","N","N","N","N","Daylight","Rear End","Wrong Side of Road","Other Motor Vehicle","N","N","N","N"
6133671,"N","Y","Injury (Complaint of Pain)","N",2013,9,"Spring","AM","N","Th","N","Y","Y","N","N","N","N","N","Daylight","Sideswipe","Driving or Bicycling Under the Influence of Alcohol or Drug","Other Motor Vehicle","N","N","N","N"
6133978,"N","Y","Injury (Complaint of Pain)","N",2013,14.2166666666667,"Summer","N","N","Tu","N","Y","Y","N","N","N","N","N","Daylight","Rear End","Wrong Side of Road","Other Motor Vehicle","N","N","N","N"
6133984,"N","Y","Injury (Complaint of Pain)","N",2013,15.75,"Summer","N","N","Sa","N","Y","Y","N","N","N","N","N","Daylight","Sideswipe","Automobile Right of Way","Other Motor Vehicle","N","N","N","N"
6133989,"N","Y","PDO (property damage only)","N",2013,22.45,"Summer","N","N","Tu","N","Y","Y","N","N","N","N","N","Dark - Street Lights","Overturned","Wrong Side of Road","Non-Collision","N","N","N","N"
6134112,"N","Y","PDO (property damage only)","N",2013,14.8333333333333,"Spring","N","N","F","N","Y","Y","N","N","N","N","N","Daylight","Overturned","Pedestrian Right of Way","Non-Collision","N","N","N","N"
6134433,"N","Y","Injury (Complaint of Pain)","N",2013,15.3333333333333,"Summer","PM","N","Th","N","Y","Y","N","N","N","N","N","Daylight","Rear End","Wrong Side of Road","Other Motor Vehicle","N","N","N","N"
6134589,"N","Y","PDO (property damage only)","N",2013,17.4166666666667,"Summer","PM","N","W","N","Y","Y","N","N","N","N","N","Daylight","Sideswipe","Automobile Right of Way","Other Motor Vehicle","N","N","N","N"
6135052,"N","Y","Injury (Complaint of Pain)","N",2013,8.16666666666667,"Spring","AM","N","Th","N","Y","N","Y","N","N","N","N","Daylight","Sideswipe","Driving or Bicycling Under the Influence of Alcohol or Drug","Other Motor Vehicle","N","N","N","N"
6135113,"N","Y","Injury (Other Visible)","N",2013,14.4166666666667,"Spring","N","N","F","N","N","Y","N","N","N","N","N","Daylight","Other","Wrong Side of Road","Fixed Object","N","N","N","N"
6136285,"N","Y","PDO (property damage only)","N",2013,10.25,"Summer","N","N","F","Y","N","Y","N","N","N","N","N","Daylight","Sideswipe","Pedestrian Violation","Other Motor Vehicle","N","N","N","N"
6136290,"N","Y","PDO (property damage only)","N",2013,15.3333333333333,"Summer","PM","N","Tu","Y","N","Y","N","N","N","N","N","Daylight","Broadside","Pedestrian Violation","Other Motor Vehicle","N","N","N","N"
6136328,"N","Y","Injury (Complaint of Pain)","N",2013,21.25,"Summer","N","N","Su","N","N","Y","N","N","N","N","N","Dark - Street Lights","Sideswipe","Automobile Right of Way","Other Motor Vehicle","N","N","N","N"
6136340,"N","Y","Injury (Complaint of Pain)","N",2013,13.5,"Summer","N","N","Tu","N","N","Y","N","N","N","N","N","Daylight","Broadside","Automobile Right of Way","Other Motor Vehicle","N","N","N","N"
6136356,"N","Y","PDO (property damage only)","N",2013,13.25,"Summer","N","N","Sa","Y","N","Y","N","N","N","N","N","Daylight","Sideswipe","Pedestrian Violation","Other Motor Vehicle","N","N","N","N"
6136824,"N","Y","PDO (property damage only)","N",2013,15.8333333333333,"Summer","N","N","Sa","N","N","Y","N","N","N","N","N","Daylight","Broadside","Pedestrian Violation","Other Motor Vehicle","N","N","N","N"
6136828,"N","Y","Injury (Complaint of Pain)","N",2013,13.5,"Summer","N","N","Su","Y","N","Y","N","N","N","N","N","Daylight","Broadside","Pedestrian Violation","Other Motor Vehicle","N","N","N","N"
6136838,"N","Y","PDO (property damage only)","N",2013,11.5,"Spring","N","N","Th","Y","N","Y","N","N","N","N","N","Daylight","Rear End","Wrong Side of Road","Other Motor Vehicle","N","N","N","N"
6136839,"N","Y","PDO (property damage only)","N",2013,22,"Spring","N","N","Sa","N","N","Y","N","N","N","N","N","Dark - Street Lights","Sideswipe","Pedestrian Right of Way","Other Motor Vehicle","N","N","N","N"
6137012,"N","Y","Injury (Complaint of Pain)","N",2013,9.25,"Spring","N","N","Th","Y","N","Y","N","N","N","N","N","Daylight","Broadside","Pedestrian Violation","Other Motor Vehicle","N","N","N","N"
6137016,"N","Y","Injury (Complaint of Pain)","N",2013,18.8333333333333,"Spring","N","N","Sa","N","N","Y","N","N","N","N","N","Daylight","Broadside","Wrong Side of Road","Other Motor Vehicle","N","N","N","N"
6137440,"N","Y","Injury (Other Visible)","N",2013,16.4166666666667,"Summer","PM","N","F","Y","N","Y","N","N","N","N","N","Daylight","Broadside","Pedestrian Violation","Other Motor Vehicle","N","N","N","N"
6137461,"N","Y","PDO (property damage only)","N",2013,18.25,"Summer","PM","N","Tu","N","N","Y","N","N","N","N","N","Daylight","Broadside","Pedestrian Right of Way","Other Motor Vehicle","N","N","N","N"
6137599,"N","Y","PDO (property damage only)","N",2013,16,"Spring","PM","N","Th","N","Y","Y","N","N","N","N","N","Daylight","Hit Object","Pedestrian Right of Way","Fixed Object","N","N","N","N"
6137700,"N","Y","Injury (Complaint of Pain)","N",2013,18.3333333333333,"Summer","PM","N","W","Y","N","Y","N","N","N","N","N","Daylight","Broadside","Improper Turning","Other Motor Vehicle","N","N","N","N"
6137720,"N","Y","PDO (property damage only)","N",2013,3.33333333333333,"Summer","N","Y","Sa","N","N","Y","N","N","N","N","N","Dark - Street Lights","Sideswipe","Improper Turning","Other Motor Vehicle","N","N","N","N"
6137724,"N","Y","Injury (Complaint of Pain)","N",2013,22.1833333333333,"Summer","N","N","Su","N","N","Y","N","N","N","N","N","Dark - Street Lights","Other","Wrong Side of Road","Non-Collision","N","N","N","N"
6137726,"N","Y","PDO (property damage only)","N",2013,18.25,"Summer","PM","N","F","Y","N","Y","N","N","N","N","N","Daylight","Rear End","Improper Passing","Other Motor Vehicle","N","N","N","N"
6137735,"N","Y","Injury (Other Visible)","N",2013,18.3333333333333,"Summer","PM","N","W","N","N","Y","N","N","N","N","N","Daylight","Sideswipe","Impeding Traffic","Other Motor Vehicle","Y","N","N","N"
6137753,"N","Y","PDO (property damage only)","N",2013,21,"Summer","N","N","F","Y","N","Y","N","N","N","N","N","Dark - Street Lights","Broadside","Pedestrian Violation","Other Motor Vehicle","N","N","N","N"
6137754,"N","N","Injury (Complaint of Pain)","N",2013,23,"Summer","N","Y","M","N","N","Y","N","N","N","N","N","Dark - Street Lights","Broadside","Pedestrian Right of Way","Other Motor Vehicle","N","N","N","N"
6137756,"N","Y","Injury (Other Visible)","N",2013,16.6666666666667,"Summer","N","N","Su","Y","N","Y","N","N","N","N","N","Daylight","Broadside","Pedestrian Violation","Other Motor Vehicle","N","N","N","N"
6137792,"N","Y","Injury (Complaint of Pain)","N",2013,20.75,"Spring","N","N","Sa","N","N","Y","N","N","N","N","N","Dark - Street Lights","Broadside","Unsafe Starting or Backing","Other Motor Vehicle","N","N","N","N"
6138095,"N","Y","PDO (property damage only)","N",2013,9.16666666666667,"Summer","N","N","W","N","N","Y","N","N","N","N","Y","Daylight","Broadside","Pedestrian Violation","Other Motor Vehicle","N","N","N","N"
6138641,"N","Y","PDO (property damage only)","N",2013,8,"Summer","AM","N","M","Y","N","Y","N","N","N","N","N","Daylight","Broadside","Pedestrian Violation","Other Motor Vehicle","N","N","N","N"
6138648,"N","Y","Injury (Complaint of Pain)","N",2013,12,"Summer","N","N","Tu","Y","N","Y","N","N","N","N","N","Daylight","Sideswipe","Pedestrian Violation","Other Motor Vehicle","N","N","N","N"
6138891,"N","Y","Injury (Complaint of Pain)","N",2013,14.4166666666667,"Spring","N","N","M","N","Y","Y","N","N","N","N","N","Daylight","Rear End","Wrong Side of Road","Other Motor Vehicle","N","N","N","N"
6138926,"N","Y","Injury (Other Visible)","N",2013,7.91666666666667,"Spring","AM","N","W","N","Y","Y","N","N","N","N","N","Daylight","Rear End","Wrong Side of Road","Other Motor Vehicle","N","N","N","N"
6138934,"N","Y","Injury (Complaint of Pain)","N",2013,17.5,"Spring","N","N","Su","N","Y","Y","N","N","N","N","N","Daylight","Sideswipe","Wrong Side of Road","Other Motor Vehicle","N","N","N","N"
6139649,"N","Y","Injury (Complaint of Pain)","N",2013,16.5,"Summer","PM","N","W","N","N","Y","N","N","N","N","N","Daylight","Broadside","Pedestrian Violation","Other Motor Vehicle","N","N","N","N"
6139653,"N","Y","Injury (Complaint of Pain)","N",2013,18,"Summer","N","N","Su","N","N","Y","N","N","N","N","N","Daylight","Hit Object","Pedestrian Violation","Fixed Object","N","N","N","N"
6139669,"N","Y","Injury (Complaint of Pain)","N",2013,17.5,"Summer","PM","N","Tu","N","N","Y","N","N","N","N","N","Daylight","Sideswipe","Automobile Right of Way","Other Motor Vehicle","N","N","N","N"
6139713,"N","Y","PDO (property damage only)","N",2013,9.66666666666667,"Summer","N","N","M","N","N","Y","N","N","N","N","N","Daylight","Broadside","Pedestrian Right of Way","Other Motor Vehicle","N","N","N","N"
6139766,"N","Y","Injury (Complaint of Pain)","N",2013,8.33333333333333,"Summer","AM","N","Th","N","Y","Y","N","N","N","N","N","Daylight","Hit Object","Pedestrian Right of Way","Fixed Object","N","N","N","N"
6139775,"N","Y","Injury (Complaint of Pain)","N",2013,2.33333333333333,"Summer","N","Y","W","N","N","Y","N","N","N","N","N","Dark - Street Lights","Broadside","Unsafe Speed","Other Motor Vehicle","Y","N","N","N"
6139782,"N","Y","PDO (property damage only)","N",2013,9.75,"Summer","N","N","W","N","Y","Y","N","N","N","N","N","Daylight","Rear End","Automobile Right of Way","Other Motor Vehicle","N","N","N","N"
6139783,"N","Y","Injury (Complaint of Pain)","N",2013,21.5,"Summer","N","N","M","N","N","Y","N","N","N","N","N","Dark - Street Lights","Head-On","Pedestrian Violation","Other Motor Vehicle","N","N","N","N"
6139803,"N","Y","Injury (Complaint of Pain)","N",2013,10.25,"Summer","N","N","Tu","N","N","Y","N","N","N","N","N","Daylight","Other","Wrong Side of Road","Non-Collision","N","N","N","N"
6139842,"N","Y","Injury (Complaint of Pain)","N",2013,18.6833333333333,"Summer","PM","N","F","N","N","Y","N","N","N","N","N","Daylight","Broadside","Wrong Side of Road","Other Motor Vehicle","N","N","N","N"
6139845,"N","Y","PDO (property damage only)","N",2013,15.8333333333333,"Summer","PM","N","F","Y","N","Y","N","N","N","N","N","Daylight","Head-On","Pedestrian Violation","Other Motor Vehicle","N","N","N","N"
6139854,"N","Y","Injury (Complaint of Pain)","N",2013,11.8333333333333,"Summer","N","N","W","N","N","Y","N","N","N","N","N","Daylight","Rear End","Wrong Side of Road","Other Motor Vehicle","N","N","N","N"
6139855,"N","Y","Injury (Complaint of Pain)","N",2013,14.2166666666667,"Summer","N","N","Tu","N","Y","Y","N","N","N","N","N","Daylight","Sideswipe","Automobile Right of Way","Other Motor Vehicle","N","N","N","N"
6139867,"N","Y","PDO (property damage only)","N",2013,15,"Summer","N","N","Su","N","Y","Y","N","N","N","N","N","Daylight","Sideswipe","Wrong Side of Road","Other Motor Vehicle","N","N","N","N"
6139965,"N","Y","Injury (Complaint of Pain)","N",2013,17.4166666666667,"Summer","PM","N","W","N","Y","Y","N","N","N","N","N","Daylight","Broadside","Driving or Bicycling Under the Influence of Alcohol or Drug","Other Motor Vehicle","N","N","N","N"
6140599,"N","Y","PDO (property damage only)","N",2013,7.66666666666667,"Spring","AM","N","W","N","Y","N","Y","N","N","N","N","Daylight","Sideswipe","Automobile Right of Way","Other Motor Vehicle","N","N","N","N"
6140603,"N","Y","Injury (Complaint of Pain)","N",2013,18.9166666666667,"Spring","PM","N","Th","N","Y","Y","N","N","N","N","N","Daylight","Sideswipe","Automobile Right of Way","Other Motor Vehicle","N","N","N","N"
6141455,"N","Y","Injury (Complaint of Pain)","N",2013,10.0833333333333,"Summer","N","N","F","N","N","Y","N","N","N","N","N","Daylight","Broadside","Wrong Side of Road","Other Motor Vehicle","N","N","N","N"
6142024,"N","Y","Injury (Complaint of Pain)","N",2013,9.66666666666667,"Summer","N","N","W","Y","N","Y","N","N","N","N","N","Daylight","Broadside","Pedestrian Right of Way","Other Motor Vehicle","N","N","N","N"
6142028,"N","Y","Injury (Complaint of Pain)","N",2013,21.1666666666667,"Summer","N","N","W","N","N","N","N","Y","N","Y","N","Dark - Street Lights","Sideswipe","Wrong Side of Road","Other Motor Vehicle","N","N","N","N"
6142056,"N","Y","Injury (Complaint of Pain)","N",2013,6.33333333333333,"Summer","N","N","Th","N","N","N","Y","N","N","Y","N","Dusk or Dawn","Overturned","Driving or Bicycling Under the Influence of Alcohol or Drug","Fixed Object","N","N","N","N"
6142582,"N","Y","Injury (Complaint of Pain)","N",2013,17.3333333333333,"Summer","PM","N","Th","Y","N","Y","N","N","N","N","N","Daylight","Sideswipe","Lights","Other Motor Vehicle","N","N","N","N"
6142748,"N","Y","Injury (Complaint of Pain)","N",2013,12.9166666666667,"Summer","N","N","W","N","Y","N","Y","N","N","N","N","Daylight","Overturned","Pedestrian Right of Way","Fixed Object","N","N","N","N"
6142799,"N","Y","PDO (property damage only)","N",2013,1.91666666666667,"Summer","N","Y","F","N","Y","Y","N","N","N","N","N","Dark - No Street Lights","Rear End","Wrong Side of Road","Other Motor Vehicle","N","N","N","N"
6143080,"N","Y","Injury (Complaint of Pain)","N",2013,17.75,"Spring","PM","N","W","Y","N","Y","N","N","N","N","Y","Daylight","Broadside","Pedestrian Right of Way","Non-Collision","N","N","N","N"
6143913,"N","Y","Injury (Complaint of Pain)","N",2013,12.5,"Summer","N","N","Sa","N","N","Y","N","N","N","N","N","Daylight","Rear End","Wrong Side of Road","Other Motor Vehicle","N","N","N","N"
6144377,"N","Y","Injury (Other Visible)","N",2013,11.8333333333333,"Summer","N","N","F","N","N","Y","N","N","N","N","N","Daylight","Sideswipe","Pedestrian Violation","Other Motor Vehicle","N","N","N","N"
6145625,"N","Y","Injury (Other Visible)","N",2013,19,"Summer","N","N","Sa","N","N","Y","N","N","N","N","N","Daylight","Broadside","Pedestrian Violation","Other Motor Vehicle","N","N","N","N"
6147060,"N","Y","Injury (Complaint of Pain)","N",2013,13.25,"Summer","N","N","Th","Y","N","N","Y","N","N","N","N","Daylight","Sideswipe","Unsafe Lane Change","Other Object","N","Y","N","N"
6147221,"N","Y","PDO (property damage only)","N",2013,8.08333333333333,"Summer","AM","N","M","N","Y","Y","N","N","N","N","N","Daylight","Rear End","Wrong Side of Road","Other Motor Vehicle","N","N","N","N"
6147396,"N","Y","PDO (property damage only)","N",2013,7.73333333333333,"Summer","AM","N","M","N","Y","Y","N","N","N","N","N","Daylight","Rear End","Automobile Right of Way","Other Motor Vehicle","N","N","N","N"
6147404,"N","Y","Injury (Complaint of Pain)","N",2013,15.95,"Summer","PM","N","Th","N","Y","Y","N","N","N","N","N","Daylight","Rear End","Wrong Side of Road","Other Motor Vehicle","N","N","N","N"
6147416,"N","Y","Injury (Complaint of Pain)","N",2013,23.5833333333333,"Summer","N","Y","Su","N","Y","Y","N","N","N","N","N","Dark - Street Lights","Hit Object","Pedestrian Right of Way","Fixed Object","N","N","N","N"
6147441,"N","Y","Injury (Complaint of Pain)","N",2013,14.5,"Summer","N","N","Sa","N","Y","Y","N","N","N","N","N","Daylight","Sideswipe","Automobile Right of Way","Other Motor Vehicle","N","N","N","N"
6147451,"N","Y","Injury (Complaint of Pain)","N",2013,18.5,"Summer","N","N","Su","Y","N","Y","N","N","N","N","N","Dusk or Dawn","Broadside","Pedestrian Violation","Other Object","N","N","N","N"
6147478,"N","Y","Injury (Other Visible)","N",2013,17.4166666666667,"Summer","N","N","Su","Y","N","Y","N","N","N","N","N","Daylight","Broadside","Pedestrian Violation","Other Motor Vehicle","N","N","N","N"
6147619,"N","Y","PDO (property damage only)","N",2013,8.75,"Summer","AM","N","W","Y","N","Y","N","N","N","N","N","Daylight","Head-On","Pedestrian Violation","Other Motor Vehicle","N","N","N","N"
6148351,"N","Y","PDO (property damage only)","N",2013,12.0833333333333,"Summer","N","N","F","N","N","Y","N","N","N","N","N","Daylight","Rear End","Unsafe Starting or Backing","Other Motor Vehicle","N","Y","N","N"
6148634,"N","Y","Injury (Other Visible)","N",2013,19.8333333333333,"Spring","N","N","Sa","Y","N","Y","N","N","N","N","N","Dusk or Dawn","Broadside","Lights","Other Motor Vehicle","N","N","N","N"
6149459,"N","Y","Injury (Complaint of Pain)","N",2013,17.9166666666667,"Summer","N","N","Su","Y","N","Y","N","N","N","N","N","Daylight","Broadside","Pedestrian Violation","Other Motor Vehicle","N","N","N","N"
6149463,"N","Y","Injury (Other Visible)","N",2013,7.66666666666667,"Summer","AM","N","M","N","N","Y","N","N","N","N","N","Daylight","Sideswipe","Wrong Side of Road","Other Motor Vehicle","N","N","N","N"
6149480,"N","Y","Injury (Complaint of Pain)","N",2013,12.1666666666667,"Summer","N","N","M","Y","N","Y","N","N","N","N","N","Daylight","Other","Hazardous Parking","Other Object","N","N","N","N"
6149582,"N","N","Injury (Complaint of Pain)","N",2013,15.25,"Summer","PM","N","W","N","N","N","Y","N","N","N","N","Daylight","Sideswipe","Automobile Right of Way","Other Motor Vehicle","N","N","N","N"
6149636,"N","Y","Injury (Complaint of Pain)","N",2013,22,"Summer","N","N","Tu","N","N","Y","N","N","N","N","N","Dark - Street Lights","Sideswipe","Wrong Side of Road","Other Motor Vehicle","N","N","N","N"
6149652,"N","Y","Injury (Complaint of Pain)","N",2013,17.3333333333333,"Summer","N","N","Su","N","N","Y","N","N","N","N","N","Daylight","Other","Unsafe Speed","Fixed Object","Y","N","N","N"
6149674,"N","Y","Injury (Complaint of Pain)","N",2013,16.1666666666667,"Summer","N","N","Su","N","N","Y","N","N","N","N","N","Daylight","Broadside","Pedestrian Right of Way","Other Motor Vehicle","N","N","N","N"
6149679,"N","Y","Injury (Other Visible)","N",2013,13.5833333333333,"Summer","N","N","Su","N","N","N","Y","N","N","N","N","Daylight","Sideswipe","Wrong Side of Road","Other Motor Vehicle","N","N","N","N"
6149974,"N","Y","Injury (Other Visible)","N",2013,18.5,"Summer","PM","N","Th","N","Y","Y","N","N","N","N","N","Daylight","Rear End","Wrong Side of Road","Other Motor Vehicle","N","N","N","N"