"CASE_ID","mc_killed","mc_injured","collision_severity","severe","accident_year","hours_since_midnight","season","rush_hour","late_night","day_of_week","intersection","state_hwy_ind","w_clear","w_cloudy","w_rainy","w_other","road_not_dry","road_condition_issue","lighting","type_of_collision","pcf_viol_category","mviw","alcohol_involved","truck_accident","pedestrian_accident","bicycle_accident"
6150663,"N","Y","Injury (Complaint of Pain)","N",2013,21.6666666666667,"Summer","N","N","M","N","N","Y","N","N","N","N","N","Dark - Street Lights","Rear End","Wrong Side of Road","Parked Motor Vehicle","N","N","N","N"
6150747,"N","Y","Injury (Complaint of Pain)","N",2013,9.58333333333333,"Summer","N","N","F","N","N","Y","N","N","N","N","N","Daylight","Broadside","Driving or Bicycling Under the Influence of Alcohol or Drug","Other Motor Vehicle","N","N","N","N"
6150758,"N","Y","Injury (Complaint of Pain)","N",2013,9.25,"Summer","N","N","Th","N","N","N","Y","N","N","Y","N","Daylight","Head-On","Pedestrian Right of Way","Parked Motor Vehicle","N","N","N","N"
6150925,"N","Y","Injury (Other Visible)","N",2013,16.75,"Summer","N","N","Sa","Y","N","Y","N","N","N","N","N","Daylight","Broadside","Pedestrian Violation","Other Motor Vehicle","N","N","N","N"
6150931,"N","Y","Injury (Complaint of Pain)","N",2013,9.5,"Summer","N","N","Th","Y","N","N","Y","N","N","N","N","Daylight","Sideswipe","Pedestrian Violation","Other Motor Vehicle","N","N","N","N"
6150932,"N","Y","Injury (Other Visible)","N",2013,15.4166666666667,"Summer","PM","N","Tu","N","N","Y","N","N","N","N","N","Daylight","Sideswipe","Automobile Right of Way","Other Motor Vehicle","N","N","N","N"
6151652,"N","Y","Injury (Other Visible)","N",2013,22,"Summer","N","N","M","N","Y","Y","N","N","N","N","N","Dark - Street Lights","Rear End","Wrong Side of Road","Other Motor Vehicle","N","N","N","N"
6151871,"N","Y","PDO (property damage only)","N",2013,19.0833333333333,"Summer","N","N","Sa","N","N","Y","N","N","N","N","N","Daylight","Broadside","Wrong Side of Road","Other Motor Vehicle","N","N","N","N"
6151877,"N","Y","Injury (Complaint of Pain)","N",2013,15.5,"Summer","N","N","Sa","N","N","Y","N","N","N","N","N","Daylight","Sideswipe","Pedestrian Right of Way","Other Motor Vehicle","N","N","N","N"
6151910,"N","Y","Injury (Complaint of Pain)","N",2013,13.3333333333333,"Summer","N","N","Tu","N","N","Y","N","N","N","N","N","Daylight","Broadside","Pedestrian Violation","Other Motor Vehicle","N","N","N","N"
6151917,"N","Y","Injury (Other Visible)","N",2013,11.6666666666667,"Summer","N","N","W","Y","N","Y","N","N","N","N","N","Daylight","Broadside","Pedestrian Violation","Motor Vehicle on Other Roadway","N","N","N","N"
6152547,"N","Y","Injury (Complaint of Pain)","N",2013,15.3333333333333,"Summer","PM","N","Tu","N","N","Y","N","N","N","N","N","Daylight","Sideswipe","Improper Turning","Other Motor Vehicle","N","N","N","N"
6153009,"N","Y","PDO (property damage only)","N",2013,16.4166666666667,"Summer","PM","N","Tu","N","N","Y","N","N","N","N","N","Daylight","Sideswipe","Pedestrian Right of Way","Other Motor Vehicle","N","N","N","N"
6153018,"N","Y","Injury (Complaint of Pain)","N",2013,22.0833333333333,"Summer","N","N","Th","N","N","Y","N","N","N","N","N","Dark - Street Lights","Hit Object","Wrong Side of Road","Fixed Object","N","N","N","N"
6153022,"N","Y","Injury (Complaint of Pain)","N",2013,16.6666666666667,"Summer","PM","N","Tu","Y","N","Y","N","N","N","N","N","Daylight","Other","Pedestrian Violation","Non-Collision","N","N","N","N"
6153034,"N","Y","PDO (property damage only)","N",2013,16.5,"Summer","PM","N","Tu","Y","N","Y","N","N","N","N","N","Daylight","Broadside","Pedestrian Violation","Other Motor Vehicle","N","N","N","N"
6153038,"N","Y","Injury (Complaint of Pain)","N",2013,13.9166666666667,"Summer","N","N","Th","Y","N","Y","N","N","N","N","N","Daylight","Sideswipe","Pedestrian Right of Way","Other Motor Vehicle","N","N","N","N"
6154112,"N","Y","Injury (Complaint of Pain)","N",2013,20.5,"Summer","N","N","Su","N","N","Y","N","N","N","N","N","Dark - No Street Lights","Rear End","Wrong Side of Road","Other Motor Vehicle","N","N","N","N"
6154135,"N","N","Injury (Complaint of Pain)","N",2013,11.8333333333333,"Summer","N","N","Th","N","N","Y","N","N","N","N","Y","Daylight","Rear End","Wrong Side of Road","Other Motor Vehicle","N","N","N","N"
6154569,"N","N","Injury (Complaint of Pain)","N",2013,14.9166666666667,"Summer","N","N","F","N","N","Y","N","N","N","N","N","Daylight","Broadside","Wrong Side of Road","Bicycle","N","N","N","Y"
6154577,"N","Y","Injury (Complaint of Pain)","N",2013,12.5,"Summer","N","N","Sa","Y","N","Y","N","N","N","N","N","Daylight","Broadside","Pedestrian Violation","Other Motor Vehicle","N","N","N","N"
6154584,"N","Y","Injury (Complaint of Pain)","N",2013,16.5833333333333,"Summer","PM","N","W","Y","N","Y","N","N","N","N","N","Daylight","Broadside","Pedestrian Violation","Other Motor Vehicle","N","N","N","N"
6156416,"N","Y","Injury (Complaint of Pain)","N",2013,18.3333333333333,"Summer","PM","N","F","N","N","Y","N","N","N","N","N","Daylight","Sideswipe","Automobile Right of Way","Other Motor Vehicle","N","N","N","N"
6156538,"N","Y","PDO (property damage only)","N",2013,18,"Summer","PM","N","F","N","N","Y","N","N","N","N","N","Daylight","Other","Automobile Right of Way","Motor Vehicle on Other Roadway","N","N","N","N"
6156540,"N","Y","PDO (property damage only)","N",2013,13.3333333333333,"Summer","N","N","M","N","N","Y","N","N","N","N","N","Daylight","Sideswipe","Driving or Bicycling Under the Influence of Alcohol or Drug","Other Motor Vehicle","Y","N","N","N"
6156556,"N","Y","Injury (Other Visible)","N",2013,21.4166666666667,"Summer","N","N","Su","Y","N","Y","N","N","N","N","N","Dark - Street Lights","Head-On","Pedestrian Violation","Other Motor Vehicle","N","N","N","N"
6156558,"N","Y","PDO (property damage only)","N",2013,10.1666666666667,"Summer","N","N","Sa","Y","Y","Y","N","N","N","N","N","Daylight","Hit Object","Wrong Side of Road","Fixed Object","N","N","N","N"
6156577,"N","Y","PDO (property damage only)","N",2013,13.6666666666667,"Summer","N","N","Sa","N","N","Y","N","N","N","N","N","Daylight","Broadside","Pedestrian Violation","Other Motor Vehicle","N","N","N","N"
6156592,"N","Y","Injury (Other Visible)","N",2013,14.6666666666667,"Summer","N","N","Th","Y","N","Y","N","N","N","N","N","Daylight","Broadside","Pedestrian Violation","Other Motor Vehicle","N","N","N","N"
6156596,"N","Y","Injury (Complaint of Pain)","N",2013,13.4833333333333,"Summer","N","N","Sa","Y","N","Y","N","N","N","N","N","Daylight","Sideswipe","Lights","Other Motor Vehicle","N","N","N","N"
6156627,"N","Y","PDO (property damage only)","N",2013,6,"Summer","N","N","Tu","N","N","Y","N","N","N","N","N","Daylight","Sideswipe","Wrong Side of Road","Other Motor Vehicle","N","N","N","N"
6156628,"N","Y","Injury (Complaint of Pain)","N",2013,11,"Summer","N","N","Sa","Y","N","Y","N","N","N","N","N","Daylight","Rear End","Miscellaneous","Other Motor Vehicle","N","N","N","N"
6156654,"N","Y","Injury (Complaint of Pain)","N",2013,3.66666666666667,"Summer","N","Y","Th","Y","N","N","Y","N","N","N","N","Dark - Street Lights","Hit Object","Wrong Side of Road","Other Object","N","N","N","N"
6156658,"N","N","PDO (property damage only)","N",2013,17.25,"Summer","PM","N","Tu","N","N","Y","N","N","N","N","N","Daylight","Broadside","Pedestrian Right of Way","Other Motor Vehicle","N","N","N","N"
6156703,"N","Y","Injury (Complaint of Pain)","N",2013,14.5833333333333,"Summer","N","N","Su","Y","Y","Y","N","N","N","N","N","Daylight","Broadside","Pedestrian Violation","Other Motor Vehicle","N","N","N","N"
6156744,"N","Y","PDO (property damage only)","N",2013,17.5,"Summer","PM","N","F","N","N","Y","N","N","N","N","N","Daylight","Broadside","Pedestrian Violation","Other Motor Vehicle","N","N","N","N"
6156776,"N","Y","PDO (property damage only)","N",2013,12.75,"Summer","N","N","F","N","N","Y","N","N","N","N","N","Daylight","Broadside","Pedestrian Right of Way","Other Motor Vehicle","N","N","N","N"
6158215,"N","Y","Injury (Complaint of Pain)","N",2013,1.33333333333333,"Summer","N","Y","F","N","N","N","Y","N","N","N","N","Dark - Street Lights","Broadside","Pedestrian Violation","Other Motor Vehicle","N","Y","N","N"
6158585,"N","Y","Injury (Complaint of Pain)","N",2013,14.25,"Summer","N","N","Sa","N","N","Y","N","N","N","N","N","Daylight","Broadside","Wrong Side of Road","Other Motor Vehicle","N","N","N","N"
6158593,"N","Y","Injury (Complaint of Pain)","N",2013,8.66666666666667,"Summer","AM","N","Tu","N","Y","Y","N","N","N","N","N","Daylight","Broadside","Pedestrian Violation","Other Motor Vehicle","N","N","N","N"
6158713,"N","N","PDO (property damage only)","N",2013,18,"Summer","PM","N","Tu","N","N","Y","N","N","N","N","N","Daylight","Rear End","Wrong Side of Road","Other Motor Vehicle","N","N","N","N"
6158745,"N","Y","PDO (property damage only)","N",2013,12.3333333333333,"Summer","N","N","W","N","N","Y","N","N","N","N","N","Daylight","Broadside","Pedestrian Right of Way","Other Motor Vehicle","N","N","N","N"
6158761,"N","Y","Injury (Other Visible)","N",2013,18.6666666666667,"Summer","PM","N","Tu","N","N","Y","N","N","N","N","N","Daylight","Broadside","Driving or Bicycling Under the Influence of Alcohol or Drug","Other Motor Vehicle","N","N","N","N"
6159469,"N","Y","Injury (Complaint of Pain)","N",2013,17.9166666666667,"Summer","PM","N","W","N","Y","Y","N","N","N","N","N","Daylight","Sideswipe","Pedestrian Right of Way","Other Motor Vehicle","N","N","N","N"
6159477,"N","Y","PDO (property damage only)","N",2013,8.66666666666667,"Summer","AM","N","W","N","Y","Y","N","N","N","N","N","Daylight","Sideswipe","Automobile Right of Way","Other Motor Vehicle","N","N","N","N"
6159621,"N","Y","Injury (Complaint of Pain)","N",2013,3.5,"Summer","N","Y","Su","N","Y","N","Y","N","N","N","N","Dark - No Street Lights","Overturned","Wrong Side of Road","Fixed Object","N","N","N","N"
6160579,"N","Y","Injury (Other Visible)","N",2013,15.25,"Summer","PM","N","F","Y","N","Y","N","N","N","N","N","Daylight","Broadside","Pedestrian Violation","Other Motor Vehicle","N","N","N","N"
6161889,"N","Y","Injury (Complaint of Pain)","N",2013,12.9166666666667,"Summer","N","N","F","N","N","Y","N","N","N","N","N","Daylight","Broadside","Pedestrian Violation","Other Motor Vehicle","N","N","N","N"
6161894,"N","Y","Injury (Other Visible)","N",2013,6.66666666666667,"Summer","N","N","F","Y","N","N","Y","N","N","N","N","Daylight","Broadside","Pedestrian Violation","Other Motor Vehicle","N","N","N","N"
6162186,"N","N","Injury (Complaint of Pain)","N",2013,22.1666666666667,"Summer","N","N","W","Y","N","Y","N","N","N","N","N","Dark - Street Lights","Broadside","Lights","Other Motor Vehicle","N","N","N","N"
6162202,"N","Y","Injury (Complaint of Pain)","N",2013,21.5,"Summer","N","N","M","Y","N","Y","N","N","N","N","N","Dark - Street Lights","Broadside","Pedestrian Violation","Other Motor Vehicle","N","N","N","N"
6162206,"N","Y","Injury (Other Visible)","N",2013,20.25,"Summer","N","N","Sa","N","N","Y","N","N","N","N","N","Dark - No Street Lights","Rear End","Wrong Side of Road","Other Motor Vehicle","N","N","N","N"
6162215,"N","Y","Injury (Complaint of Pain)","N",2013,14.9166666666667,"Summer","N","N","Sa","N","N","Y","N","N","N","N","N","Daylight","Sideswipe","Automobile Right of Way","Other Motor Vehicle","N","N","N","N"
6162239,"N","Y","Injury (Complaint of Pain)","N",2013,16.75,"Summer","PM","N","F","N","N","Y","N","N","N","N","N","Daylight","Sideswipe","Pedestrian Violation","Other Motor Vehicle","N","N","N","N"
6162656,"N","Y","Injury (Other Visible)","N",2013,8.5,"Summer","AM","N","Th","Y","N","Y","N","N","N","N","N","Daylight","Rear End","Wrong Side of Road","Other Motor Vehicle","N","N","N","N"
6162711,"N","Y","Injury (Complaint of Pain)","N",2013,6.83333333333333,"Summer","N","N","Th","N","N","Y","N","N","N","N","N","Daylight","Broadside","Automobile Right of Way","Other Motor Vehicle","N","N","N","N"
6162715,"N","Y","Injury (Complaint of Pain)","N",2013,15.6666666666667,"Summer","PM","N","Th","N","N","Y","N","N","N","N","N","Daylight","Broadside","Pedestrian Right of Way","Other Motor Vehicle","N","N","N","N"
6162889,"N","Y","Injury (Complaint of Pain)","N",2013,21.3333333333333,"Summer","N","N","W","Y","Y","Y","N","N","N","N","N","Dark - Street Lights","Head-On","Pedestrian Violation","Other Motor Vehicle","N","N","N","N"
6162890,"N","Y","PDO (property damage only)","N",2013,12.5,"Summer","N","N","Tu","N","N","Y","N","N","N","N","N","Daylight","Head-On","Pedestrian Violation","Other Motor Vehicle","N","N","N","N"
6162941,"N","Y","Injury (Other Visible)","N",2013,21.0833333333333,"Summer","N","N","W","Y","N","Y","N","N","N","N","N","Dark - Street Lights","Rear End","Wrong Side of Road","Other Motor Vehicle","N","N","N","N"
6162953,"N","Y","Injury (Complaint of Pain)","N",2013,12,"Summer","N","N","Sa","Y","N","Y","N","N","N","N","N","Daylight","Other","Pedestrian Violation","Non-Collision","N","N","N","N"
6163225,"N","Y","Injury (Complaint of Pain)","N",2013,15.9166666666667,"Summer","PM","N","Tu","N","Y","Y","N","N","N","N","N","Daylight","Hit Object","Wrong Side of Road","Fixed Object","N","N","N","N"
6163226,"N","Y","Injury (Complaint of Pain)","N",2013,12.3333333333333,"Summer","N","N","F","Y","N","Y","N","N","N","N","N","Daylight","Head-On","Pedestrian Violation","Other Motor Vehicle","N","N","N","N"
6163229,"N","Y","Injury (Other Visible)","N",2013,5.75,"Summer","N","N","Th","N","Y","Y","N","N","N","N","N","Dusk or Dawn","Rear End","Wrong Side of Road","Other Motor Vehicle","N","N","N","N"
6163233,"N","Y","PDO (property damage only)","N",2013,9,"Summer","AM","N","F","N","Y","Y","N","N","N","N","N","Daylight","Sideswipe","Automobile Right of Way","Other Motor Vehicle","N","N","N","N"
6163274,"N","Y","Injury (Complaint of Pain)","N",2013,0.416666666666667,"Summer","N","Y","Su","N","N","Y","N","N","N","N","N","Dark - Street Lights","Rear End","Improper Passing","Other Motor Vehicle","N","N","N","N"
6164244,"N","Y","Injury (Complaint of Pain)","N",2013,16.25,"Summer","N","N","Su","N","N","N","Y","N","N","N","N","Daylight","Broadside","Code 20","Other Motor Vehicle","N","N","N","N"
6164256,"N","Y","Injury (Complaint of Pain)","N",2013,18.75,"Summer","PM","N","Th","Y","N","Y","N","N","N","N","N","Daylight","Other","Pedestrian Violation","Non-Collision","N","N","N","N"
6164322,"N","Y","Injury (Complaint of Pain)","N",2013,5.41666666666667,"Summer","N","N","Th","N","Y","Y","N","N","N","N","N","Dusk or Dawn","Overturned","Pedestrian Right of Way","Non-Collision","N","N","N","N"
6164324,"N","Y","Injury (Complaint of Pain)","N",2013,21.8333333333333,"Summer","N","N","F","Y","N","Y","N","N","N","N","N","Dark - Street Lights","Broadside","Lights","Other Motor Vehicle","N","N","N","N"
6164326,"N","Y","PDO (property damage only)","N",2013,16.9166666666667,"Summer","PM","N","F","N","Y","Y","N","N","N","N","N","Daylight","Sideswipe","Automobile Right of Way","Other Motor Vehicle","N","N","N","N"
6164338,"N","Y","Injury (Other Visible)","N",2013,17.75,"Summer","PM","N","F","N","Y","Y","N","N","N","N","N","Daylight","Sideswipe","Wrong Side of Road","Other Motor Vehicle","N","N","N","N"
6164339,"N","Y","Injury (Complaint of Pain)","N",2013,0.666666666666667,"Summer","N","Y","Th","N","Y","Y","N","N","N","N","N","Dark - Street Lights","Overturned","Wrong Side of Road","Non-Collision","N","N","N","N"
6164351,"N","Y","Injury (Complaint of Pain)","N",2013,8.41666666666667,"Summer","AM","N","F","N","Y","N","Y","N","N","N","N","Daylight","Hit Object","Wrong Side of Road","Fixed Object","N","N","N","N"
6164353,"N","Y","Injury (Complaint of Pain)","N",2013,20.1666666666667,"Summer","N","N","M","N","N","Y","N","N","N","N","N","Dark - Street Lights","Broadside","Unsafe Starting or Backing","Other Motor Vehicle","N","N","N","N"
6164359,"N","Y","Injury (Complaint of Pain)","N",2013,2.5,"Summer","N","Y","Sa","N","Y","Y","N","N","N","N","N","Dark - Street Lights","Overturned","Pedestrian Right of Way","Other Object","N","N","N","N"
6164374,"N","Y","PDO (property damage only)","N",2013,7.5,"Summer","AM","N","Th","N","Y","Y","N","N","N","N","N","Daylight","Sideswipe","Automobile Right of Way","Other Motor Vehicle","N","N","N","N"
6165123,"N","Y","PDO (property damage only)","N",2013,14.5,"Summer","N","N","Su","N","N","Y","N","N","N","N","N","Daylight","Other","Pedestrian Right of Way","Fixed Object","N","N","N","N"
6165142,"N","Y","Injury (Complaint of Pain)","N",2013,17.4166666666667,"Summer","PM","N","Tu","N","N","Y","N","N","N","N","N","Daylight","Hit Object","Wrong Side of Road","Fixed Object","N","N","N","N"
6165182,"N","Y","PDO (property damage only)","N",2013,18.6166666666667,"Summer","PM","N","W","N","N","Y","N","N","N","N","N","Daylight","Sideswipe","Automobile Right of Way","Other Motor Vehicle","N","N","N","N"
6165198,"N","Y","PDO (property damage only)","N",2013,4.66666666666667,"Summer","N","Y","F","N","Y","Y","N","N","N","N","N","Dark - Street Lights","Overturned","Wrong Side of Road","Non-Collision","N","N","N","N"
6165767,"N","Y","PDO (property damage only)","N",2013,21.6666666666667,"Summer","N","N","M","N","N","Y","N","N","N","N","N","Dark - Street Lights","Rear End","Improper Passing","Motor Vehicle on Other Roadway","N","N","N","N"
6165773,"N","Y","Injury (Other Visible)","N",2013,18.0833333333333,"Summer","N","N","Sa","N","Y","Y","N","N","N","N","N","Daylight","Sideswipe","Automobile Right of Way","Other Motor Vehicle","N","N","N","N"
6165786,"N","Y","PDO (property damage only)","N",2013,16.75,"Summer","PM","N","W","N","N","Y","N","N","N","N","N","Daylight","Rear End","Improper Passing","Other Motor Vehicle","N","N","N","N"
6166037,"N","N","PDO (property damage only)","N",2013,5.58333333333333,"Summer","N","N","M","N","N","N","Y","N","N","N","N","Daylight","Broadside","Pedestrian Right of Way","Other Motor Vehicle","N","N","N","N"
6166171,"N","Y","Injury (Complaint of Pain)","N",2013,16.25,"Summer","PM","N","F","N","N","Y","N","N","N","N","Y","Daylight","Hit Object","Unsafe Lane Change","Other Object","N","N","N","N"
6166765,"N","Y","PDO (property damage only)","N",2013,17.25,"Summer","PM","N","M","Y","N","Y","N","N","N","N","N","Daylight","Head-On","Wrong Side of Road","Other Motor Vehicle","N","N","N","N"
6166809,"N","Y","PDO (property damage only)","N",2013,13.5,"Summer","N","N","Su","Y","Y","Y","N","N","N","N","N","Daylight","Other","Improper Passing","Non-Collision","N","N","N","N"
6166968,"N","Y","Injury (Other Visible)","N",2013,9.75,"Summer","N","N","F","N","N","Y","N","N","N","N","N","Daylight","Hit Object","Wrong Side of Road","Fixed Object","N","N","N","N"
6167131,"N","Y","PDO (property damage only)","N",2013,12.1666666666667,"Summer","N","N","Tu","N","N","Y","N","N","N","N","N","Daylight","Sideswipe","Pedestrian Right of Way","Other Motor Vehicle","N","N","N","N"
6168649,"N","Y","Injury (Other Visible)","N",2013,17.0833333333333,"Summer","N","N","Sa","N","Y","Y","N","N","N","N","N","Daylight","Rear End","Automobile Right of Way","Other Motor Vehicle","Y","N","N","N"
6169863,"N","Y","Injury (Complaint of Pain)","N",2013,14.6666666666667,"Summer","N","N","Tu","Y","N","Y","N","N","N","N","N","Daylight","Broadside","Pedestrian Violation","Other Motor Vehicle","N","N","N","N"
6169867,"N","Y","PDO (property damage only)","N",2013,12.0833333333333,"Summer","N","N","W","Y","N","Y","N","N","N","N","N","Daylight","Broadside","Lights","Other Motor Vehicle","N","N","N","N"
6169869,"N","Y","Injury (Other Visible)","N",2013,12.75,"Summer","N","N","Sa","N","N","Y","N","N","N","N","N","Daylight","Broadside","Pedestrian Right of Way","Other Motor Vehicle","N","N","N","N"
6169886,"N","N","PDO (property damage only)","N",2013,13.5,"Summer","N","N","F","Y","N","Y","N","N","N","N","N","Daylight","Broadside","Pedestrian Violation","Other Motor Vehicle","N","N","N","N"
6170105,"N","Y","Injury (Complaint of Pain)","N",2013,23,"Summer","N","Y","F","Y","N","N","Y","N","N","N","N","Dark - Street Lights","Broadside","Pedestrian Violation","Other Motor Vehicle","N","N","N","N"
6170275,"N","Y","Injury (Complaint of Pain)","N",2013,12.5,"Summer","N","N","Su","N","N","Y","N","N","N","N","N","Daylight","Other","Driving or Bicycling Under the Influence of Alcohol or Drug","Fixed Object","N","N","N","N"
6170918,"N","Y","Injury (Complaint of Pain)","N",2013,14.2666666666667,"Summer","N","N","Su","N","N","Y","N","N","N","N","N","Daylight","Other","Impeding Traffic","Non-Collision","N","N","N","N"
6171022,"N","Y","Injury (Complaint of Pain)","N",2013,15.6666666666667,"Summer","PM","N","Th","Y","N","Y","N","N","N","N","N","Daylight","Sideswipe","Unsafe Lane Change","Other Motor Vehicle","N","N","N","N"
6172062,"N","Y","Injury (Complaint of Pain)","N",2013,16.3333333333333,"Summer","PM","N","Th","Y","N","Y","N","N","N","N","N","Daylight","Broadside","Pedestrian Violation","Other Motor Vehicle","N","N","N","N"
6172225,"N","Y","PDO (property damage only)","N",2013,16.4166666666667,"Summer","PM","N","W","N","N","Y","N","N","N","N","N","Daylight","Broadside","Pedestrian Violation","Other Motor Vehicle","N","N","N","N"
6172598,"N","Y","Injury (Complaint of Pain)","N",2013,18.5666666666667,"Summer","N","N","Su","N","Y","Y","N","N","N","N","N","Daylight","Sideswipe","Automobile Right of Way","Other Motor Vehicle","N","N","N","N"
6172757,"N","Y","Injury (Complaint of Pain)","N",2013,13,"Summer","N","N","Tu","N","N","Y","N","N","N","N","N","Daylight","Sideswipe","Automobile Right of Way","Other Motor Vehicle","N","N","N","N"
6172883,"N","Y","Injury (Complaint of Pain)","N",2013,19.5,"Summer","N","N","F","Y","N","Y","N","N","N","N","N","Daylight","Other","Pedestrian Violation","Other Object","N","N","N","N"
6172884,"N","Y","Injury (Complaint of Pain)","N",2013,23.6666666666667,"Summer","N","Y","Th","N","Y","N","Y","N","N","N","N","Dark - No Street Lights","Hit Object","Pedestrian Right of Way","Fixed Object","N","N","N","N"
6172887,"N","Y","Injury (Other Visible)","N",2013,9.5,"Summer","N","N","Tu","Y","N","Y","N","N","N","N","Y","Daylight","Hit Object","Code 20","Other Object","N","N","N","N"
6172965,"N","Y","Injury (Complaint of Pain)","N",2013,8.75,"Summer","N","N","Sa","N","Y","Y","N","N","N","N","N","Daylight","Overturned","Wrong Side of Road","Non-Collision","N","N","N","N"
6173895,"N","Y","Injury (Complaint of Pain)","N",2013,20.75,"Summer","N","N","Th","Y","N","Y","N","N","N","N","N","Dark - Street Lights","Broadside","Unsafe Speed","Other Motor Vehicle","Y","N","N","N"
6173915,"N","Y","Injury (Complaint of Pain)","N",2013,20.3333333333333,"Summer","N","N","Th","N","N","Y","N","N","N","N","N","Dark - Street Lights","Broadside","Pedestrian Violation","Other Motor Vehicle","N","N","N","N"
6173927,"N","Y","PDO (property damage only)","N",2013,9.78333333333333,"Summer","N","N","M","N","Y","Y","N","N","N","N","N","Daylight","Rear End","Automobile Right of Way","Other Motor Vehicle","N","N","N","N"
6174704,"N","Y","PDO (property damage only)","N",2013,15.1666666666667,"Summer","PM","N","F","Y","N","Y","N","N","N","N","N","Daylight","Broadside","Impeding Traffic","Other Motor Vehicle","N","N","N","N"
6175351,"N","Y","Injury (Complaint of Pain)","N",2013,18.25,"Summer","PM","N","F","Y","N","Y","N","N","N","N","N","Daylight","Broadside","Lights","Other Motor Vehicle","N","N","N","N"
6175869,"N","Y","Injury (Complaint of Pain)","N",2013,3.58333333333333,"Summer","N","Y","Sa","N","N","Y","N","N","N","N","N","Dark - Street Lights","Broadside","Pedestrian Right of Way","Other Motor Vehicle","N","N","N","N"
6175976,"N","Y","Injury (Complaint of Pain)","N",2013,19.5,"Summer","N","N","M","N","N","Y","N","N","N","N","N","Dusk or Dawn","Hit Object","Wrong Side of Road","Fixed Object","N","N","N","N"
6176339,"N","Y","Injury (Complaint of Pain)","N",2013,16.75,"Summer","PM","N","Th","N","N","Y","N","N","N","N","N","Daylight","Rear End","Improper Passing","Other Motor Vehicle","N","N","N","N"
6176387,"N","Y","PDO (property damage only)","N",2013,12.5,"Summer","N","N","W","N","N","Y","N","N","N","N","N","Daylight","Rear End","Pedestrian Right of Way","Other Motor Vehicle","N","N","N","N"
6176404,"N","Y","Injury (Complaint of Pain)","N",2013,16,"Summer","PM","N","Th","Y","N","Y","N","N","N","N","N","Daylight","Sideswipe","Pedestrian Right of Way","Other Motor Vehicle","N","N","N","N"
6176679,"N","Y","Injury (Complaint of Pain)","N",2013,8.66666666666667,"Summer","AM","N","Tu","Y","N","Y","N","N","N","N","N","Daylight","Broadside","Pedestrian Violation","Other Motor Vehicle","N","N","N","N"
6176716,"N","Y","PDO (property damage only)","N",2013,18.25,"Summer","N","N","Sa","N","N","Y","N","N","N","N","N","Daylight","Broadside","Automobile Right of Way","Other Motor Vehicle","N","N","N","N"
6177780,"N","Y","Injury (Complaint of Pain)","N",2013,14.0833333333333,"Summer","N","N","Su","N","N","Y","N","N","N","N","N","Daylight","Broadside","Pedestrian Violation","Other Motor Vehicle","N","N","N","N"
6178009,"N","Y","Injury (Other Visible)","N",2013,18.1666666666667,"Summer","PM","N","W","Y","N","Y","N","N","N","N","N","Daylight","Broadside","Pedestrian Violation","Motor Vehicle on Other Roadway","N","N","N","N"
6178074,"N","Y","Injury (Complaint of Pain)","N",2013,10.1666666666667,"Summer","N","N","M","N","N","Y","N","N","N","N","N","Daylight","Rear End","Improper Passing","Other Motor Vehicle","N","N","N","N"
6178425,"N","Y","Injury (Complaint of Pain)","N",2013,9.16666666666667,"Summer","N","N","M","N","N","Y","N","N","N","N","N","Daylight","Other","Wrong Side of Road","Other Object","N","N","N","N"
6178462,"N","Y","Injury (Complaint of Pain)","N",2013,17.4166666666667,"Summer","PM","N","Tu","Y","N","Y","N","N","N","N","N","Daylight","Broadside","Pedestrian Violation","Other Motor Vehicle","N","N","N","N"
6178474,"N","Y","Injury (Complaint of Pain)","N",2013,19.75,"Summer","N","N","M","Y","N","Y","N","N","N","N","N","Dusk or Dawn","Sideswipe","Pedestrian Violation","Other Motor Vehicle","N","N","N","N"
6178719,"N","Y","Injury (Other Visible)","N",2013,18.25,"Summer","PM","N","Tu","Y","Y","Y","N","N","N","N","N","Daylight","Broadside","Pedestrian Right of Way","Other Motor Vehicle","N","N","N","N"
6179050,"N","Y","PDO (property damage only)","N",2013,17.5,"Summer","PM","N","Th","Y","N","Y","N","N","N","N","N","Daylight","Head-On","Driving or Bicycling Under the Influence of Alcohol or Drug","Other Motor Vehicle","N","N","N","N"
6179095,"N","N","PDO (property damage only)","N",2013,17,"Summer","PM","N","F","Y","N","Y","N","N","N","N","N","Daylight","Sideswipe","Pedestrian Violation","Other Motor Vehicle","N","N","N","N"
6179190,"N","Y","PDO (property damage only)","N",2013,17.1666666666667,"Summer","PM","N","W","N","N","Y","N","N","N","N","Y","Daylight","Broadside","Driving or Bicycling Under the Influence of Alcohol or Drug","Other Motor Vehicle","N","N","N","N"
6179216,"N","Y","Injury (Complaint of Pain)","N",2013,17.25,"Summer","PM","N","M","N","N","Y","N","N","N","N","N","Daylight","Broadside","Wrong Side of Road","Other Motor Vehicle","N","N","N","N"