"CASE_ID","mc_killed","mc_injured","collision_severity","severe","accident_year","hours_since_midnight","season","rush_hour","late_night","day_of_week","intersection","state_hwy_ind","w_clear","w_cloudy","w_rainy","w_other","road_not_dry","road_condition_issue","lighting","type_of_collision","pcf_viol_category","mviw","alcohol_involved","truck_accident","pedestrian_accident","bicycle_accident"
6179236,"N","Y","Injury (Complaint of Pain)","N",2013,13.1666666666667,"Summer","N","N","M","N","N","Y","N","N","N","N","N","Daylight","Head-On","Unsafe Lane Change","Other Motor Vehicle","N","N","N","N"
6179244,"N","Y","PDO (property damage only)","N",2013,18.9166666666667,"Summer","PM","N","F","N","N","Y","N","N","N","N","N","Daylight","Broadside","Pedestrian Violation","Other Motor Vehicle","N","N","N","N"
6179845,"N","Y","Injury (Complaint of Pain)","N",2013,12.6666666666667,"Summer","N","N","Th","Y","N","Y","N","N","N","N","N","Daylight","Broadside","Pedestrian Violation","Other Motor Vehicle","N","N","N","N"
6179902,"N","Y","PDO (property damage only)","N",2013,13.5,"Summer","N","N","Tu","N","N","Y","N","N","N","N","N","Daylight","Sideswipe","Pedestrian Right of Way","Other Motor Vehicle","N","N","N","N"
6179973,"N","Y","Injury (Other Visible)","N",2013,20.4166666666667,"Summer","N","N","M","Y","N","Y","N","N","N","N","N","Dark - Street Lights","Broadside","Pedestrian Violation","Other Motor Vehicle","N","N","N","N"
6180237,"N","Y","PDO (property damage only)","N",2013,17,"Summer","PM","N","F","Y","N","Y","N","N","N","N","N","Daylight","Broadside","Pedestrian Violation","Other Motor Vehicle","N","N","N","N"
6180305,"N","Y","Injury (Other Visible)","N",2013,18.1333333333333,"Summer","N","N","Sa","N","Y","Y","N","N","N","N","N","Daylight","Rear End","Wrong Side of Road","Other Motor Vehicle","Y","N","N","N"
6180704,"N","Y","Injury (Other Visible)","N",2013,15.4166666666667,"Summer","PM","N","Th","N","Y","Y","N","N","N","N","N","Daylight","Rear End","Automobile Right of Way","Other Motor Vehicle","N","N","N","N"
6180737,"N","Y","Injury (Complaint of Pain)","N",2013,18.6666666666667,"Summer","N","N","Sa","N","N","Y","N","N","N","N","N","Daylight","Sideswipe","Improper Turning","Other Motor Vehicle","N","N","N","N"
6180746,"N","Y","Injury (Other Visible)","N",2013,13.9166666666667,"Summer","N","N","F","Y","N","Y","N","N","N","N","N","Daylight","Broadside","Pedestrian Violation","Other Motor Vehicle","N","N","N","N"
6180762,"N","Y","PDO (property damage only)","N",2013,21,"Summer","N","N","W","Y","N","Y","N","N","N","N","N","Dark - Street Lights","Broadside","Pedestrian Violation","Other Motor Vehicle","N","N","N","N"
6180766,"N","Y","Injury (Complaint of Pain)","N",2013,1.25,"Summer","N","Y","M","N","N","Y","N","N","N","N","N","Dark - Street Lights","Rear End","Wrong Side of Road","Parked Motor Vehicle","N","N","N","N"
6180769,"N","Y","Injury (Complaint of Pain)","N",2013,14.3333333333333,"Summer","N","N","M","N","Y","Y","N","N","N","N","N","Daylight","Head-On","Pedestrian Right of Way","Other Motor Vehicle","N","N","N","N"
6180770,"N","Y","Injury (Complaint of Pain)","N",2013,23.5833333333333,"Summer","N","Y","F","N","N","Y","N","N","N","N","N","Dark - Street Lights","Other","Lights","Non-Collision","N","N","N","N"
6180907,"N","Y","Injury (Complaint of Pain)","N",2013,13,"Summer","N","N","F","N","N","Y","N","N","N","N","N","Daylight","Rear End","Pedestrian Violation","Other Motor Vehicle","N","N","N","N"
6181043,"N","Y","Injury (Other Visible)","N",2013,17.4166666666667,"Summer","PM","N","Th","Y","N","Y","N","N","N","N","N","Daylight","Broadside","Lights","Other Motor Vehicle","N","N","N","N"
6181051,"N","Y","Injury (Complaint of Pain)","N",2013,18.5,"Summer","PM","N","Th","Y","N","Y","N","N","N","N","N","Daylight","Broadside","Pedestrian Violation","Other Motor Vehicle","N","N","N","N"
6181089,"N","Y","Injury (Other Visible)","N",2013,18.5,"Summer","N","N","Su","N","N","Y","N","N","N","N","N","Daylight","Sideswipe","Automobile Right of Way","Other Motor Vehicle","N","N","N","N"
6181159,"N","Y","PDO (property damage only)","N",2013,13.8333333333333,"Summer","N","N","M","N","N","Y","N","N","N","N","N","Daylight","Broadside","Pedestrian Right of Way","Other Motor Vehicle","N","N","N","N"
6181171,"N","Y","Injury (Other Visible)","N",2013,7.33333333333333,"Summer","AM","N","W","N","N","Y","N","N","N","N","N","Daylight","Broadside","Pedestrian Right of Way","Other Motor Vehicle","N","N","N","N"
6182218,"N","Y","Injury (Complaint of Pain)","N",2013,8,"Summer","AM","N","Th","Y","N","Y","N","N","N","N","N","Daylight","Sideswipe","Pedestrian Right of Way","Other Motor Vehicle","N","N","N","N"
6182390,"N","Y","Injury (Complaint of Pain)","N",2013,0.916666666666667,"Summer","N","Y","Su","N","Y","Y","N","N","N","N","N","Dark - Street Lights","Sideswipe","Automobile Right of Way","Other Motor Vehicle","Y","N","N","N"
6182430,"N","Y","Injury (Complaint of Pain)","N",2013,21.75,"Summer","N","N","Su","N","Y","Y","N","N","N","N","N","Dark - Street Lights","Overturned","Wrong Side of Road","Non-Collision","N","N","N","N"
6183119,"N","Y","Injury (Complaint of Pain)","N",2013,13.3333333333333,"Summer","N","N","Su","N","Y","Y","N","N","N","N","N","Daylight","Broadside","Automobile Right of Way","Other Motor Vehicle","N","N","N","N"
6183409,"N","Y","Injury (Other Visible)","N",2013,9.66666666666667,"Summer","N","N","W","N","Y","Y","N","N","N","N","N","Daylight","Rear End","Wrong Side of Road","Other Motor Vehicle","Y","Y","N","N"
6183604,"N","Y","Injury (Complaint of Pain)","N",2013,8.66666666666667,"Summer","AM","N","Th","N","Y","Y","N","N","N","N","N","Daylight","Sideswipe","Automobile Right of Way","Other Motor Vehicle","N","N","N","N"
6183608,"N","Y","Injury (Complaint of Pain)","N",2013,8,"Summer","AM","N","W","N","Y","Y","N","N","N","N","N","Daylight","Overturned","Code 20","Non-Collision","N","N","N","N"
6183663,"N","Y","Injury (Complaint of Pain)","N",2013,7.83333333333333,"Summer","AM","N","Tu","N","Y","Y","N","N","N","N","N","Daylight","Rear End","Wrong Side of Road","Other Motor Vehicle","N","N","N","N"
6184534,"N","Y","PDO (property damage only)","N",2013,19.3333333333333,"Summer","N","N","Su","N","N","Y","N","N","N","N","N","Daylight","Broadside","Wrong Side of Road","Other Motor Vehicle","N","N","N","N"
6184821,"N","Y","PDO (property damage only)","N",2013,7.33333333333333,"Summer","AM","N","Tu","N","Y","Y","N","N","N","N","N","Daylight","Rear End","Automobile Right of Way","Non-Collision","N","N","N","N"
6185863,"N","N","PDO (property damage only)","N",2013,15,"Summer","PM","N","W","N","N","Y","N","N","N","N","N","Daylight","Sideswipe","Impeding Traffic","Other Motor Vehicle","N","N","N","N"
6186256,"N","Y","Injury (Complaint of Pain)","N",2013,9,"Summer","AM","N","M","Y","Y","Y","N","N","N","N","N","Daylight","Head-On","Pedestrian Violation","Other Motor Vehicle","N","N","N","N"
6186299,"N","Y","Injury (Other Visible)","N",2013,20.5,"Summer","N","N","Tu","N","N","Y","N","N","N","N","N","Dark - Street Lights","Broadside","Pedestrian Right of Way","Other Motor Vehicle","N","N","N","N"
6186465,"N","Y","Injury (Other Visible)","N",2013,17,"Summer","PM","N","W","N","N","Y","N","N","N","N","Y","Daylight","Broadside","Pedestrian Right of Way","Other Motor Vehicle","N","N","N","N"
6187000,"N","Y","Injury (Complaint of Pain)","N",2013,14.3333333333333,"Summer","N","N","Th","N","N","Y","N","N","N","N","N","Daylight","Rear End","Wrong Side of Road","Other Motor Vehicle","N","N","N","N"
6187042,"N","N","Injury (Other Visible)","N",2013,20.1666666666667,"Summer","N","N","W","Y","Y","Y","N","N","N","N","N","Dark - Street Lights","Broadside","Code 19","Other Motor Vehicle","N","N","N","N"
6187077,"N","Y","Injury (Complaint of Pain)","N",2013,19.75,"Summer","N","N","W","N","N","Y","N","N","N","N","N","Dark - No Street Lights","Overturned","Wrong Side of Road","Non-Collision","N","N","N","N"
6188366,"N","Y","Injury (Complaint of Pain)","N",2013,13.8333333333333,"Summer","N","N","Su","N","Y","Y","N","N","N","N","N","Daylight","Rear End","Automobile Right of Way","Other Motor Vehicle","N","N","N","N"
6188380,"N","Y","PDO (property damage only)","N",2013,8.41666666666667,"Summer","AM","N","W","N","Y","Y","N","N","N","N","N","Daylight","Sideswipe","Automobile Right of Way","Other Motor Vehicle","N","N","N","N"
6188383,"N","Y","Injury (Complaint of Pain)","N",2013,17.6666666666667,"Summer","PM","N","Th","N","Y","Y","N","N","N","N","N","Daylight","Rear End","Unsafe Speed","Other Motor Vehicle","Y","N","N","N"
6188385,"N","Y","Injury (Complaint of Pain)","N",2013,16.8333333333333,"Summer","N","N","Sa","N","Y","Y","N","N","N","N","N","Daylight","Sideswipe","Automobile Right of Way","Other Motor Vehicle","N","N","N","N"
6188398,"N","Y","PDO (property damage only)","N",2013,7.41666666666667,"Summer","AM","N","W","N","Y","N","Y","N","N","N","N","Daylight","Other","Wrong Side of Road","Non-Collision","N","N","N","N"
6188404,"N","Y","Injury (Complaint of Pain)","N",2013,14.7833333333333,"Summer","N","N","Sa","N","Y","Y","N","N","N","N","N","Daylight","Sideswipe","Improper Turning","Other Motor Vehicle","N","N","N","N"
6188407,"N","Y","Injury (Complaint of Pain)","N",2013,10.5,"Summer","N","N","Sa","N","Y","Y","N","N","N","N","Y","Daylight","Overturned","Wrong Side of Road","Non-Collision","N","N","N","N"
6188840,"N","Y","Injury (Other Visible)","N",2013,16.5833333333333,"Summer","PM","N","F","N","N","Y","N","N","N","N","N","Daylight","Broadside","Pedestrian Violation","Other Motor Vehicle","N","N","N","N"
6189114,"N","Y","Injury (Complaint of Pain)","N",2013,15.8333333333333,"Summer","PM","N","M","N","N","Y","N","N","N","N","N","Daylight","Other","Code 19","Other Motor Vehicle","N","N","N","N"
6189161,"N","Y","Injury (Complaint of Pain)","N",2013,15,"Summer","N","N","Sa","N","N","Y","N","N","N","N","N","Daylight","Sideswipe","Impeding Traffic","Other Motor Vehicle","N","N","N","N"
6189635,"N","Y","PDO (property damage only)","N",2013,19.8333333333333,"Summer","N","N","Su","N","N","Y","N","N","N","N","N","Dusk or Dawn","Rear End","Lights","Other Motor Vehicle","N","N","N","N"
6189659,"N","Y","Injury (Complaint of Pain)","N",2013,10.8333333333333,"Summer","N","N","W","N","N","Y","N","N","N","N","N","Daylight","Hit Object","Wrong Side of Road","Fixed Object","N","N","N","N"
6190252,"N","Y","Injury (Complaint of Pain)","N",2013,23.4166666666667,"Summer","N","Y","Su","N","Y","Y","N","N","N","N","N","Dark - Street Lights","Sideswipe","Pedestrian Right of Way","Other Motor Vehicle","N","N","N","N"
6193238,"N","Y","Injury (Complaint of Pain)","N",2013,11.25,"Summer","N","N","Sa","N","Y","Y","N","N","N","N","N","Daylight","Hit Object","Automobile Right of Way","Fixed Object","N","N","N","N"
6193299,"N","Y","Injury (Complaint of Pain)","N",2013,13.3333333333333,"Summer","N","N","Su","N","Y","Y","N","N","N","N","N","Daylight","Hit Object","Pedestrian Right of Way","Fixed Object","N","N","N","N"
6193307,"N","Y","Injury (Complaint of Pain)","N",2013,8.33333333333333,"Summer","AM","N","Th","N","Y","Y","N","N","N","N","N","Daylight","Rear End","Wrong Side of Road","Other Motor Vehicle","N","N","N","N"
6193336,"N","Y","PDO (property damage only)","N",2013,7.16666666666667,"Summer","AM","N","W","N","Y","Y","N","N","N","N","N","Daylight","Rear End","Wrong Side of Road","Other Motor Vehicle","N","N","N","N"
6193348,"N","Y","Injury (Complaint of Pain)","N",2013,20.0833333333333,"Summer","N","N","Su","N","Y","Y","N","N","N","N","N","Dusk or Dawn","Sideswipe","Automobile Right of Way","Other Motor Vehicle","Y","N","N","N"
6193390,"N","Y","PDO (property damage only)","N",2013,7.41666666666667,"Summer","AM","N","Th","N","Y","Y","N","N","N","N","N","Daylight","Sideswipe","Wrong Side of Road","Other Motor Vehicle","N","N","N","N"
6193853,"N","N","Injury (Complaint of Pain)","N",2013,21.6666666666667,"Summer","N","N","Sa","N","N","Y","N","N","N","N","N","Dark - Street Lights","Broadside","Pedestrian Violation","Other Motor Vehicle","N","N","N","N"
6193857,"N","Y","Injury (Complaint of Pain)","N",2013,14.75,"Summer","N","N","Sa","N","Y","Y","N","N","N","N","N","Daylight","Other","Wrong Side of Road","Fixed Object","N","N","N","N"
6193871,"N","Y","PDO (property damage only)","N",2013,13,"Summer","N","N","F","Y","N","Y","N","N","N","N","N","Daylight","Rear End","Improper Passing","Other Motor Vehicle","N","N","N","N"
6193880,"N","Y","Injury (Other Visible)","N",2013,22.3333333333333,"Summer","N","N","Th","N","N","Y","N","N","N","N","N","Dark - Street Lights","Sideswipe","Code 19","Other Motor Vehicle","N","N","N","N"
6195523,"N","Y","Injury (Other Visible)","N",2013,20,"Summer","N","N","Tu","N","N","Y","N","N","N","N","N","Dusk or Dawn","Broadside","Unsafe Starting or Backing","Other Motor Vehicle","N","N","N","N"
6195535,"N","Y","PDO (property damage only)","N",2013,9.33333333333333,"Summer","N","N","Tu","N","N","Y","N","N","N","N","N","Daylight","Broadside","Unsafe Starting or Backing","Other Motor Vehicle","N","N","N","N"
6195562,"N","Y","PDO (property damage only)","N",2013,12.3333333333333,"Summer","N","N","M","N","N","Y","N","N","N","N","N","Daylight","Broadside","Pedestrian Violation","Other Motor Vehicle","N","N","N","N"
6195573,"N","Y","PDO (property damage only)","N",2013,0.666666666666667,"Summer","N","Y","Su","Y","N","Y","N","N","N","N","N","Dark - Street Lights","Head-On","Pedestrian Violation","Other Motor Vehicle","N","N","N","N"
6196073,"N","Y","Injury (Complaint of Pain)","N",2013,12.5833333333333,"Summer","N","N","Sa","N","N","Y","N","N","N","N","N","Daylight","Broadside","Lights","Other Motor Vehicle","N","N","N","N"
6196493,"N","Y","PDO (property damage only)","N",2013,22.8333333333333,"Summer","N","N","Th","N","N","Y","N","N","N","N","N","Dark - Street Lights","Broadside","Pedestrian Violation","Other Motor Vehicle","N","N","N","N"
6196501,"N","Y","Injury (Other Visible)","N",2013,19,"Summer","PM","N","Tu","Y","N","Y","N","N","N","N","N","Daylight","Broadside","Pedestrian Violation","Parked Motor Vehicle","N","N","N","N"
6196504,"N","Y","Injury (Complaint of Pain)","N",2013,22.4166666666667,"Summer","N","N","W","Y","N","Y","N","N","N","N","N","Dark - Street Lights","Other","Pedestrian Violation","Non-Collision","N","N","N","N"
6196510,"N","Y","PDO (property damage only)","N",2013,14.1666666666667,"Summer","N","N","Su","N","N","Y","N","N","N","N","N","Daylight","Broadside","Pedestrian Right of Way","Other Motor Vehicle","N","N","N","N"
6196622,"N","Y","Injury (Complaint of Pain)","N",2013,17.3333333333333,"Summer","PM","N","W","N","N","Y","N","N","N","N","N","Daylight","Rear End","Wrong Side of Road","Other Motor Vehicle","N","N","N","N"
6196829,"N","Y","PDO (property damage only)","N",2013,7.5,"Summer","AM","N","W","N","Y","Y","N","N","N","N","N","Daylight","Sideswipe","Pedestrian Right of Way","Other Motor Vehicle","N","N","N","N"
6196837,"N","Y","Injury (Complaint of Pain)","N",2013,17.4166666666667,"Summer","PM","N","Tu","N","Y","Y","N","N","N","N","N","Daylight","Rear End","Wrong Side of Road","Other Motor Vehicle","N","N","N","N"
6197090,"N","Y","Injury (Complaint of Pain)","N",2013,19.75,"Summer","N","N","W","N","N","Y","N","N","N","N","N","Dusk or Dawn","Rear End","Wrong Side of Road","Other Motor Vehicle","N","N","N","N"
6198655,"N","Y","PDO (property damage only)","N",2013,13.7666666666667,"Summer","N","N","F","N","Y","Y","N","N","N","N","N","Daylight","Hit Object","Pedestrian Right of Way","Fixed Object","N","N","N","N"
6198701,"N","Y","Injury (Complaint of Pain)","N",2013,14.8333333333333,"Summer","N","N","W","N","N","Y","N","N","N","N","N","Daylight","Rear End","Wrong Side of Road","Other Motor Vehicle","N","N","N","N"
6198762,"N","Y","Injury (Complaint of Pain)","N",2013,17.9166666666667,"Summer","N","N","Su","N","N","Y","N","N","N","N","N","Daylight","Sideswipe","Automobile Right of Way","Other Motor Vehicle","N","N","N","N"
6199726,"N","Y","Injury (Other Visible)","N",2013,20.3333333333333,"Summer","N","N","Tu","Y","N","Y","N","N","N","N","N","Dark - Street Lights","Broadside","Lights","Other Motor Vehicle","N","N","N","N"
6199874,"N","Y","Injury (Complaint of Pain)","N",2013,13.3333333333333,"Summer","N","N","M","N","N","Y","N","N","N","N","N","Daylight","Rear End","Automobile Right of Way","Other Motor Vehicle","N","N","N","N"
6200016,"N","Y","Injury (Complaint of Pain)","N",2013,20.8333333333333,"Summer","N","N","Tu","N","N","Y","N","N","N","N","N","Dark - Street Lights","Sideswipe","Automobile Right of Way","Other Motor Vehicle","N","N","N","N"
6200052,"N","Y","Injury (Other Visible)","N",2013,20,"Summer","N","N","W","Y","N","Y","N","N","N","N","N","Dark - Street Lights","Broadside","Pedestrian Violation","Other Motor Vehicle","N","N","N","N"
6200072,"N","Y","Injury (Complaint of Pain)","N",2013,10.6666666666667,"Summer","N","N","M","N","N","Y","N","N","N","N","N","Daylight","Hit Object","Pedestrian Violation","Fixed Object","N","N","N","N"
6200088,"N","Y","Injury (Complaint of Pain)","N",2013,6.75,"Summer","N","N","F","N","Y","Y","N","N","N","N","N","Daylight","Rear End","Wrong Side of Road","Other Motor Vehicle","N","N","N","N"
6200356,"N","Y","PDO (property damage only)","N",2013,8.16666666666667,"Summer","AM","N","W","N","N","Y","N","N","N","N","N","Daylight","Sideswipe","Lights","Motor Vehicle on Other Roadway","N","N","N","N"
6200510,"N","Y","Injury (Complaint of Pain)","N",2013,14.5833333333333,"Summer","N","N","W","Y","N","Y","N","N","N","N","Y","Daylight","Other","Wrong Side of Road","Fixed Object","N","N","N","N"
6200538,"N","Y","PDO (property damage only)","N",2013,20.1666666666667,"Summer","N","N","Th","N","N","Y","N","N","N","N","N","Dark - Street Lights","Sideswipe","Unsafe Speed","Other Motor Vehicle","Y","N","N","N"
6200541,"N","Y","PDO (property damage only)","N",2013,20.8333333333333,"Summer","N","N","Su","Y","N","Y","N","N","N","N","N","Dark - Street Lights","Sideswipe","Pedestrian Violation","Other Motor Vehicle","N","N","N","N"
6200553,"N","Y","Injury (Other Visible)","N",2013,20.4166666666667,"Summer","N","N","Sa","N","N","Y","N","N","N","N","N","Dark - Street Lights","Rear End","Improper Turning","Other Motor Vehicle","Y","N","N","N"
6200822,"N","N","PDO (property damage only)","N",2013,10.25,"Summer","N","N","Su","N","N","Y","N","N","N","N","N","Daylight","Head-On","Wrong Side of Road","Other Motor Vehicle","Y","N","N","N"
6200848,"N","Y","Injury (Complaint of Pain)","N",2013,10.5833333333333,"Summer","N","N","F","N","Y","Y","N","N","N","N","N","Daylight","Overturned","Wrong Side of Road","Non-Collision","N","N","N","N"
6200868,"N","Y","PDO (property damage only)","N",2013,13.4166666666667,"Summer","N","N","M","N","Y","Y","N","N","N","N","N","Daylight","Sideswipe","Pedestrian Right of Way","Other Motor Vehicle","N","N","N","N"
6200880,"N","Y","Injury (Complaint of Pain)","N",2013,11.8333333333333,"Summer","N","N","Sa","N","Y","Y","N","N","N","N","N","Daylight","Hit Object","Pedestrian Right of Way","Fixed Object","N","N","N","N"
6201953,"N","Y","PDO (property damage only)","N",2013,15.0833333333333,"Summer","PM","N","W","N","N","Y","N","N","N","N","N","Daylight","Rear End","Wrong Side of Road","Other Motor Vehicle","N","N","N","N"
6201968,"N","Y","Injury (Complaint of Pain)","N",2013,14.5,"Summer","N","N","Su","N","Y","Y","N","N","N","N","N","Daylight","Hit Object","Wrong Side of Road","Fixed Object","N","N","N","N"
6201976,"N","Y","Injury (Complaint of Pain)","N",2013,8.66666666666667,"Summer","AM","N","F","N","Y","Y","N","N","N","N","N","Daylight","Rear End","Wrong Side of Road","Other Motor Vehicle","N","N","N","N"
6202087,"N","Y","Injury (Complaint of Pain)","N",2013,18.1666666666667,"Summer","PM","N","Th","N","Y","Y","N","N","N","N","N","Daylight","Sideswipe","Automobile Right of Way","Other Motor Vehicle","N","N","N","N"
6202468,"N","Y","Injury (Complaint of Pain)","N",2013,20.3333333333333,"Summer","N","N","Su","Y","N","Y","N","N","N","N","N","Dark - Street Lights","Broadside","Pedestrian Violation","Other Motor Vehicle","N","N","N","N"
6202501,"N","Y","PDO (property damage only)","N",2013,8.25,"Summer","AM","N","Tu","N","N","Y","N","N","N","N","N","Daylight","Broadside","Automobile Right of Way","Motor Vehicle on Other Roadway","Y","N","N","N"
6202526,"N","Y","Injury (Other Visible)","N",2013,7.75,"Summer","AM","N","W","Y","N","Y","N","N","N","N","N","Daylight","Broadside","Pedestrian Right of Way","Other Motor Vehicle","N","N","N","N"
6203064,"N","Y","Injury (Complaint of Pain)","N",2013,15.0833333333333,"Fall","N","N","Su","N","N","Y","N","N","N","N","N","Daylight","Sideswipe","Automobile Right of Way","Other Motor Vehicle","N","N","N","N"
6203076,"N","N","PDO (property damage only)","N",2013,21.9166666666667,"Summer","N","N","W","N","N","Y","N","N","N","N","N","Dark - Street Lights","Sideswipe","Automobile Right of Way","Other Motor Vehicle","N","N","N","N"
6203286,"N","N","Injury (Complaint of Pain)","N",2013,21.6666666666667,"Summer","N","N","W","N","N","Y","N","N","N","N","N","Dark - Street Lights","Sideswipe","Automobile Right of Way","Parked Motor Vehicle","N","N","N","N"
6203670,"N","Y","Injury (Complaint of Pain)","N",2013,16,"Summer","PM","N","Tu","N","N","Y","N","N","N","N","N","Daylight","Rear End","Wrong Side of Road","Parked Motor Vehicle","N","N","N","N"
6203678,"N","Y","Injury (Complaint of Pain)","N",2013,18.6666666666667,"Summer","PM","N","F","N","N","Y","N","N","N","N","N","Daylight","Broadside","Pedestrian Violation","Other Motor Vehicle","N","N","N","N"
6203696,"N","Y","PDO (property damage only)","N",2013,16.9166666666667,"Summer","PM","N","Tu","N","Y","Y","N","N","N","N","N","Daylight","Sideswipe","Pedestrian Right of Way","Other Motor Vehicle","N","N","N","N"
6205454,"N","Y","Injury (Other Visible)","N",2013,11.9166666666667,"Summer","N","N","Su","Y","N","Y","N","N","N","N","N","Daylight","Broadside","Pedestrian Violation","Other Motor Vehicle","N","N","N","N"
6206227,"N","Y","Injury (Complaint of Pain)","N",2013,13.0833333333333,"Summer","N","N","Th","N","Y","Y","N","N","N","N","N","Daylight","Sideswipe","Automobile Right of Way","Other Motor Vehicle","N","N","N","N"
6206297,"N","Y","PDO (property damage only)","N",2013,1.25,"Summer","N","Y","W","N","Y","Y","N","N","N","N","N","Dark - Street Lights","Overturned","Pedestrian Right of Way","Fixed Object","N","N","N","N"
6206415,"N","Y","Injury (Complaint of Pain)","N",2013,17,"Summer","PM","N","M","N","Y","Y","N","N","N","N","N","Daylight","Overturned","Automobile Right of Way","Other Motor Vehicle","N","N","N","N"
6206427,"N","Y","Injury (Complaint of Pain)","N",2013,21.8833333333333,"Summer","N","N","Tu","N","Y","Y","N","N","N","N","N","Dark - Street Lights","Hit Object","Pedestrian Right of Way","Fixed Object","N","N","N","N"
6206435,"N","Y","PDO (property damage only)","N",2013,19.0333333333333,"Summer","N","N","M","N","Y","N","Y","N","N","N","N","Dusk or Dawn","Overturned","Wrong Side of Road","Fixed Object","N","N","N","N"
6206447,"N","N","PDO (property damage only)","N",2013,8,"Summer","AM","N","W","N","Y","Y","N","N","N","N","Y","Daylight","Sideswipe","Driving or Bicycling Under the Influence of Alcohol or Drug","Other Motor Vehicle","N","N","N","N"
6206455,"N","Y","PDO (property damage only)","N",2013,20.1666666666667,"Summer","N","N","W","N","Y","Y","N","N","N","N","N","Dark - Street Lights","Sideswipe","Pedestrian Right of Way","Other Motor Vehicle","N","N","N","N"
6206458,"N","Y","Injury (Complaint of Pain)","N",2013,15.6666666666667,"Summer","N","N","Sa","N","Y","Y","N","N","N","N","N","Daylight","Sideswipe","Automobile Right of Way","Other Motor Vehicle","N","N","N","N"
6206462,"N","Y","Injury (Complaint of Pain)","N",2013,15.75,"Summer","PM","N","F","N","Y","Y","N","N","N","N","N","Daylight","Hit Object","Pedestrian Right of Way","Fixed Object","N","N","N","N"
6206899,"Y","N","Injury (Severe)","Y",2013,22.4166666666667,"Winter","N","N","W","N","Y","Y","N","N","N","N","N","Dark - Street Lights","Sideswipe","Unsafe Speed","Other Motor Vehicle","Y","N","N","N"
6207022,"N","Y","Injury (Complaint of Pain)","N",2013,12.8333333333333,"Summer","N","N","F","N","Y","Y","N","N","N","N","N","Daylight","Overturned","Wrong Side of Road","Non-Collision","N","N","N","N"
6207484,"N","Y","Injury (Complaint of Pain)","N",2013,20.1666666666667,"Summer","N","N","F","N","N","Y","N","N","N","N","N","Dark - Street Lights","Broadside","Pedestrian Violation","Other Motor Vehicle","N","N","N","N"
6207613,"N","Y","Injury (Complaint of Pain)","N",2013,18.25,"Summer","PM","N","Tu","Y","N","Y","N","N","N","N","N","Daylight","Broadside","Improper Turning","Other Object","N","N","N","N"
6208302,"N","Y","PDO (property damage only)","N",2013,12.1666666666667,"Summer","N","N","F","Y","N","Y","N","N","N","N","N","Daylight","Other","Pedestrian Right of Way","Non-Collision","N","Y","N","N"
6209349,"N","Y","PDO (property damage only)","N",2013,9.5,"Fall","N","N","M","N","N","Y","N","N","N","N","N","Daylight","Sideswipe","Improper Turning","Other Motor Vehicle","N","N","N","N"
6209617,"N","Y","Injury (Complaint of Pain)","N",2013,20.5,"Fall","N","N","Tu","Y","N","Y","N","N","N","N","N","Dark - Street Lights","Broadside","Pedestrian Right of Way","Other Motor Vehicle","N","N","N","N"
6209645,"N","Y","Injury (Other Visible)","N",2013,17.6666666666667,"Summer","PM","N","Tu","N","N","Y","N","N","N","N","N","Daylight","Rear End","Wrong Side of Road","Other Motor Vehicle","N","N","N","N"
6209667,"N","Y","Injury (Complaint of Pain)","N",2013,8.08333333333333,"Summer","AM","N","Th","Y","N","Y","N","N","N","N","N","Daylight","Other","Pedestrian Right of Way","Non-Collision","N","N","N","N"
6209679,"N","Y","PDO (property damage only)","N",2013,19.8333333333333,"Summer","N","N","Th","N","N","Y","N","N","N","N","N","Daylight","Rear End","Improper Passing","Other Motor Vehicle","N","N","N","N"
6210654,"N","Y","Injury (Complaint of Pain)","N",2013,8.3,"Summer","AM","N","W","N","Y","Y","N","N","N","N","N","Daylight","Sideswipe","Automobile Right of Way","Other Motor Vehicle","N","N","N","N"
6211119,"N","Y","PDO (property damage only)","N",2013,18,"Fall","N","N","Sa","N","N","Y","N","N","N","N","N","Daylight","Broadside","Unsafe Lane Change","Other Motor Vehicle","N","N","N","N"
6211293,"N","Y","Injury (Complaint of Pain)","N",2013,7.08333333333333,"Summer","AM","N","F","N","N","Y","N","N","N","N","N","Daylight","Broadside","Lights","Other Motor Vehicle","N","N","N","N"
6211301,"N","Y","Injury (Complaint of Pain)","N",2013,10,"Fall","N","N","Su","N","N","Y","N","N","N","N","N","Daylight","Other","Unsafe Lane Change","Other Motor Vehicle","N","N","N","N"
6212366,"N","Y","Injury (Complaint of Pain)","N",2013,11.75,"Summer","N","N","Tu","N","N","Y","N","N","N","N","Y","Daylight","Broadside","Pedestrian Violation","Other Motor Vehicle","N","N","N","N"
6212565,"N","Y","Injury (Complaint of Pain)","N",2013,8.16666666666667,"Summer","AM","N","W","Y","N","Y","N","N","N","N","N","Daylight","Broadside","Pedestrian Violation","Other Object","N","N","N","N"
6212577,"N","Y","PDO (property damage only)","N",2013,11,"Summer","N","N","Su","N","N","Y","N","N","N","N","N","Daylight","Broadside","Unsafe Lane Change","Other Motor Vehicle","N","N","N","N"