"CASE_ID","mc_killed","mc_injured","collision_severity","severe","accident_year","hours_since_midnight","season","rush_hour","late_night","day_of_week","intersection","state_hwy_ind","w_clear","w_cloudy","w_rainy","w_other","road_not_dry","road_condition_issue","lighting","type_of_collision","pcf_viol_category","mviw","alcohol_involved","truck_accident","pedestrian_accident","bicycle_accident"
6212580,"N","Y","PDO (property damage only)","N",2013,10.75,"Summer","N","N","Sa","Y","N","Y","N","N","N","N","N","Daylight","Broadside","Pedestrian Violation","Other Motor Vehicle","N","N","N","N"
6212585,"N","Y","Injury (Other Visible)","N",2013,9.41666666666667,"Summer","N","N","M","N","N","Y","N","N","N","N","N","Daylight","Vehicle/Pedestrian","Hazardous Parking","Pedestrian","N","N","Y","N"
6212636,"N","Y","Injury (Other Visible)","N",2013,9.91666666666667,"Summer","N","N","Su","Y","N","Y","N","N","N","N","N","Daylight","Broadside","Pedestrian Violation","Other Motor Vehicle","N","N","N","N"
6212797,"N","Y","Injury (Complaint of Pain)","N",2013,20.6666666666667,"Summer","N","N","F","N","N","Y","N","N","N","N","N","Dark - Street Lights","Broadside","Pedestrian Right of Way","Other Motor Vehicle","N","N","N","N"
6213131,"N","Y","PDO (property damage only)","N",2013,15.8333333333333,"Summer","PM","N","Th","N","N","Y","N","N","N","N","Y","Daylight","Broadside","Pedestrian Right of Way","Other Motor Vehicle","N","N","N","N"
6213156,"N","Y","Injury (Complaint of Pain)","N",2013,13.6666666666667,"Summer","N","N","F","N","N","Y","N","N","N","N","N","Daylight","Rear End","Impeding Traffic","Other Motor Vehicle","N","N","N","N"
6213230,"N","Y","PDO (property damage only)","N",2013,6.5,"Summer","N","N","F","Y","N","Y","N","N","N","N","N","Daylight","Broadside","Lights","Other Motor Vehicle","N","N","N","N"
6213273,"N","Y","PDO (property damage only)","N",2013,20.5,"Summer","N","N","Su","N","N","Y","N","N","N","N","N","Dark - Street Lights","Broadside","Pedestrian Right of Way","Other Motor Vehicle","N","N","N","N"
6214757,"N","Y","Injury (Complaint of Pain)","N",2013,16.3333333333333,"Summer","PM","N","M","N","N","Y","N","N","N","N","N","Daylight","Other","Wrong Side of Road","Non-Collision","N","N","N","N"
6215405,"N","Y","Injury (Other Visible)","N",2013,14.9666666666667,"Summer","N","N","F","N","Y","Y","N","N","N","N","N","Daylight","Sideswipe","Wrong Side of Road","Other Motor Vehicle","N","N","N","N"
6215935,"N","Y","Injury (Complaint of Pain)","N",2013,20.1666666666667,"Fall","N","N","Tu","Y","Y","Y","N","N","N","N","N","Dark - Street Lights","Broadside","Driving or Bicycling Under the Influence of Alcohol or Drug","Other Motor Vehicle","N","N","N","N"
6215951,"Y","N","Injury (Severe)","Y",2013,20,"Fall","N","N","Th","N","N","Y","N","N","N","N","N","Dark - Street Lights","Sideswipe","Pedestrian Violation","Other Motor Vehicle","N","N","N","N"
6215960,"N","Y","Injury (Complaint of Pain)","N",2013,16.25,"Summer","PM","N","F","N","N","Y","N","N","N","N","N","Daylight","Sideswipe","Pedestrian Right of Way","Other Motor Vehicle","N","N","N","N"
6215979,"N","Y","Injury (Other Visible)","N",2013,17,"Fall","PM","N","W","Y","N","Y","N","N","N","N","N","Daylight","Head-On","Pedestrian Violation","Other Motor Vehicle","N","N","N","N"
6215992,"N","Y","Injury (Complaint of Pain)","N",2013,9.08333333333333,"Summer","N","N","Th","N","N","Y","N","N","N","N","N","Daylight","Broadside","Pedestrian Right of Way","Other Motor Vehicle","N","N","N","N"
6215994,"N","Y","Injury (Complaint of Pain)","N",2013,19.3333333333333,"Fall","N","N","Tu","N","N","Y","N","N","N","N","N","Daylight","Broadside","Pedestrian Right of Way","Other Motor Vehicle","N","N","N","N"
6216092,"N","Y","Injury (Complaint of Pain)","N",2013,12.5,"Summer","N","N","Su","Y","N","Y","N","N","N","N","N","Daylight","Broadside","Pedestrian Violation","Other Motor Vehicle","N","N","N","N"
6216881,"N","Y","PDO (property damage only)","N",2013,17.8333333333333,"Winter","N","N","Su","N","Y","Y","N","N","N","N","N","Daylight","Sideswipe","Automobile Right of Way","Other Motor Vehicle","N","N","N","N"
6216939,"N","Y","Injury (Complaint of Pain)","N",2013,18.75,"Fall","PM","N","Th","Y","N","Y","N","N","N","N","N","Dark - Street Lights","Broadside","Lights","Other Motor Vehicle","N","N","N","N"
6217276,"N","Y","Injury (Complaint of Pain)","N",2013,18.8333333333333,"Summer","PM","N","W","N","N","Y","N","N","N","N","N","Daylight","Other","Automobile Right of Way","Other Motor Vehicle","N","N","N","N"
6217317,"N","Y","Injury (Complaint of Pain)","N",2013,10.1666666666667,"Summer","N","N","Su","Y","N","Y","N","N","N","N","N","Daylight","Broadside","Pedestrian Violation","Other Motor Vehicle","N","N","N","N"
6217321,"N","Y","Injury (Complaint of Pain)","N",2013,8,"Summer","N","N","Su","N","N","Y","N","N","N","N","N","Daylight","Rear End","Wrong Side of Road","Other Motor Vehicle","N","N","N","N"
6217435,"N","Y","Injury (Other Visible)","N",2013,21.0833333333333,"Summer","N","N","W","N","Y","Y","N","N","N","N","N","Dark - Street Lights","Hit Object","Pedestrian Right of Way","Fixed Object","N","N","N","N"
6217477,"N","Y","Injury (Complaint of Pain)","N",2013,19.25,"Summer","N","N","Sa","Y","N","Y","N","N","N","N","N","Daylight","Sideswipe","Lights","Other Motor Vehicle","N","N","N","N"
6217574,"N","Y","PDO (property damage only)","N",2013,15.9166666666667,"Summer","PM","N","M","Y","Y","Y","N","N","N","N","N","Daylight","Broadside","Pedestrian Violation","Other Motor Vehicle","N","N","N","N"
6217594,"N","Y","PDO (property damage only)","N",2013,23,"Fall","N","Y","W","N","N","Y","N","N","N","N","N","Dark - Street Lights","Sideswipe","Wrong Side of Road","Parked Motor Vehicle","N","N","N","N"
6217658,"N","Y","PDO (property damage only)","N",2013,20.75,"Fall","N","N","Su","Y","N","Y","N","N","N","N","N","Dark - Street Lights","Broadside","Unsafe Starting or Backing","Other Motor Vehicle","N","N","N","N"
6217665,"N","N","PDO (property damage only)","N",2013,19.6666666666667,"Fall","N","N","W","Y","N","Y","N","N","N","N","N","Dark - Street Lights","Rear End","Wrong Side of Road","Other Motor Vehicle","N","N","N","N"
6218106,"N","Y","Injury (Complaint of Pain)","N",2013,20.75,"Summer","N","N","F","Y","N","Y","N","N","N","N","N","Dark - Street Lights","Broadside","Pedestrian Violation","Other Motor Vehicle","N","N","N","N"
6218242,"N","Y","Injury (Other Visible)","N",2013,14.25,"Fall","N","N","F","N","N","Y","N","N","N","N","N","Daylight","Head-On","Wrong Side of Road","Other Motor Vehicle","N","N","N","N"
6218246,"N","Y","PDO (property damage only)","N",2013,20.3333333333333,"Summer","N","N","F","Y","N","Y","N","N","N","N","N","Dark - Street Lights","Broadside","Pedestrian Violation","Other Motor Vehicle","N","N","N","N"
6218256,"N","Y","Injury (Complaint of Pain)","N",2013,11.0833333333333,"Fall","N","N","M","N","N","Y","N","N","N","N","N","Daylight","Broadside","Pedestrian Right of Way","Other Motor Vehicle","Y","N","N","N"
6218259,"N","Y","PDO (property damage only)","N",2013,20.3333333333333,"Summer","N","N","W","N","N","Y","N","N","N","N","N","Dark - Street Lights","Broadside","Pedestrian Violation","Motor Vehicle on Other Roadway","N","N","N","N"
6218263,"N","Y","PDO (property damage only)","N",2013,0.166666666666667,"Fall","N","Y","Su","Y","N","Y","N","N","N","N","N","Dark - Street Lights","Rear End","Improper Passing","Other Motor Vehicle","N","N","N","N"
6218266,"N","Y","Injury (Complaint of Pain)","N",2013,0.0166666666666667,"Fall","N","Y","Sa","N","N","Y","N","N","N","N","N","Dark - Street Lights","Sideswipe","Unsafe Lane Change","Other Motor Vehicle","N","N","N","N"
6218282,"N","Y","PDO (property damage only)","N",2013,8.41666666666667,"Fall","AM","N","F","Y","N","Y","N","N","N","N","N","Daylight","Rear End","Improper Passing","Other Motor Vehicle","N","N","N","N"
6218291,"N","Y","Injury (Complaint of Pain)","N",2013,13.9166666666667,"Fall","N","N","M","Y","N","Y","N","N","N","N","N","Daylight","Broadside","Pedestrian Violation","Other Motor Vehicle","N","N","N","N"
6218301,"N","Y","PDO (property damage only)","N",2013,15.25,"Fall","PM","N","M","Y","N","Y","N","N","N","N","N","Daylight","Other","Pedestrian Violation","Non-Collision","N","N","N","N"
6218302,"N","Y","Injury (Complaint of Pain)","N",2013,10.75,"Fall","N","N","F","N","N","Y","N","N","N","N","N","Daylight","Head-On","Wrong Side of Road","Other Motor Vehicle","N","N","N","N"
6218311,"N","N","PDO (property damage only)","N",2013,13.1666666666667,"Summer","N","N","W","Y","N","Y","N","N","N","N","N","Daylight","Rear End","Wrong Side of Road","Other Motor Vehicle","N","N","N","N"
6218317,"N","Y","PDO (property damage only)","N",2013,15,"Fall","N","N","Sa","Y","N","Y","N","N","N","N","Y","Daylight","Other","Code 20","Non-Collision","N","N","N","N"
6218324,"N","N","Injury (Complaint of Pain)","N",2013,19.1666666666667,"Fall","N","N","M","Y","N","Y","N","N","N","N","N","Dark - Street Lights","Broadside","Pedestrian Right of Way","Other Motor Vehicle","N","N","N","N"
6218383,"N","Y","PDO (property damage only)","N",2013,11.25,"Summer","N","N","Th","N","N","Y","N","N","N","N","N","Daylight","Rear End","Wrong Side of Road","Other Motor Vehicle","N","N","N","N"
6218480,"N","Y","PDO (property damage only)","N",2013,17.75,"Fall","PM","N","F","Y","N","Y","N","N","N","N","N","Daylight","Head-On","Pedestrian Violation","Other Motor Vehicle","N","N","N","N"
6218542,"N","Y","Injury (Complaint of Pain)","N",2013,20.8333333333333,"Summer","N","N","Th","N","N","Y","N","N","N","N","N","Dark - Street Lights","Sideswipe","Driving or Bicycling Under the Influence of Alcohol or Drug","Other Motor Vehicle","N","N","N","N"
6218646,"N","Y","Injury (Complaint of Pain)","N",2013,5.58333333333333,"Fall","N","N","M","N","Y","Y","N","N","N","N","N","Dark - No Street Lights","Hit Object","Impeding Traffic","Fixed Object","N","N","N","N"
6218715,"N","Y","PDO (property damage only)","N",2013,7,"Fall","AM","N","Th","Y","Y","Y","N","N","N","N","N","Daylight","Head-On","Pedestrian Violation","Other Motor Vehicle","N","N","N","N"
6218849,"N","Y","Injury (Other Visible)","N",2013,13.5,"Summer","N","N","Tu","N","N","Y","N","N","N","N","N","Daylight","Sideswipe","Wrong Side of Road","Other Motor Vehicle","N","N","N","N"
6219083,"N","Y","Injury (Complaint of Pain)","N",2013,15.8333333333333,"Summer","N","N","Sa","N","Y","Y","N","N","N","N","N","Daylight","Rear End","Wrong Side of Road","Other Motor Vehicle","N","N","N","N"
6219244,"N","Y","Injury (Complaint of Pain)","N",2013,7.58333333333333,"Summer","AM","N","W","Y","N","Y","N","N","N","N","N","Daylight","Broadside","Pedestrian Violation","Other Motor Vehicle","N","N","N","N"
6219251,"N","Y","PDO (property damage only)","N",2013,8.33333333333333,"Summer","AM","N","W","N","Y","Y","N","N","N","N","N","Daylight","Broadside","Wrong Side of Road","Other Motor Vehicle","N","N","N","N"
6220017,"N","Y","PDO (property damage only)","N",2013,1.16666666666667,"Fall","N","Y","Su","N","N","Y","N","N","N","N","N","Dark - Street Lights","Rear End","Wrong Side of Road","Other Motor Vehicle","N","N","N","N"
6220973,"N","Y","Injury (Other Visible)","N",2013,14.8333333333333,"Fall","N","N","W","Y","N","Y","N","N","N","N","N","Daylight","Head-On","Pedestrian Violation","Other Motor Vehicle","N","N","N","N"
6220974,"N","Y","Injury (Other Visible)","N",2013,7.25,"Fall","AM","N","W","Y","N","Y","N","N","N","N","N","Daylight","Broadside","Pedestrian Violation","Other Motor Vehicle","N","N","N","N"
6220991,"N","Y","Injury (Other Visible)","N",2013,13.8333333333333,"Fall","N","N","Tu","Y","N","Y","N","N","N","N","N","Daylight","Broadside","Impeding Traffic","Other Motor Vehicle","N","N","N","N"
6220992,"N","Y","PDO (property damage only)","N",2013,10.4166666666667,"Fall","N","N","Tu","N","N","Y","N","N","N","N","N","Daylight","Broadside","Pedestrian Violation","Other Motor Vehicle","N","N","N","N"
6221014,"N","Y","Injury (Complaint of Pain)","N",2013,20.3333333333333,"Summer","N","N","F","N","N","Y","N","N","N","N","N","Dark - Street Lights","Rear End","Wrong Side of Road","Other Motor Vehicle","N","N","N","N"
6221108,"N","Y","Injury (Complaint of Pain)","N",2013,13.9166666666667,"Fall","N","N","Su","N","Y","Y","N","N","N","N","N","Daylight","Hit Object","Pedestrian Right of Way","Fixed Object","N","N","N","N"
6221110,"N","Y","Injury (Complaint of Pain)","N",2013,18.7,"Fall","PM","N","F","N","Y","Y","N","N","N","N","N","Daylight","Sideswipe","Automobile Right of Way","Other Motor Vehicle","N","N","N","N"
6223928,"N","Y","PDO (property damage only)","N",2013,19.6666666666667,"Summer","N","N","Th","Y","N","Y","N","N","N","N","N","Dark - Street Lights","Broadside","Pedestrian Violation","Motor Vehicle on Other Roadway","N","N","N","N"
6225768,"N","Y","Injury (Complaint of Pain)","N",2013,19.1666666666667,"Fall","N","N","Tu","Y","N","Y","N","N","N","N","N","Dark - Street Lights","Broadside","Pedestrian Violation","Other Motor Vehicle","N","N","N","N"
6225803,"N","Y","Injury (Complaint of Pain)","N",2013,12,"Fall","N","N","M","Y","N","Y","N","N","N","N","N","Daylight","Broadside","Pedestrian Violation","Other Motor Vehicle","N","N","N","N"
6226701,"N","Y","PDO (property damage only)","N",2013,13.25,"Fall","N","N","Th","Y","N","Y","N","N","N","N","N","Daylight","Broadside","Pedestrian Violation","Other Motor Vehicle","N","N","N","N"
6227178,"N","Y","Injury (Complaint of Pain)","N",2013,7.95,"Fall","AM","N","W","N","Y","Y","N","N","N","N","N","Daylight","Rear End","Wrong Side of Road","Other Motor Vehicle","N","N","N","N"
6227238,"N","Y","PDO (property damage only)","N",2013,20.5833333333333,"Fall","N","N","M","N","N","Y","N","N","N","N","N","Dark - Street Lights","Hit Object","Wrong Side of Road","Fixed Object","N","N","N","N"
6227248,"N","Y","PDO (property damage only)","N",2013,16.75,"Fall","PM","N","W","N","N","Y","N","N","N","N","N","Daylight","Sideswipe","Automobile Right of Way","Other Motor Vehicle","N","N","N","N"
6227251,"N","Y","Injury (Complaint of Pain)","N",2013,18.6666666666667,"Fall","PM","N","W","N","N","Y","N","N","N","N","N","Dusk or Dawn","Sideswipe","Driving or Bicycling Under the Influence of Alcohol or Drug","Other Motor Vehicle","N","N","N","N"
6227266,"N","Y","Injury (Complaint of Pain)","N",2013,15.5,"Summer","PM","N","F","N","N","Y","N","N","N","N","N","Daylight","Sideswipe","Automobile Right of Way","Other Motor Vehicle","N","N","N","N"
6227270,"N","Y","Injury (Other Visible)","N",2013,21.1666666666667,"Fall","N","N","Tu","N","N","Y","N","N","N","N","N","Dark - Street Lights","Broadside","Lights","Other Motor Vehicle","N","N","N","N"
6227271,"N","Y","Injury (Complaint of Pain)","N",2013,15.9166666666667,"Summer","N","N","Sa","Y","N","Y","N","N","N","N","N","Daylight","Broadside","Pedestrian Violation","Other Motor Vehicle","N","N","N","N"
6227284,"N","Y","Injury (Complaint of Pain)","N",2013,9.08333333333333,"Fall","N","N","Sa","Y","N","N","Y","N","N","N","N","Daylight","Broadside","Pedestrian Violation","Other Motor Vehicle","N","N","N","N"
6227286,"N","Y","PDO (property damage only)","N",2013,13.8333333333333,"Fall","N","N","M","N","N","Y","N","N","N","N","N","Daylight","Broadside","Pedestrian Right of Way","Other Motor Vehicle","N","N","N","N"
6227305,"N","Y","PDO (property damage only)","N",2013,13.75,"Fall","N","N","Th","Y","N","Y","N","N","N","N","N","Daylight","Broadside","Pedestrian Right of Way","Other Motor Vehicle","N","N","N","N"
6227827,"N","Y","Injury (Complaint of Pain)","N",2013,7,"Fall","AM","N","Th","Y","N","Y","N","N","N","N","N","Daylight","Broadside","Pedestrian Violation","Other Motor Vehicle","N","N","N","N"
6227841,"N","Y","Injury (Complaint of Pain)","N",2013,12.25,"Fall","N","N","Sa","N","Y","Y","N","N","N","N","N","Daylight","Hit Object","Pedestrian Right of Way","Fixed Object","N","N","N","N"
6227889,"N","Y","PDO (property damage only)","N",2013,17.5833333333333,"Fall","PM","N","Th","N","N","Y","N","N","N","N","N","Daylight","Other","Pedestrian Right of Way","Non-Collision","N","N","N","N"
6227897,"N","Y","Injury (Complaint of Pain)","N",2013,17.5,"Fall","PM","N","W","N","N","Y","N","N","N","N","N","Daylight","Other","Code 20","Non-Collision","N","N","N","N"
6227899,"N","Y","Injury (Complaint of Pain)","N",2013,12.5833333333333,"Fall","N","N","Tu","N","N","Y","N","N","N","N","N","Daylight","Rear End","Driving or Bicycling Under the Influence of Alcohol or Drug","Other Motor Vehicle","N","N","N","N"
6227906,"N","Y","Injury (Complaint of Pain)","N",2013,19.5,"Fall","N","N","Tu","N","N","Y","N","N","N","N","N","Dark - Street Lights","Sideswipe","Automobile Right of Way","Other Motor Vehicle","N","N","N","Y"
6228162,"N","Y","PDO (property damage only)","N",2013,0.0166666666666667,"Fall","N","Y","Sa","Y","N","Y","N","N","N","N","N","Dark - Street Lights","Broadside","Lights","Other Motor Vehicle","Y","N","N","N"
6228645,"N","Y","Injury (Complaint of Pain)","N",2013,9.75,"Fall","N","N","Su","N","Y","Y","N","N","N","N","N","Daylight","Hit Object","Pedestrian Right of Way","Fixed Object","N","N","N","N"
6228673,"N","Y","Injury (Complaint of Pain)","N",2013,17.7,"Fall","PM","N","W","N","Y","Y","N","N","N","N","N","Daylight","Hit Object","Wrong Side of Road","Fixed Object","N","N","N","N"
6228681,"N","Y","PDO (property damage only)","N",2013,17.5,"Fall","PM","N","M","N","Y","Y","N","N","N","N","N","Daylight","Sideswipe","Automobile Right of Way","Other Motor Vehicle","N","N","N","N"
6229432,"N","Y","PDO (property damage only)","N",2013,13.4166666666667,"Fall","N","N","Tu","N","Y","Y","N","N","N","N","N","Daylight","Rear End","Wrong Side of Road","Other Motor Vehicle","N","N","N","N"
6229524,"N","Y","Injury (Complaint of Pain)","N",2013,16.5,"Fall","PM","N","Tu","N","N","Y","N","N","N","N","N","Daylight","Other","Wrong Side of Road","Non-Collision","N","N","N","N"
6229579,"N","Y","PDO (property damage only)","N",2013,6.75,"Summer","N","N","Th","Y","N","Y","N","N","N","N","N","Daylight","Broadside","Pedestrian Violation","Other Motor Vehicle","N","N","N","N"
6229919,"N","Y","PDO (property damage only)","N",2013,16,"Fall","PM","N","F","N","N","Y","N","N","N","N","N","Daylight","Broadside","Pedestrian Right of Way","Other Motor Vehicle","N","Y","N","N"
6230378,"N","Y","Injury (Complaint of Pain)","N",2013,8,"Summer","AM","N","F","N","Y","Y","N","N","N","N","N","Daylight","Rear End","Wrong Side of Road","Other Motor Vehicle","N","N","N","N"
6230410,"N","Y","Injury (Complaint of Pain)","N",2013,8.95,"Fall","AM","N","F","N","Y","Y","N","N","N","N","N","Daylight","Overturned","Wrong Side of Road","Non-Collision","N","N","N","N"
6230411,"N","Y","PDO (property damage only)","N",2013,7.75,"Fall","AM","N","F","N","Y","Y","N","N","N","N","N","Daylight","Rear End","Impeding Traffic","Other Motor Vehicle","N","N","N","N"
6230413,"N","Y","PDO (property damage only)","N",2013,9.9,"Fall","N","N","W","N","Y","Y","N","N","N","N","N","Daylight","Rear End","Wrong Side of Road","Other Motor Vehicle","N","N","N","N"
6230792,"N","Y","Injury (Complaint of Pain)","N",2013,18.6833333333333,"Fall","PM","N","W","N","Y","Y","N","N","N","N","N","Daylight","Sideswipe","Wrong Side of Road","Other Motor Vehicle","N","N","N","N"
6230796,"N","Y","PDO (property damage only)","N",2013,7.75,"Fall","AM","N","W","N","Y","Y","N","N","N","N","N","Daylight","Rear End","Wrong Side of Road","Other Motor Vehicle","N","N","N","N"
6230798,"N","Y","Injury (Complaint of Pain)","N",2013,9.75,"Fall","N","N","W","N","N","Y","N","N","N","N","N","Daylight","Other","Wrong Side of Road","Other Object","N","N","N","N"
6230817,"N","Y","Injury (Complaint of Pain)","N",2013,11.8333333333333,"Fall","N","N","M","N","Y","Y","N","N","N","N","N","Daylight","Hit Object","Wrong Side of Road","Fixed Object","N","N","N","N"
6230849,"N","Y","Injury (Complaint of Pain)","N",2013,16.8333333333333,"Fall","PM","N","Th","N","Y","Y","N","N","N","N","N","Daylight","Overturned","Automobile Right of Way","Non-Collision","N","N","N","N"
6232926,"N","Y","Injury (Other Visible)","N",2013,15.4166666666667,"Fall","N","N","Sa","N","N","Y","N","N","N","N","N","Daylight","Broadside","Pedestrian Violation","Other Motor Vehicle","N","N","N","N"
6233844,"N","Y","Injury (Complaint of Pain)","N",2013,22.9666666666667,"Summer","N","N","F","N","Y","Y","N","N","N","Y","Y","Dark - Street Lights","Sideswipe","Automobile Right of Way","Other Motor Vehicle","N","N","N","N"
6234425,"N","Y","Injury (Complaint of Pain)","N",2013,10.4166666666667,"Fall","N","N","Th","N","N","Y","N","N","N","N","N","Daylight","Broadside","Impeding Traffic","Other Motor Vehicle","N","N","N","N"
6234654,"N","Y","PDO (property damage only)","N",2013,7.05,"Fall","AM","N","W","N","Y","Y","N","N","N","N","N","Daylight","Rear End","Wrong Side of Road","Other Motor Vehicle","N","N","N","N"
6234721,"N","Y","Injury (Complaint of Pain)","N",2013,8,"Fall","AM","N","M","Y","N","Y","N","N","N","N","N","Daylight","Broadside","Pedestrian Violation","Other Motor Vehicle","N","N","N","N"
6234889,"N","Y","Injury (Other Visible)","N",2013,7.33333333333333,"Fall","AM","N","M","N","Y","Y","N","N","N","N","N","Daylight","Rear End","Improper Passing","Other Motor Vehicle","N","N","N","N"
6235102,"N","Y","PDO (property damage only)","N",2013,21.0833333333333,"Fall","N","N","F","Y","N","Y","N","N","N","N","N","Dark - Street Lights","Overturned","Code 19","Other Motor Vehicle","N","N","N","N"
6235489,"N","Y","PDO (property damage only)","N",2013,10.6666666666667,"Fall","N","N","F","N","N","Y","N","N","N","N","N","Daylight","Rear End","Pedestrian Right of Way","Other Motor Vehicle","N","N","N","N"
6235524,"N","Y","Injury (Complaint of Pain)","N",2013,9,"Fall","AM","N","Th","Y","N","Y","N","N","N","N","N","Daylight","Broadside","Pedestrian Right of Way","Other Motor Vehicle","N","N","N","N"
6235547,"N","Y","Injury (Complaint of Pain)","N",2013,23.1666666666667,"Summer","N","Y","W","N","N","Y","N","N","N","N","N","Dark - Street Lights","Vehicle/Pedestrian","Wrong Side of Road","Pedestrian","Y","N","Y","N"
6235562,"N","N","PDO (property damage only)","N",2013,8.16666666666667,"Fall","AM","N","M","N","Y","Y","N","N","N","N","N","Daylight","Vehicle/Pedestrian","Traffic Signals and Signs","Pedestrian","N","N","Y","N"
6235580,"N","Y","Injury (Complaint of Pain)","N",2013,18.5833333333333,"Fall","N","N","Su","Y","N","Y","N","N","N","N","N","Dusk or Dawn","Broadside","Lights","Other Motor Vehicle","N","N","N","N"
6236147,"N","Y","Injury (Complaint of Pain)","N",2013,8.75,"Fall","N","N","Su","Y","Y","Y","N","N","N","N","N","Daylight","Broadside","Impeding Traffic","Other Motor Vehicle","N","N","N","N"
6236324,"N","Y","Injury (Other Visible)","N",2013,9.5,"Fall","N","N","Th","N","Y","Y","N","N","N","N","N","Daylight","Rear End","Wrong Side of Road","Other Motor Vehicle","N","N","N","N"
6236336,"N","Y","Injury (Complaint of Pain)","N",2013,0.916666666666667,"Fall","N","Y","F","N","Y","Y","N","N","N","N","N","Dark - Street Lights","Sideswipe","Automobile Right of Way","Other Motor Vehicle","N","N","N","N"
6236368,"N","Y","Injury (Complaint of Pain)","N",2013,13.75,"Fall","N","N","F","N","Y","Y","N","N","N","N","N","Daylight","Hit Object","Wrong Side of Road","Fixed Object","N","N","N","N"
6236372,"N","Y","Injury (Complaint of Pain)","N",2013,19.1666666666667,"Fall","N","N","F","N","Y","Y","N","N","N","N","N","Dark - Street Lights","Rear End","Unsafe Speed","Other Motor Vehicle","Y","N","N","N"
6236394,"N","Y","PDO (property damage only)","N",2013,8.5,"Fall","AM","N","W","N","Y","Y","N","N","N","N","N","Daylight","Sideswipe","Wrong Side of Road","Other Motor Vehicle","N","N","N","N"
6236602,"N","Y","PDO (property damage only)","N",2013,17.5833333333333,"Fall","PM","N","Th","N","Y","Y","N","N","N","N","N","Daylight","Sideswipe","Automobile Right of Way","Other Motor Vehicle","N","N","N","N"
6236971,"N","Y","Injury (Complaint of Pain)","N",2013,16,"Fall","PM","N","M","N","N","Y","N","N","N","N","N","Daylight","Broadside","Pedestrian Right of Way","Other Motor Vehicle","N","N","N","N"
6236996,"N","Y","Injury (Complaint of Pain)","N",2013,17.1666666666667,"Fall","PM","N","Tu","N","N","Y","N","N","N","N","N","Daylight","Sideswipe","Automobile Right of Way","Other Motor Vehicle","N","N","N","N"
6237034,"N","Y","Injury (Other Visible)","N",2013,13.75,"Fall","N","N","Su","N","N","Y","N","N","N","N","N","Daylight","Other","Other Improper Driving","Other Object","N","N","N","N"
6237036,"N","Y","Injury (Complaint of Pain)","N",2013,11.3333333333333,"Fall","N","N","Sa","N","N","Y","N","N","N","N","N","Daylight","Broadside","Driving or Bicycling Under the Influence of Alcohol or Drug","Other Motor Vehicle","N","N","N","N"
6237039,"N","Y","PDO (property damage only)","N",2013,13.5,"Fall","N","N","Th","Y","N","Y","N","N","N","N","N","Daylight","Broadside","Pedestrian Violation","Other Motor Vehicle","N","N","N","N"
6237066,"N","Y","Injury (Complaint of Pain)","N",2013,9.41666666666667,"Fall","N","N","Th","N","Y","Y","N","N","N","N","N","Daylight","Rear End","Wrong Side of Road","Other Motor Vehicle","N","N","N","N"
6237079,"N","Y","PDO (property damage only)","N",2013,18.3333333333333,"Fall","PM","N","Tu","N","N","Y","N","N","N","N","N","Daylight","Sideswipe","Wrong Side of Road","Other Motor Vehicle","N","N","N","N"
6237082,"N","Y","Injury (Complaint of Pain)","N",2013,13.6666666666667,"Fall","N","N","Tu","N","N","Y","N","N","N","N","N","Daylight","Sideswipe","Automobile Right of Way","Other Motor Vehicle","N","N","N","N"
6237091,"N","Y","Injury (Other Visible)","N",2013,18.6666666666667,"Fall","N","N","Su","N","Y","Y","N","N","N","N","Y","Dark - No Street Lights","Hit Object","Pedestrian Right of Way","Fixed Object","N","N","N","N"
6237420,"N","Y","Injury (Complaint of Pain)","N",2013,6.63333333333333,"Summer","N","N","Tu","N","Y","Y","N","N","N","N","N","Daylight","Rear End","Automobile Right of Way","Other Motor Vehicle","N","N","N","N"
6237624,"N","Y","Injury (Other Visible)","N",2013,2.3,"Summer","N","Y","M","N","Y","Y","N","N","N","N","N","Dark - Street Lights","Overturned","Wrong Side of Road","Non-Collision","N","N","N","N"
6237867,"N","Y","Injury (Other Visible)","N",2013,13.75,"Fall","N","N","Tu","Y","N","Y","N","N","N","N","N","Daylight","Broadside","Pedestrian Violation","Other Motor Vehicle","N","N","N","N"
6237880,"N","Y","Injury (Complaint of Pain)","N",2013,15,"Fall","PM","N","F","N","Y","Y","N","N","N","N","N","Daylight","Overturned","Pedestrian Right of Way","Fixed Object","N","N","N","N"
6238778,"N","Y","Injury (Complaint of Pain)","N",2013,6.16666666666667,"Fall","N","N","F","N","Y","Y","N","N","N","N","N","Dark - No Street Lights","Overturned","Wrong Side of Road","Non-Collision","N","N","N","N"
6238793,"N","Y","PDO (property damage only)","N",2013,18.1666666666667,"Fall","N","N","Sa","N","N","Y","N","N","N","N","N","Daylight","Rear End","Wrong Side of Road","Other Motor Vehicle","N","N","N","N"
6238794,"N","Y","Injury (Complaint of Pain)","N",2013,11.75,"Fall","N","N","Sa","N","N","Y","N","N","N","N","N","Daylight","Sideswipe","Driving or Bicycling Under the Influence of Alcohol or Drug","Other Motor Vehicle","N","N","N","N"