"CASE_ID","mc_killed","mc_injured","collision_severity","severe","accident_year","hours_since_midnight","season","rush_hour","late_night","day_of_week","intersection","state_hwy_ind","w_clear","w_cloudy","w_rainy","w_other","road_not_dry","road_condition_issue","lighting","type_of_collision","pcf_viol_category","mviw","alcohol_involved","truck_accident","pedestrian_accident","bicycle_accident"
6266141,"N","Y","Injury (Complaint of Pain)","N",2013,16.6666666666667,"Fall","PM","N","W","Y","N","Y","N","N","N","N","N","Dusk or Dawn","Broadside","Lights","Other Motor Vehicle","N","N","N","N"
6266157,"N","Y","PDO (property damage only)","N",2013,14.9166666666667,"Fall","N","N","F","N","N","Y","N","N","N","N","N","Daylight","Broadside","Pedestrian Violation","Other Motor Vehicle","N","N","N","N"
6267401,"N","Y","PDO (property damage only)","N",2013,16.3333333333333,"Fall","PM","N","W","N","N","Y","N","N","N","N","N","Daylight","Rear End","Wrong Side of Road","Other Motor Vehicle","N","N","N","N"
6271461,"N","Y","Injury (Other Visible)","N",2013,11.5,"Fall","N","N","Th","Y","Y","Y","N","N","N","N","N","Daylight","Head-On","Code 19","Other Motor Vehicle","N","Y","N","N"
6271863,"N","Y","Injury (Complaint of Pain)","N",2013,23,"Fall","N","Y","W","N","Y","Y","N","N","N","N","N","Dark - Street Lights","Rear End","Wrong Side of Road","Other Motor Vehicle","N","N","N","N"
6271865,"N","Y","Injury (Complaint of Pain)","N",2013,17.8833333333333,"Fall","PM","N","W","N","Y","Y","N","N","N","N","N","Dark - No Street Lights","Rear End","Wrong Side of Road","Other Motor Vehicle","N","N","N","N"
6271870,"N","Y","Injury (Complaint of Pain)","N",2013,18.6666666666667,"Fall","PM","N","M","N","Y","Y","N","N","N","N","N","Dark - Street Lights","Sideswipe","Automobile Right of Way","Other Motor Vehicle","N","N","N","N"
6271958,"N","Y","PDO (property damage only)","N",2013,7.33333333333333,"Fall","AM","N","W","Y","N","Y","N","N","N","N","N","Daylight","Broadside","Pedestrian Right of Way","Other Motor Vehicle","N","N","N","N"
6272048,"N","Y","Injury (Complaint of Pain)","N",2013,15.4166666666667,"Fall","PM","N","F","Y","N","Y","N","N","N","N","N","Daylight","Broadside","Wrong Side of Road","Other Motor Vehicle","N","N","N","N"
6274066,"N","Y","Injury (Complaint of Pain)","N",2013,7.91666666666667,"Fall","AM","N","Tu","N","Y","N","Y","N","N","N","N","Daylight","Overturned","Automobile Right of Way","Non-Collision","N","N","N","N"
6276275,"N","Y","PDO (property damage only)","N",2013,13,"Fall","N","N","Tu","Y","N","Y","N","N","N","N","N","Daylight","Broadside","Pedestrian Violation","Other Motor Vehicle","N","N","N","N"
6276563,"N","Y","PDO (property damage only)","N",2013,8.41666666666667,"Fall","AM","N","Tu","Y","N","Y","N","N","N","N","N","Daylight","Broadside","Driving or Bicycling Under the Influence of Alcohol or Drug","Motor Vehicle on Other Roadway","N","N","N","N"
6276646,"N","Y","Injury (Complaint of Pain)","N",2013,7.41666666666667,"Fall","AM","N","M","N","Y","Y","N","N","N","N","N","Daylight","Hit Object","Pedestrian Right of Way","Fixed Object","N","N","N","N"
6277468,"N","Y","Injury (Complaint of Pain)","N",2013,17.0833333333333,"Fall","PM","N","Th","Y","N","N","Y","N","N","N","N","Dusk or Dawn","Broadside","Pedestrian Violation","Other Motor Vehicle","N","N","N","N"
6277479,"N","Y","PDO (property damage only)","N",2013,21.5833333333333,"Fall","N","N","F","N","N","Y","N","N","N","N","N","Dark - Street Lights","Head-On","Unsafe Lane Change","Other Motor Vehicle","N","N","N","N"
6277560,"N","Y","PDO (property damage only)","N",2013,6.83333333333333,"Fall","N","N","F","N","N","Y","N","N","N","N","N","Daylight","Other","Wrong Side of Road","Non-Collision","N","N","N","N"
6277572,"N","Y","Injury (Complaint of Pain)","N",2013,22.5,"Fall","N","N","F","Y","N","Y","N","N","N","N","N","Dark - Street Lights","Broadside","Pedestrian Violation","Other Motor Vehicle","N","N","N","N"
6277699,"N","Y","PDO (property damage only)","N",2013,6,"Fall","N","N","F","Y","N","Y","N","N","N","N","N","Dusk or Dawn","Broadside","Pedestrian Violation","Other Motor Vehicle","N","N","N","N"
6277723,"N","Y","Injury (Other Visible)","N",2013,23.25,"Fall","N","Y","Sa","N","N","Y","N","N","N","N","N","Dark - Street Lights","Broadside","Wrong Side of Road","Other Motor Vehicle","N","N","N","N"
6277727,"N","Y","Injury (Complaint of Pain)","N",2013,17.3333333333333,"Fall","PM","N","W","N","N","Y","N","N","N","N","N","Daylight","Broadside","Pedestrian Violation","Other Motor Vehicle","N","N","N","N"
6277739,"N","Y","Injury (Complaint of Pain)","N",2013,18.75,"Fall","PM","N","W","N","N","Y","N","N","N","N","N","Dusk or Dawn","Sideswipe","Automobile Right of Way","Other Motor Vehicle","N","N","N","N"
6277750,"N","Y","PDO (property damage only)","N",2013,20.3333333333333,"Fall","N","N","Th","N","N","Y","N","N","N","N","N","Dark - Street Lights","Broadside","Pedestrian Violation","Other Motor Vehicle","N","N","N","N"
6278183,"N","Y","Injury (Complaint of Pain)","N",2013,6.83333333333333,"Fall","N","N","Tu","N","N","Y","N","N","N","N","N","Daylight","Sideswipe","Driving or Bicycling Under the Influence of Alcohol or Drug","Other Motor Vehicle","N","N","N","N"
6278191,"N","Y","Injury (Complaint of Pain)","N",2013,7.66666666666667,"Fall","AM","N","Tu","Y","N","Y","N","N","N","N","N","Daylight","Head-On","Pedestrian Violation","Other Motor Vehicle","N","N","N","N"
6278308,"N","Y","PDO (property damage only)","N",2013,11.8333333333333,"Fall","N","N","Sa","N","N","Y","N","N","N","N","N","Daylight","Broadside","Driving or Bicycling Under the Influence of Alcohol or Drug","Other Motor Vehicle","N","N","N","N"
6278859,"N","Y","Injury (Complaint of Pain)","N",2013,12.6166666666667,"Fall","N","N","Tu","N","N","N","Y","N","N","N","N","Dark - Street Lights","Head-On","Unsafe Speed","Fixed Object","Y","N","N","N"
6278866,"N","Y","Injury (Complaint of Pain)","N",2013,8.08333333333333,"Fall","AM","N","Tu","N","N","Y","N","N","N","N","N","Daylight","Rear End","Wrong Side of Road","Other Motor Vehicle","N","N","N","N"
6278870,"N","Y","Injury (Complaint of Pain)","N",2013,15.6666666666667,"Fall","PM","N","Th","Y","N","Y","N","N","N","N","N","Daylight","Vehicle/Pedestrian","Pedestrian Violation","Bicycle","N","N","N","N"
6279214,"N","Y","Injury (Complaint of Pain)","N",2013,14.8333333333333,"Fall","N","N","Sa","N","N","Y","N","N","N","N","N","Daylight","Sideswipe","Unsafe Lane Change","Other Motor Vehicle","N","N","N","N"
6279778,"N","Y","PDO (property damage only)","N",2013,18.5,"Fall","PM","N","W","N","Y","Y","N","N","N","N","N","Dark - No Street Lights","Sideswipe","Wrong Side of Road","Other Motor Vehicle","N","N","N","N"
6280400,"N","Y","PDO (property damage only)","N",2013,15.6666666666667,"Fall","N","N","Sa","N","N","N","Y","N","N","N","N","Daylight","Sideswipe","Automobile Right of Way","Other Motor Vehicle","N","N","N","N"
6281003,"N","Y","Injury (Complaint of Pain)","N",2013,20.8333333333333,"Fall","N","N","Su","N","Y","Y","N","N","N","N","N","Dark - Street Lights","Other","Wrong Side of Road","Non-Collision","N","N","N","N"
6281021,"N","Y","Injury (Complaint of Pain)","N",2013,8.91666666666667,"Fall","AM","N","Tu","N","Y","Y","N","N","N","N","N","Daylight","Sideswipe","Other Improper Driving","Other Motor Vehicle","N","N","N","N"
6281026,"N","Y","Injury (Other Visible)","N",2013,9.75,"Fall","N","N","F","N","Y","Y","N","N","N","N","N","Daylight","Sideswipe","Automobile Right of Way","Other Motor Vehicle","N","N","N","N"
6281365,"N","Y","PDO (property damage only)","N",2013,15,"Fall","N","N","Sa","N","N","Y","N","N","N","N","N","Daylight","Broadside","Pedestrian Violation","Other Motor Vehicle","N","N","N","N"
6281545,"N","Y","PDO (property damage only)","N",2013,7.75,"Fall","AM","N","Th","N","N","N","N","N","Y","N","N","Daylight","Sideswipe","Pedestrian Violation","Other Motor Vehicle","N","N","N","N"
6281551,"N","Y","Injury (Other Visible)","N",2013,14.1666666666667,"Fall","N","N","Th","N","Y","Y","N","N","N","N","N","Daylight","Sideswipe","Improper Turning","Other Motor Vehicle","N","N","N","N"
6281976,"N","Y","Injury (Complaint of Pain)","N",2013,14.5833333333333,"Fall","N","N","M","N","Y","Y","N","N","N","N","N","Daylight","Rear End","Automobile Right of Way","Other Motor Vehicle","N","N","N","N"
6281980,"N","Y","Injury (Complaint of Pain)","N",2013,6.75,"Fall","N","N","F","N","Y","N","Y","N","N","N","N","Daylight","Sideswipe","Automobile Right of Way","Other Motor Vehicle","N","N","N","N"
6282026,"N","Y","Injury (Complaint of Pain)","N",2013,9.58333333333333,"Fall","N","N","Su","N","Y","Y","N","N","N","N","Y","Daylight","Overturned","Wrong Side of Road","Fixed Object","N","N","N","N"
6283643,"N","Y","Injury (Complaint of Pain)","N",2013,18.1666666666667,"Fall","PM","N","Tu","Y","N","Y","N","N","N","N","N","Daylight","Sideswipe","Wrong Side of Road","Other Motor Vehicle","N","N","N","N"
6283647,"N","Y","Injury (Complaint of Pain)","N",2013,11,"Fall","N","N","Sa","Y","N","Y","N","N","N","N","N","Daylight","Broadside","Pedestrian Violation","Other Motor Vehicle","N","N","N","N"
6283688,"N","Y","Injury (Complaint of Pain)","N",2013,19.75,"Fall","N","N","Tu","Y","Y","Y","N","N","N","N","N","Dark - Street Lights","Other","Pedestrian Right of Way","Other Motor Vehicle","N","N","N","N"
6283732,"N","Y","Injury (Complaint of Pain)","N",2013,21.4166666666667,"Fall","N","N","W","N","N","Y","N","N","N","N","N","Dark - Street Lights","Rear End","Improper Passing","Other Motor Vehicle","N","N","N","N"
6283736,"N","Y","Injury (Complaint of Pain)","N",2013,9.5,"Fall","N","N","Th","N","N","Y","N","N","N","N","N","Daylight","Head-On","Wrong Side of Road","Other Motor Vehicle","N","N","N","N"
6283761,"N","Y","Injury (Other Visible)","N",2013,9.66666666666667,"Fall","N","N","Th","N","N","Y","N","N","N","N","N","Daylight","Broadside","Pedestrian Violation","Other Motor Vehicle","N","N","N","N"
6283777,"N","Y","Injury (Other Visible)","N",2013,17.0833333333333,"Fall","PM","N","F","Y","N","Y","N","N","N","N","N","Dark - Street Lights","Broadside","Pedestrian Violation","Other Motor Vehicle","N","N","N","N"
6283793,"N","Y","Injury (Other Visible)","N",2013,15.3333333333333,"Fall","PM","N","Th","N","N","Y","N","N","N","N","N","Daylight","Broadside","Pedestrian Violation","Other Motor Vehicle","N","N","N","N"
6284255,"N","Y","PDO (property damage only)","N",2013,12.1666666666667,"Fall","N","N","Th","N","N","Y","N","N","N","N","N","Daylight","Broadside","Pedestrian Violation","Other Motor Vehicle","N","N","N","N"
6284480,"N","Y","Injury (Complaint of Pain)","N",2013,23,"Fall","N","Y","M","N","N","Y","N","N","N","N","N","Dark - Street Lights","Rear End","Improper Passing","Other Motor Vehicle","N","N","N","N"
6284520,"N","Y","Injury (Complaint of Pain)","N",2013,17.6666666666667,"Fall","PM","N","W","N","N","Y","N","N","N","N","N","Dark - Street Lights","Head-On","Pedestrian Violation","Other Motor Vehicle","N","N","N","N"
6284685,"N","Y","PDO (property damage only)","N",2013,18.5,"Fall","PM","N","Tu","Y","N","Y","N","N","N","N","N","Dark - Street Lights","Broadside","Wrong Side of Road","Other Motor Vehicle","N","N","N","N"
6284726,"N","Y","PDO (property damage only)","N",2013,9.83333333333333,"Fall","N","N","Tu","N","Y","Y","N","N","N","N","N","Daylight","Rear End","Wrong Side of Road","Other Motor Vehicle","N","N","N","N"
6284835,"N","Y","Injury (Complaint of Pain)","N",2013,9.66666666666667,"Fall","N","N","Tu","Y","N","N","Y","N","N","N","N","Daylight","Broadside","Pedestrian Violation","Other Motor Vehicle","N","N","N","N"
6284843,"N","Y","PDO (property damage only)","N",2013,17.0833333333333,"Fall","N","N","Sa","N","N","N","Y","N","N","N","N","Dark - Street Lights","Rear End","Pedestrian Right of Way","Other Motor Vehicle","N","N","N","N"
6284924,"N","Y","Injury (Complaint of Pain)","N",2013,0.25,"Fall","N","Y","M","N","N","Y","N","N","N","N","N","Dark - Street Lights","Sideswipe","Unsafe Speed","Parked Motor Vehicle","Y","N","N","N"
6284956,"N","Y","PDO (property damage only)","N",2013,17.1666666666667,"Fall","PM","N","F","N","N","Y","N","N","N","N","N","Dark - Street Lights","Sideswipe","Automobile Right of Way","Other Motor Vehicle","N","N","N","N"
6284962,"N","Y","Injury (Complaint of Pain)","N",2013,19.5,"Fall","N","N","Sa","Y","N","Y","N","N","N","N","N","Dark - Street Lights","Head-On","Pedestrian Violation","Other Motor Vehicle","N","N","N","N"
6284981,"N","Y","Injury (Complaint of Pain)","N",2013,16,"Fall","PM","N","Th","N","N","Y","N","N","N","N","Y","Daylight","Other","Code 20","Other Object","N","N","N","N"
6284990,"N","Y","PDO (property damage only)","N",2013,16.5833333333333,"Fall","PM","N","Tu","N","N","N","Y","N","N","N","N","Daylight","Broadside","Pedestrian Violation","Other Motor Vehicle","N","N","N","N"
6284994,"N","N","Injury (Complaint of Pain)","N",2013,23.4166666666667,"Fall","N","Y","F","Y","N","Y","N","N","N","N","N","Dark - Street Lights","Broadside","Lights","Other Motor Vehicle","N","N","N","N"
6286111,"N","Y","PDO (property damage only)","N",2013,18.75,"Fall","N","N","Sa","N","Y","Y","N","N","N","N","N","Dark - Street Lights","Sideswipe","Unsafe Speed","Parked Motor Vehicle","Y","N","N","N"
6286155,"N","Y","PDO (property damage only)","N",2013,19.75,"Fall","N","N","Th","N","N","Y","N","N","N","N","N","Dark - Street Lights","Sideswipe","Pedestrian Right of Way","Other Motor Vehicle","N","N","N","N"
6286489,"N","Y","PDO (property damage only)","N",2013,18.9166666666667,"Fall","PM","N","W","N","Y","Y","N","N","N","N","N","Dark - Street Lights","Sideswipe","Wrong Side of Road","Other Motor Vehicle","N","N","N","N"
6286493,"N","Y","Injury (Complaint of Pain)","N",2013,15.75,"Fall","PM","N","Th","N","Y","Y","N","N","N","N","N","Daylight","Overturned","Wrong Side of Road","Non-Collision","N","N","N","N"
6286498,"N","Y","Injury (Complaint of Pain)","N",2013,8.9,"Fall","AM","N","W","N","Y","N","Y","N","N","N","N","Daylight","Sideswipe","Automobile Right of Way","Other Motor Vehicle","N","N","N","N"
6286499,"N","Y","Injury (Complaint of Pain)","N",2013,9,"Fall","N","N","Sa","N","Y","Y","N","N","N","N","N","Daylight","Sideswipe","Pedestrian Right of Way","Other Motor Vehicle","N","N","N","N"
6286542,"N","Y","PDO (property damage only)","N",2013,15.1666666666667,"Fall","PM","N","F","N","N","Y","N","N","N","N","N","Daylight","Broadside","Unsafe Lane Change","Motor Vehicle on Other Roadway","N","N","N","N"
6286674,"N","Y","PDO (property damage only)","N",2013,17.5,"Fall","PM","N","F","N","Y","Y","N","N","N","N","N","Dark - No Street Lights","Rear End","Wrong Side of Road","Other Motor Vehicle","N","N","N","N"
6286675,"N","Y","Injury (Other Visible)","N",2013,6.91666666666667,"Fall","N","N","W","N","Y","Y","N","N","N","N","N","Daylight","Sideswipe","Wrong Side of Road","Other Motor Vehicle","N","N","N","N"
6286677,"N","Y","Injury (Complaint of Pain)","N",2013,6.41666666666667,"Fall","N","N","Th","N","Y","Y","N","N","N","N","N","Daylight","Sideswipe","Automobile Right of Way","Other Motor Vehicle","N","N","N","N"
6286707,"N","Y","PDO (property damage only)","N",2013,18.25,"Fall","PM","N","Tu","Y","N","Y","N","N","N","N","N","Dusk or Dawn","Broadside","Pedestrian Violation","Other Motor Vehicle","N","N","N","N"
6286708,"N","N","PDO (property damage only)","N",2013,12.0833333333333,"Fall","N","N","Su","N","N","Y","N","N","N","N","N","Daylight","Sideswipe","Unsafe Lane Change","Other Motor Vehicle","N","N","N","N"
6286715,"N","Y","PDO (property damage only)","N",2013,19.5,"Fall","N","N","F","Y","N","Y","N","N","N","N","N","Dark - Street Lights","Broadside","Pedestrian Violation","Other Motor Vehicle","N","N","N","N"
6287780,"N","Y","PDO (property damage only)","N",2013,16.5833333333333,"Fall","PM","N","M","N","N","Y","N","N","N","N","N","Dark - Street Lights","Rear End","Wrong Side of Road","Other Motor Vehicle","N","N","N","N"
6287783,"N","Y","PDO (property damage only)","N",2013,19.5833333333333,"Fall","N","N","Tu","Y","N","Y","N","N","N","N","N","Dark - Street Lights","Broadside","Pedestrian Violation","Other Motor Vehicle","N","N","N","N"
6287784,"N","Y","Injury (Complaint of Pain)","N",2013,13.5,"Fall","N","N","M","N","N","Y","N","N","N","N","N","Daylight","Sideswipe","Improper Turning","Other Motor Vehicle","N","N","N","N"
6287796,"N","Y","Injury (Complaint of Pain)","N",2013,10,"Fall","N","N","M","Y","N","Y","N","N","N","N","N","Daylight","Head-On","Pedestrian Right of Way","Other Motor Vehicle","N","N","N","N"
6287820,"N","Y","PDO (property damage only)","N",2013,16.8333333333333,"Fall","PM","N","M","N","N","Y","N","N","N","N","N","Daylight","Sideswipe","Automobile Right of Way","Other Motor Vehicle","N","N","N","N"
6290020,"Y","N","Injury (Severe)","Y",2013,21.75,"Fall","N","N","Th","N","Y","Y","N","N","N","N","N","Dark - No Street Lights","Hit Object","Pedestrian Right of Way","Fixed Object","N","N","N","N"
6290071,"Y","N","Injury (Severe)","Y",2013,10.5833333333333,"Fall","N","N","W","N","Y","Y","N","N","N","N","N","Daylight","Hit Object","Pedestrian Right of Way","Fixed Object","N","N","N","N"
6290116,"Y","Y","Injury (Severe)","Y",2013,17.75,"Summer","PM","N","M","N","Y","Y","N","N","N","N","N","Daylight","Rear End","Wrong Side of Road","Other Motor Vehicle","N","N","N","N"
6290220,"Y","N","Injury (Severe)","Y",2013,13.6,"Summer","N","N","F","N","Y","Y","N","N","N","N","N","Daylight","Hit Object","Wrong Side of Road","Fixed Object","N","N","N","N"
6290771,"Y","Y","Injury (Severe)","Y",2013,7.16666666666667,"Winter","AM","N","W","N","Y","Y","N","N","N","N","N","Daylight","Rear End","Wrong Side of Road","Other Motor Vehicle","N","N","N","N"
6293153,"N","N","Injury (Complaint of Pain)","N",2013,18,"Fall","PM","N","M","Y","N","Y","N","N","N","N","N","Dark - Street Lights","Head-On","Pedestrian Violation","Bicycle","N","N","N","Y"
6293165,"N","Y","Injury (Complaint of Pain)","N",2013,19.6666666666667,"Fall","N","N","Sa","Y","N","Y","N","N","N","N","N","Dark - Street Lights","Head-On","Pedestrian Violation","Other Motor Vehicle","N","N","N","N"
6293187,"N","Y","Injury (Complaint of Pain)","N",2013,19.4166666666667,"Fall","N","N","Sa","N","Y","Y","N","N","N","N","N","Dark - Street Lights","Hit Object","Pedestrian Right of Way","Fixed Object","N","N","N","N"
6293189,"N","Y","PDO (property damage only)","N",2013,20,"Fall","N","N","F","N","Y","Y","N","N","N","N","N","Dark - Street Lights","Rear End","Wrong Side of Road","Other Motor Vehicle","N","N","N","N"
6293198,"N","Y","Injury (Other Visible)","N",2013,22.25,"Fall","N","N","Tu","N","N","Y","N","N","N","N","N","Dark - Street Lights","Vehicle/Pedestrian","Hazardous Parking","Pedestrian","N","N","Y","N"
6293409,"N","Y","Injury (Other Visible)","N",2013,16,"Fall","PM","N","Th","N","N","Y","N","N","N","N","N","Daylight","Head-On","Pedestrian Violation","Other Motor Vehicle","N","N","N","N"
6293477,"N","Y","PDO (property damage only)","N",2013,8.75,"Fall","AM","N","M","N","N","Y","N","N","N","N","N","Daylight","Sideswipe","Pedestrian Right of Way","Other Motor Vehicle","N","N","N","N"
6294009,"N","Y","Injury (Complaint of Pain)","N",2013,14.5,"Fall","N","N","Su","N","N","Y","N","N","N","N","N","Daylight","Sideswipe","Wrong Side of Road","Other Motor Vehicle","N","N","N","N"
6296381,"N","N","Injury (Complaint of Pain)","N",2013,23.6666666666667,"Fall","N","Y","Tu","Y","Y","Y","N","N","N","N","N","Dark - Street Lights","Broadside","Pedestrian Violation","Other Object","N","N","N","N"
6297540,"N","Y","PDO (property damage only)","N",2013,18.5,"Fall","N","N","Sa","N","N","Y","N","N","N","N","N","Daylight","Broadside","Driving or Bicycling Under the Influence of Alcohol or Drug","Other Motor Vehicle","N","N","N","N"
6297751,"N","Y","Injury (Complaint of Pain)","N",2013,17.75,"Fall","N","N","Su","N","N","Y","N","N","N","N","N","Dusk or Dawn","Other","Wrong Side of Road","Fixed Object","N","N","N","N"
6297753,"N","N","PDO (property damage only)","N",2013,2.16666666666667,"Fall","N","Y","Th","Y","N","Y","N","N","N","N","N","Dark - Street Lights","Broadside","Unsafe Speed","Other Motor Vehicle","Y","N","N","N"
6299105,"N","Y","Injury (Other Visible)","N",2013,19.75,"Fall","N","N","F","Y","N","Y","N","N","N","N","N","Dark - No Street Lights","Head-On","Pedestrian Violation","Other Motor Vehicle","N","N","N","N"
6299117,"N","Y","Injury (Other Visible)","N",2013,16.25,"Fall","PM","N","F","Y","N","Y","N","N","N","N","N","Daylight","Broadside","Pedestrian Right of Way","Other Motor Vehicle","N","N","N","N"
6299169,"N","N","PDO (property damage only)","N",2013,19,"Fall","PM","N","W","N","N","Y","N","N","N","N","N","Dark - No Street Lights","Broadside","Pedestrian Violation","Other Motor Vehicle","N","N","N","N"
6300561,"N","Y","Injury (Complaint of Pain)","N",2013,13.35,"Fall","N","N","W","N","Y","Y","N","N","N","N","N","Daylight","Hit Object","Pedestrian Right of Way","Fixed Object","N","N","N","N"
6300583,"N","N","Injury (Other Visible)","N",2013,4.45,"Fall","N","Y","Sa","N","N","Y","N","N","N","N","N","Dark - Street Lights","Head-On","Unsafe Speed","Parked Motor Vehicle","Y","N","N","N"
6300591,"N","Y","PDO (property damage only)","N",2013,11.25,"Fall","N","N","Sa","Y","N","Y","N","N","N","N","N","Daylight","Broadside","Pedestrian Violation","Other Motor Vehicle","N","N","N","N"
6300592,"N","Y","PDO (property damage only)","N",2013,14.25,"Fall","N","N","F","N","N","Y","N","N","N","N","N","Daylight","Sideswipe","Pedestrian Right of Way","Other Motor Vehicle","N","N","N","N"
6300594,"N","Y","Injury (Complaint of Pain)","N",2013,17.3333333333333,"Fall","PM","N","Th","Y","N","Y","N","N","N","N","N","Daylight","Other","Improper Turning","Other Motor Vehicle","N","N","N","N"
6300684,"N","Y","Injury (Other Visible)","N",2013,4.16666666666667,"Fall","N","Y","W","N","N","Y","N","N","N","N","N","Dark - Street Lights","Head-On","Unsafe Lane Change","Parked Motor Vehicle","Y","N","N","N"
6301263,"N","Y","PDO (property damage only)","N",2013,19.3333333333333,"Fall","N","N","Sa","Y","N","Y","N","N","N","N","N","Dark - Street Lights","Hit Object","Pedestrian Right of Way","Fixed Object","N","Y","N","N"
6302130,"N","Y","Injury (Complaint of Pain)","N",2013,13.9166666666667,"Fall","N","N","Sa","N","Y","Y","N","N","N","N","N","Daylight","Sideswipe","Automobile Right of Way","Other Motor Vehicle","N","N","N","N"
6302300,"N","Y","Injury (Complaint of Pain)","N",2013,12.0833333333333,"Fall","N","N","W","N","Y","Y","N","N","N","N","N","Daylight","Overturned","Pedestrian Right of Way","Non-Collision","N","N","N","N"
6302419,"N","Y","Injury (Complaint of Pain)","N",2013,7.58333333333333,"Fall","AM","N","F","N","N","Y","N","N","N","N","N","Daylight","Rear End","Wrong Side of Road","Motor Vehicle on Other Roadway","N","N","N","N"
6302782,"N","Y","PDO (property damage only)","N",2013,17.75,"Fall","PM","N","Tu","N","Y","Y","N","N","N","N","N","Dark - Street Lights","Rear End","Wrong Side of Road","Other Motor Vehicle","N","N","N","N"
6303440,"N","Y","PDO (property damage only)","N",2013,17.25,"Fall","PM","N","W","Y","N","Y","N","N","N","N","N","Daylight","Broadside","Pedestrian Violation","Other Motor Vehicle","N","N","N","N"
6303954,"N","Y","PDO (property damage only)","N",2013,9.58333333333333,"Fall","N","N","F","N","Y","Y","N","N","N","N","N","Daylight","Rear End","Automobile Right of Way","Other Motor Vehicle","N","N","N","N"
6303958,"N","Y","PDO (property damage only)","N",2013,5.25,"Fall","N","N","M","N","Y","Y","N","N","N","N","N","Daylight","Sideswipe","Automobile Right of Way","Other Motor Vehicle","N","N","N","N"
6304028,"N","Y","PDO (property damage only)","N",2013,10.25,"Fall","N","N","Su","N","Y","Y","N","N","N","N","N","Daylight","Overturned","Automobile Right of Way","Non-Collision","N","N","N","N"
6304044,"N","Y","Injury (Complaint of Pain)","N",2013,13.75,"Fall","N","N","Th","N","Y","Y","N","N","N","N","N","Daylight","Sideswipe","Automobile Right of Way","Other Motor Vehicle","N","N","N","N"
6304076,"N","Y","Injury (Complaint of Pain)","N",2013,17.25,"Fall","N","N","Su","N","Y","Y","N","N","N","N","N","Dusk or Dawn","Rear End","Wrong Side of Road","Other Motor Vehicle","N","N","N","N"
6304506,"N","Y","Injury (Complaint of Pain)","N",2013,17.75,"Fall","PM","N","Th","N","Y","Y","N","N","N","N","N","Dark - Street Lights","Sideswipe","Automobile Right of Way","Other Motor Vehicle","N","N","N","N"
6305069,"N","Y","Injury (Complaint of Pain)","N",2013,8.41666666666667,"Fall","N","N","Su","N","Y","Y","N","N","N","N","N","Daylight","Overturned","Wrong Side of Road","Non-Collision","N","N","N","N"
6305215,"N","Y","PDO (property damage only)","N",2013,16.25,"Fall","PM","N","M","N","Y","Y","N","N","N","N","N","Daylight","Rear End","Automobile Right of Way","Other Motor Vehicle","N","N","N","N"
6305226,"N","N","PDO (property damage only)","N",2013,18.2,"Fall","PM","N","M","N","Y","Y","N","N","N","N","N","Dark - Street Lights","Rear End","Wrong Side of Road","Other Motor Vehicle","N","N","N","N"
6305237,"N","Y","PDO (property damage only)","N",2013,11.25,"Fall","N","N","Su","N","Y","Y","N","N","N","N","N","Daylight","Rear End","Wrong Side of Road","Other Motor Vehicle","N","N","N","N"
6305288,"N","N","Injury (Complaint of Pain)","N",2013,21.1666666666667,"Fall","N","N","Th","N","N","Y","N","N","N","N","N","Daylight","Rear End","Wrong Side of Road","Bicycle","N","N","N","Y"
6305296,"N","Y","Injury (Complaint of Pain)","N",2013,17.1666666666667,"Fall","PM","N","Th","N","N","Y","N","N","N","N","N","Dark - Street Lights","Sideswipe","Automobile Right of Way","Other Motor Vehicle","N","N","N","N"
6305298,"N","Y","Injury (Complaint of Pain)","N",2013,15.4166666666667,"Fall","PM","N","Th","N","N","Y","N","N","N","N","N","Daylight","Sideswipe","Automobile Right of Way","Other Motor Vehicle","N","N","N","N"
6305300,"N","Y","Injury (Complaint of Pain)","N",2013,21.0833333333333,"Fall","N","N","Th","Y","N","Y","N","N","N","N","N","Dark - Street Lights","Rear End","Wrong Side of Road","Other Motor Vehicle","N","N","N","N"
6305320,"N","Y","PDO (property damage only)","N",2013,16.0833333333333,"Fall","PM","N","Tu","N","N","N","Y","N","N","N","N","Daylight","Broadside","Pedestrian Right of Way","Other Motor Vehicle","N","N","N","N"
6305328,"N","Y","PDO (property damage only)","N",2013,17.75,"Fall","PM","N","Tu","N","N","Y","N","N","N","N","N","Dark - Street Lights","Sideswipe","Automobile Right of Way","Other Motor Vehicle","N","N","N","N"
6305333,"N","Y","Injury (Complaint of Pain)","N",2013,10.1666666666667,"Fall","N","N","Sa","N","N","Y","N","N","N","N","N","Daylight","Other","Automobile Right of Way","Non-Collision","N","N","N","N"
6305340,"N","Y","Injury (Complaint of Pain)","N",2013,15,"Fall","PM","N","M","Y","N","Y","N","N","N","N","N","Daylight","Sideswipe","Automobile Right of Way","Other Motor Vehicle","N","N","N","N"
6305343,"N","Y","PDO (property damage only)","N",2013,17.8333333333333,"Fall","N","N","Su","N","N","Y","N","N","N","N","N","Dark - Street Lights","Sideswipe","Automobile Right of Way","Other Motor Vehicle","N","N","N","N"