"CASE_ID","mc_killed","mc_injured","collision_severity","severe","accident_year","hours_since_midnight","season","rush_hour","late_night","day_of_week","intersection","state_hwy_ind","w_clear","w_cloudy","w_rainy","w_other","road_not_dry","road_condition_issue","lighting","type_of_collision","pcf_viol_category","mviw","alcohol_involved","truck_accident","pedestrian_accident","bicycle_accident"
6346066,"N","Y","PDO (property damage only)","N",2013,11.6666666666667,"Winter","N","N","Tu","N","N","Y","N","N","N","N","N","Daylight","Hit Object","Wrong Side of Road","Other Object","N","N","N","N"
6347013,"N","Y","PDO (property damage only)","N",2013,17.25,"Winter","PM","N","W","Y","N","Y","N","N","N","N","N","Dusk or Dawn","Broadside","Pedestrian Violation","Other Motor Vehicle","N","N","N","N"
6347662,"N","Y","Injury (Complaint of Pain)","N",2013,13.8333333333333,"Spring","N","N","F","N","Y","Y","N","N","N","N","N","Daylight","Other","Wrong Side of Road","Fixed Object","N","N","N","N"
6347830,"N","Y","Injury (Complaint of Pain)","N",2013,21.5,"Fall","N","N","Sa","Y","N","Y","N","N","N","N","N","Dark - Street Lights","Other","Pedestrian Violation","Non-Collision","N","N","N","N"
6348901,"N","Y","Injury (Complaint of Pain)","N",2013,13.6666666666667,"Winter","N","N","Tu","N","N","Y","N","N","N","N","N","Daylight","Sideswipe","Driving or Bicycling Under the Influence of Alcohol or Drug","Other Motor Vehicle","N","N","N","N"
6348913,"N","Y","Injury (Complaint of Pain)","N",2013,0.166666666666667,"Winter","N","Y","Sa","N","N","Y","N","N","N","N","N","Dark - Street Lights","Sideswipe","Pedestrian Right of Way","Other Motor Vehicle","N","N","N","N"
6354096,"N","Y","Injury (Complaint of Pain)","N",2013,2.33333333333333,"Winter","N","Y","Su","Y","N","Y","N","N","N","N","N","Dark - Street Lights","Other","Lights","Non-Collision","N","N","N","N"
6354104,"N","Y","PDO (property damage only)","N",2013,17.25,"Winter","N","N","Su","N","N","Y","N","N","N","N","N","Dark - Street Lights","Rear End","Wrong Side of Road","Other Motor Vehicle","N","N","N","N"
6355302,"N","Y","PDO (property damage only)","N",2013,13.0833333333333,"Fall","N","N","M","Y","N","N","Y","N","N","N","N","Daylight","Broadside","Pedestrian Violation","Other Motor Vehicle","N","N","N","N"
6355321,"N","Y","Injury (Complaint of Pain)","N",2013,14.5,"Fall","N","N","F","N","N","Y","N","N","N","N","N","Daylight","Broadside","Pedestrian Right of Way","Other Motor Vehicle","N","N","N","N"
6355331,"N","Y","PDO (property damage only)","N",2013,18.5,"Fall","PM","N","F","Y","N","Y","N","N","N","N","N","Dark - Street Lights","Sideswipe","Driving or Bicycling Under the Influence of Alcohol or Drug","Other Motor Vehicle","N","N","N","N"
6355334,"N","Y","Injury (Other Visible)","N",2013,8.58333333333333,"Fall","AM","N","Tu","Y","N","Y","N","N","N","N","N","Daylight","Broadside","Pedestrian Violation","Other Motor Vehicle","N","N","N","N"
6355341,"N","Y","PDO (property damage only)","N",2013,17.5,"Fall","PM","N","F","Y","N","Y","N","N","N","N","N","Dark - Street Lights","Broadside","Pedestrian Violation","Other Motor Vehicle","N","N","N","N"
6355936,"N","Y","PDO (property damage only)","N",2013,11,"Spring","N","N","M","N","Y","Y","N","N","N","N","N","Daylight","Sideswipe","Automobile Right of Way","Other Motor Vehicle","N","N","N","N"
6355943,"N","Y","Injury (Complaint of Pain)","N",2013,6.25,"Spring","N","N","F","N","Y","Y","N","N","N","N","N","Dusk or Dawn","Rear End","Wrong Side of Road","Other Motor Vehicle","N","N","N","N"
6355996,"N","Y","Injury (Complaint of Pain)","N",2013,12.75,"Spring","N","N","Tu","N","N","Y","N","N","N","N","N","Daylight","Broadside","Pedestrian Violation","Other Motor Vehicle","N","N","N","N"
6356780,"N","Y","Injury (Complaint of Pain)","N",2013,11.3333333333333,"Spring","N","N","F","N","N","Y","N","N","N","N","Y","Daylight","Broadside","Pedestrian Violation","Other Motor Vehicle","N","N","N","N"
6358285,"N","Y","Injury (Complaint of Pain)","N",2013,16.8333333333333,"Fall","PM","N","W","N","N","Y","N","N","N","N","N","Daylight","Broadside","Wrong Side of Road","Other Motor Vehicle","N","N","N","N"
6359449,"N","Y","Injury (Complaint of Pain)","N",2013,7.91666666666667,"Fall","AM","N","M","Y","N","Y","N","N","N","N","N","Daylight","Broadside","Pedestrian Violation","Other Motor Vehicle","N","N","N","N"
6359453,"N","Y","PDO (property damage only)","N",2013,0.25,"Fall","N","Y","M","Y","N","Y","N","N","N","N","N","Dark - Street Lights","Broadside","Unsafe Speed","Other Motor Vehicle","Y","N","N","N"
6359928,"N","Y","Injury (Complaint of Pain)","N",2013,7.33333333333333,"Spring","AM","N","Th","N","Y","Y","N","N","N","N","N","Daylight","Sideswipe","Pedestrian Right of Way","Other Motor Vehicle","N","N","N","N"
6359937,"N","Y","PDO (property damage only)","N",2013,17.3333333333333,"Spring","PM","N","Tu","N","Y","Y","N","N","N","N","N","Daylight","Rear End","Automobile Right of Way","Other Motor Vehicle","N","N","N","N"
6359943,"N","Y","PDO (property damage only)","N",2013,12.25,"Spring","N","N","M","N","Y","Y","N","N","N","N","N","Daylight","Sideswipe","Automobile Right of Way","Other Motor Vehicle","N","N","N","N"
6359945,"N","Y","PDO (property damage only)","N",2013,20.0833333333333,"Spring","N","N","Tu","N","Y","Y","N","N","N","N","N","Dark - Street Lights","Sideswipe","Automobile Right of Way","Other Motor Vehicle","N","N","N","N"
6359951,"N","Y","PDO (property damage only)","N",2013,16.3333333333333,"Spring","PM","N","Th","N","Y","N","Y","N","N","N","N","Daylight","Sideswipe","Automobile Right of Way","Other Motor Vehicle","N","N","N","N"
6359953,"N","Y","PDO (property damage only)","N",2013,17.8333333333333,"Spring","PM","N","M","N","Y","Y","N","N","N","N","Y","Daylight","Sideswipe","Improper Turning","Other Motor Vehicle","N","N","N","N"
6359966,"N","Y","Injury (Other Visible)","N",2013,18.1666666666667,"Spring","PM","N","Tu","N","Y","Y","N","N","N","N","Y","Daylight","Rear End","Pedestrian Right of Way","Other Motor Vehicle","N","N","N","N"
6359970,"N","Y","Injury (Other Visible)","N",2013,13.6833333333333,"Spring","N","N","F","N","Y","Y","N","N","N","N","Y","Daylight","Rear End","Wrong Side of Road","Other Motor Vehicle","N","N","N","N"
6359973,"N","Y","Injury (Complaint of Pain)","N",2013,8.83333333333333,"Spring","AM","N","F","N","Y","Y","N","N","N","N","N","Daylight","Sideswipe","Automobile Right of Way","Other Motor Vehicle","N","N","N","N"
6359997,"N","Y","PDO (property damage only)","N",2013,17.25,"Spring","PM","N","F","N","Y","Y","N","N","N","N","N","Daylight","Sideswipe","Pedestrian Right of Way","Other Motor Vehicle","N","N","N","N"
6361222,"N","Y","Injury (Complaint of Pain)","N",2013,23,"Fall","N","Y","Sa","N","N","Y","N","N","N","N","N","Dark - Street Lights","Rear End","Improper Passing","Other Motor Vehicle","N","N","N","N"
6361277,"N","Y","PDO (property damage only)","N",2013,11.0833333333333,"Fall","N","N","Tu","N","Y","N","Y","N","N","N","N","Daylight","Rear End","Automobile Right of Way","Other Motor Vehicle","N","N","N","N"
6361769,"N","Y","Injury (Complaint of Pain)","N",2013,17.5,"Fall","PM","N","F","N","Y","N","N","Y","N","Y","N","Dark - Street Lights","Sideswipe","Wrong Side of Road","Other Motor Vehicle","N","N","N","N"
6361789,"N","Y","Injury (Complaint of Pain)","N",2013,12.5833333333333,"Fall","N","N","W","N","Y","Y","N","N","N","N","N","Daylight","Sideswipe","Automobile Right of Way","Other Motor Vehicle","N","N","N","N"
6365394,"N","Y","Injury (Complaint of Pain)","N",2013,14.1666666666667,"Summer","N","N","Sa","N","Y","Y","N","N","N","N","N","Daylight","Sideswipe","Wrong Side of Road","Other Motor Vehicle","N","N","N","N"
6368602,"N","Y","Injury (Other Visible)","N",2013,9.83333333333333,"Fall","N","N","F","Y","N","Y","N","N","N","N","N","Daylight","Broadside","Pedestrian Violation","Other Motor Vehicle","N","N","N","N"
6368648,"N","Y","Injury (Complaint of Pain)","N",2013,21.3333333333333,"Fall","N","N","M","N","Y","Y","N","N","N","N","N","Dark - Street Lights","Other","Wrong Side of Road","Other Object","N","N","N","N"
6368692,"N","Y","Injury (Complaint of Pain)","N",2013,10.5,"Fall","N","N","F","N","N","Y","N","N","N","N","N","Daylight","Hit Object","Wrong Side of Road","Other Object","N","N","N","N"
6368715,"N","Y","PDO (property damage only)","N",2013,19.9166666666667,"Fall","N","N","W","Y","N","Y","N","N","N","N","N","Dark - Street Lights","Head-On","Pedestrian Violation","Other Motor Vehicle","N","N","N","N"
6368719,"N","Y","Injury (Other Visible)","N",2013,20.25,"Fall","N","N","Sa","Y","N","Y","N","N","N","N","N","Dark - Street Lights","Broadside","Automobile Right of Way","Other Motor Vehicle","N","N","N","N"
6369089,"N","Y","Injury (Complaint of Pain)","N",2013,13,"Summer","N","N","Su","N","Y","Y","N","N","N","N","N","Daylight","Overturned","Wrong Side of Road","Non-Collision","N","N","N","N"
6370601,"N","Y","PDO (property damage only)","N",2013,9.08333333333333,"Winter","N","N","Tu","N","N","Y","N","N","N","N","N","Daylight","Sideswipe","Automobile Right of Way","Other Motor Vehicle","N","N","N","N"
6372672,"N","Y","PDO (property damage only)","N",2013,17.6166666666667,"Fall","N","N","Su","N","Y","Y","N","N","N","N","N","Dark - Street Lights","Sideswipe","Automobile Right of Way","Other Motor Vehicle","N","N","N","N"
6374200,"N","Y","Injury (Complaint of Pain)","N",2013,8,"Summer","AM","N","Tu","N","Y","Y","N","N","N","N","N","Daylight","Rear End","Impeding Traffic","Other Motor Vehicle","N","N","N","N"
6374401,"N","Y","Injury (Complaint of Pain)","N",2013,7.91666666666667,"Summer","AM","N","Th","N","Y","Y","N","N","N","N","N","Daylight","Rear End","Automobile Right of Way","Other Motor Vehicle","N","N","N","N"
6374636,"N","Y","Injury (Complaint of Pain)","N",2013,8.33333333333333,"Fall","AM","N","M","N","Y","Y","N","N","N","N","N","Daylight","Rear End","Wrong Side of Road","Other Motor Vehicle","N","N","N","N"
6374736,"N","Y","Injury (Complaint of Pain)","N",2013,11.25,"Winter","N","N","F","N","Y","Y","N","N","N","N","N","Daylight","Hit Object","Pedestrian Right of Way","Fixed Object","N","N","N","N"
6374737,"N","Y","Injury (Complaint of Pain)","N",2013,22.4833333333333,"Fall","N","N","Su","N","Y","Y","N","N","N","N","N","Dark - Street Lights","Overturned","Pedestrian Right of Way","Non-Collision","N","N","N","N"
6374749,"N","Y","PDO (property damage only)","N",2013,14.5833333333333,"Winter","N","N","M","Y","N","Y","N","N","N","N","N","Daylight","Rear End","Lights","Other Motor Vehicle","N","N","N","N"
6374768,"N","Y","Injury (Complaint of Pain)","N",2013,20.75,"Winter","N","N","Sa","Y","N","Y","N","N","N","N","N","Dark - Street Lights","Broadside","Pedestrian Violation","Other Motor Vehicle","N","N","N","N"
6374773,"N","Y","Injury (Complaint of Pain)","N",2013,13.1666666666667,"Winter","N","N","Tu","N","N","Y","N","N","N","N","N","Daylight","Sideswipe","Automobile Right of Way","Other Motor Vehicle","N","N","N","N"
6376184,"N","Y","Injury (Complaint of Pain)","N",2013,15.25,"Spring","PM","N","Th","N","Y","Y","N","N","N","N","N","Daylight","Sideswipe","Improper Turning","Other Motor Vehicle","N","N","N","N"
6381142,"N","Y","Injury (Complaint of Pain)","N",2013,8.5,"Fall","N","N","Sa","N","Y","Y","N","N","N","N","N","Daylight","Rear End","Wrong Side of Road","Other Motor Vehicle","N","N","N","N"
6381532,"N","Y","PDO (property damage only)","N",2013,10.8333333333333,"Summer","N","N","Su","N","Y","Y","N","N","N","N","N","Daylight","Overturned","Wrong Side of Road","Non-Collision","N","N","N","N"
6384083,"N","Y","Injury (Complaint of Pain)","N",2013,7.25,"Fall","AM","N","W","N","Y","Y","N","N","N","N","N","Daylight","Sideswipe","Automobile Right of Way","Other Motor Vehicle","N","N","N","N"
6384091,"N","Y","Injury (Complaint of Pain)","N",2013,11.75,"Fall","N","N","Su","N","Y","Y","N","N","N","N","N","Daylight","Overturned","Wrong Side of Road","Other Motor Vehicle","N","N","N","N"
6384135,"N","Y","Injury (Complaint of Pain)","N",2013,8.91666666666667,"Winter","AM","N","M","N","Y","Y","N","N","N","N","N","Daylight","Overturned","Wrong Side of Road","Non-Collision","N","N","N","N"
6384433,"N","Y","Injury (Complaint of Pain)","N",2013,20.5,"Winter","N","N","Sa","N","Y","Y","N","N","N","N","N","Dark - Street Lights","Overturned","Wrong Side of Road","Non-Collision","N","N","N","N"
6384458,"N","Y","Injury (Complaint of Pain)","N",2013,9.16666666666667,"Winter","N","N","Su","N","Y","Y","N","N","N","N","N","Daylight","Overturned","Wrong Side of Road","Non-Collision","N","N","N","N"
6384872,"N","Y","Injury (Complaint of Pain)","N",2013,7.41666666666667,"Summer","AM","N","Tu","N","Y","N","Y","N","N","N","N","Daylight","Sideswipe","Automobile Right of Way","Other Motor Vehicle","N","N","N","N"
6384876,"N","Y","Injury (Complaint of Pain)","N",2013,18.1666666666667,"Summer","PM","N","M","N","Y","Y","N","N","N","N","N","Daylight","Sideswipe","Automobile Right of Way","Other Motor Vehicle","N","N","N","N"
6384905,"N","Y","PDO (property damage only)","N",2013,18.5833333333333,"Summer","PM","N","Th","N","Y","Y","N","N","N","N","N","Daylight","Sideswipe","Wrong Side of Road","Other Motor Vehicle","N","N","N","N"
6384921,"N","Y","Injury (Other Visible)","N",2013,12.1666666666667,"Summer","N","N","Su","N","Y","Y","N","N","N","N","N","Daylight","Sideswipe","Automobile Right of Way","Other Motor Vehicle","N","N","N","N"
6384931,"N","Y","PDO (property damage only)","N",2013,8.91666666666667,"Summer","AM","N","M","N","Y","N","Y","N","N","N","N","Daylight","Sideswipe","Pedestrian Right of Way","Other Motor Vehicle","N","N","N","N"
6391025,"N","Y","Injury (Complaint of Pain)","N",2013,17.5833333333333,"Spring","N","N","Su","N","Y","Y","N","N","N","N","N","Daylight","Hit Object","Pedestrian Right of Way","Fixed Object","N","N","N","N"
6391056,"N","Y","Injury (Complaint of Pain)","N",2013,16.2833333333333,"Summer","PM","N","Tu","N","Y","Y","N","N","N","N","N","Daylight","Rear End","Automobile Right of Way","Other Motor Vehicle","N","N","N","N"
6391060,"N","Y","Injury (Complaint of Pain)","N",2013,12.1666666666667,"Summer","N","N","W","N","Y","Y","N","N","N","N","N","Daylight","Overturned","Wrong Side of Road","Other Object","N","N","N","N"
6391111,"N","Y","Injury (Complaint of Pain)","N",2013,13,"Summer","N","N","Su","N","Y","N","Y","N","N","N","N","Daylight","Overturned","Wrong Side of Road","Non-Collision","N","N","N","N"
6391549,"N","Y","Injury (Complaint of Pain)","N",2013,9.33333333333333,"Spring","N","N","Sa","N","Y","Y","N","N","N","N","N","Daylight","Overturned","Pedestrian Right of Way","Non-Collision","N","N","N","N"
6392175,"N","Y","Injury (Complaint of Pain)","N",2013,7.25,"Summer","AM","N","M","N","Y","Y","N","N","N","N","N","Daylight","Rear End","Wrong Side of Road","Other Motor Vehicle","N","N","N","N"
6392199,"N","Y","Injury (Other Visible)","N",2013,14,"Summer","N","N","Sa","N","Y","Y","N","N","N","N","Y","Daylight","Overturned","Wrong Side of Road","Non-Collision","N","N","N","N"
6394807,"N","Y","Injury (Other Visible)","N",2013,1,"Fall","N","Y","Su","N","N","Y","N","N","N","N","N","Dark - Street Lights","Hit Object","Wrong Side of Road","Fixed Object","N","N","N","N"
6394819,"N","Y","Injury (Complaint of Pain)","N",2013,19.6666666666667,"Winter","N","N","Su","N","N","Y","N","N","N","N","N","Dark - Street Lights","Rear End","Pedestrian Right of Way","Other Motor Vehicle","N","N","N","N"
6394828,"N","Y","PDO (property damage only)","N",2013,13.5,"Winter","N","N","Su","N","N","Y","N","N","N","N","N","Daylight","Other","Automobile Right of Way","Fixed Object","N","N","N","N"
6394847,"N","Y","Injury (Complaint of Pain)","N",2013,11.75,"Winter","N","N","Su","Y","N","Y","N","N","N","N","N","Daylight","Head-On","Pedestrian Violation","Other Motor Vehicle","N","N","N","N"
6394873,"N","Y","PDO (property damage only)","N",2013,12.1666666666667,"Fall","N","N","Su","N","N","Y","N","N","N","N","N","Daylight","Rear End","Improper Passing","Other Motor Vehicle","Y","N","N","N"
6394886,"N","Y","PDO (property damage only)","N",2013,13.5666666666667,"Winter","N","N","Tu","N","Y","Y","N","N","N","N","N","Daylight","Sideswipe","Improper Turning","Other Motor Vehicle","N","N","N","N"
6394894,"N","Y","PDO (property damage only)","N",2013,18.6666666666667,"Fall","PM","N","M","N","Y","Y","N","N","N","N","N","Dark - Street Lights","Sideswipe","Automobile Right of Way","Other Motor Vehicle","N","N","N","N"
6394950,"N","Y","Injury (Complaint of Pain)","N",2013,13.6666666666667,"Winter","N","N","Th","N","Y","N","Y","Y","N","Y","N","Daylight","Overturned","Wrong Side of Road","Non-Collision","N","N","N","N"
6397779,"N","Y","PDO (property damage only)","N",2013,16.3333333333333,"Summer","PM","N","F","N","Y","Y","N","N","N","N","N","Daylight","Hit Object","Code 19","Other Object","N","N","N","N"
6402684,"N","Y","Injury (Complaint of Pain)","N",2013,13.1333333333333,"Summer","N","N","F","N","Y","Y","N","N","N","N","Y","Daylight","Rear End","Wrong Side of Road","Other Motor Vehicle","N","N","N","N"
6403419,"N","Y","PDO (property damage only)","N",2013,17.3333333333333,"Summer","PM","N","F","N","Y","Y","N","N","N","N","N","Daylight","Sideswipe","Pedestrian Right of Way","Other Motor Vehicle","N","Y","N","N"
6404294,"N","Y","PDO (property damage only)","N",2013,9.83333333333333,"Fall","N","N","Th","N","Y","Y","N","N","N","N","N","Daylight","Rear End","Wrong Side of Road","Other Motor Vehicle","N","N","N","N"
6404298,"N","Y","Injury (Complaint of Pain)","N",2013,22,"Fall","N","N","Th","N","Y","Y","N","N","N","N","Y","Dark - Street Lights","Rear End","Automobile Right of Way","Other Motor Vehicle","N","N","N","N"
6405463,"N","Y","Injury (Complaint of Pain)","N",2013,15.8,"Summer","N","N","Sa","N","Y","Y","N","N","N","N","N","Daylight","Sideswipe","Pedestrian Right of Way","Other Motor Vehicle","N","N","N","N"
6405506,"N","Y","Injury (Complaint of Pain)","N",2013,8.05,"Summer","AM","N","W","N","Y","Y","N","N","N","N","N","Daylight","Rear End","Wrong Side of Road","Motor Vehicle on Other Roadway","N","Y","N","N"
6406562,"N","Y","PDO (property damage only)","N",2013,17.1833333333333,"Summer","PM","N","Tu","N","Y","Y","N","N","N","N","N","Daylight","Sideswipe","Automobile Right of Way","Other Motor Vehicle","N","N","N","N"
6406571,"N","Y","Injury (Complaint of Pain)","N",2013,14.75,"Summer","N","N","Su","N","Y","N","Y","N","N","N","N","Daylight","Rear End","Wrong Side of Road","Other Motor Vehicle","N","N","N","N"
6406577,"N","Y","Injury (Complaint of Pain)","N",2013,5.75,"Summer","N","N","W","N","Y","Y","N","N","N","N","N","Daylight","Sideswipe","Automobile Right of Way","Other Motor Vehicle","N","N","N","N"
6406631,"N","Y","PDO (property damage only)","N",2013,17.8333333333333,"Summer","PM","N","Th","N","Y","Y","N","N","N","N","N","Daylight","Rear End","Wrong Side of Road","Other Motor Vehicle","N","N","N","N"
6406640,"N","Y","PDO (property damage only)","N",2013,16.9166666666667,"Summer","PM","N","W","N","Y","Y","N","N","N","N","N","Daylight","Sideswipe","Automobile Right of Way","Other Motor Vehicle","N","N","N","N"
6406650,"N","Y","Injury (Complaint of Pain)","N",2013,15.3333333333333,"Summer","PM","N","Th","N","Y","Y","N","N","N","N","N","Daylight","Sideswipe","Pedestrian Right of Way","Other Motor Vehicle","N","N","N","N"
6406713,"N","Y","Injury (Complaint of Pain)","N",2013,16.3333333333333,"Fall","N","N","Su","N","Y","Y","N","N","N","N","N","Daylight","Hit Object","Wrong Side of Road","Non-Collision","N","N","N","N"
6406718,"N","Y","Injury (Complaint of Pain)","N",2013,15.5,"Summer","PM","N","F","N","Y","Y","N","N","N","N","N","Daylight","Sideswipe","Automobile Right of Way","Other Motor Vehicle","N","N","N","N"
6406790,"N","Y","PDO (property damage only)","N",2013,14.05,"Fall","N","N","F","N","Y","Y","N","N","N","N","N","Daylight","Overturned","Pedestrian Right of Way","Non-Collision","N","N","N","N"
6406886,"N","Y","Injury (Other Visible)","N",2013,5.66666666666667,"Fall","N","N","Tu","N","Y","N","Y","N","N","N","N","Dark - No Street Lights","Hit Object","Wrong Side of Road","Fixed Object","N","N","N","N"
6408087,"N","Y","Injury (Complaint of Pain)","N",2013,13.0833333333333,"Summer","N","N","F","N","Y","Y","N","N","N","N","Y","Daylight","Rear End","Wrong Side of Road","Other Motor Vehicle","N","N","N","N"
6408101,"N","Y","Injury (Complaint of Pain)","N",2013,10.8333333333333,"Summer","N","N","Su","N","Y","N","Y","N","N","N","N","Daylight","Sideswipe","Automobile Right of Way","Other Motor Vehicle","N","N","N","N"
6408683,"N","Y","Injury (Complaint of Pain)","N",2013,7.16666666666667,"Winter","AM","N","W","N","N","Y","N","N","N","N","N","Daylight","Hit Object","Wrong Side of Road","Fixed Object","N","N","N","N"
6409940,"N","Y","Injury (Complaint of Pain)","N",2013,14.5,"Winter","N","N","Sa","N","Y","Y","N","N","N","N","N","Daylight","Sideswipe","Automobile Right of Way","Other Motor Vehicle","N","N","N","N"
6409956,"N","Y","Injury (Other Visible)","N",2013,17.25,"Winter","PM","N","W","N","Y","Y","N","N","N","N","N","Daylight","Sideswipe","Automobile Right of Way","Other Motor Vehicle","N","N","N","N"
6410026,"N","Y","Injury (Complaint of Pain)","N",2013,16.9333333333333,"Fall","PM","N","Tu","N","Y","Y","N","N","N","N","N","Daylight","Sideswipe","Pedestrian Right of Way","Other Motor Vehicle","N","N","N","N"
6410040,"N","Y","Injury (Complaint of Pain)","N",2013,14.0833333333333,"Fall","N","N","M","N","Y","Y","N","N","N","N","N","Daylight","Overturned","Pedestrian Right of Way","Non-Collision","N","N","N","N"
6410042,"N","Y","Injury (Other Visible)","N",2013,10.8333333333333,"Fall","N","N","M","N","Y","Y","N","N","N","N","N","Daylight","Overturned","Pedestrian Right of Way","Non-Collision","N","N","N","N"
6410045,"N","Y","PDO (property damage only)","N",2013,19.8333333333333,"Fall","N","N","Tu","N","Y","N","Y","N","N","N","N","Dark - Street Lights","Sideswipe","Pedestrian Right of Way","Other Motor Vehicle","N","N","N","N"
6410658,"N","Y","Injury (Complaint of Pain)","N",2013,15.6666666666667,"Fall","PM","N","W","N","Y","Y","N","N","N","N","N","Daylight","Overturned","Wrong Side of Road","Other Object","N","N","N","N"
6410693,"N","Y","Injury (Complaint of Pain)","N",2013,6,"Fall","N","N","M","N","Y","Y","N","N","N","N","N","Daylight","Rear End","Wrong Side of Road","Other Motor Vehicle","N","N","N","N"
6411480,"N","Y","Injury (Complaint of Pain)","N",2013,18.0833333333333,"Summer","PM","N","Tu","N","Y","Y","N","N","N","N","N","Daylight","Sideswipe","Automobile Right of Way","Other Motor Vehicle","N","N","N","N"
6411485,"Y","N","Injury (Severe)","Y",2013,8.58333333333333,"Fall","AM","N","F","N","Y","Y","N","N","N","Y","N","Daylight","Rear End","Wrong Side of Road","Other Motor Vehicle","N","N","N","N"
6411489,"N","Y","PDO (property damage only)","N",2013,7.5,"Fall","AM","N","W","N","Y","N","Y","N","N","N","N","Daylight","Sideswipe","Pedestrian Right of Way","Other Motor Vehicle","N","N","N","N"
6411491,"N","Y","Injury (Other Visible)","N",2013,14.6666666666667,"Summer","N","N","F","N","Y","Y","N","N","N","N","N","Daylight","Sideswipe","Automobile Right of Way","Other Motor Vehicle","N","N","N","N"
6411505,"N","Y","Injury (Complaint of Pain)","N",2013,19.3333333333333,"Fall","N","N","F","N","Y","Y","N","N","N","N","N","Dark - No Street Lights","Overturned","Wrong Side of Road","Non-Collision","N","N","N","N"
6411590,"N","Y","PDO (property damage only)","N",2013,5.73333333333333,"Fall","N","N","Tu","N","Y","Y","N","N","N","N","N","Dark - Street Lights","Overturned","Wrong Side of Road","Non-Collision","N","N","N","N"
6417546,"N","Y","Injury (Complaint of Pain)","N",2013,19.4166666666667,"Fall","N","N","F","N","Y","Y","N","N","N","N","N","Dusk or Dawn","Sideswipe","Automobile Right of Way","Other Motor Vehicle","N","N","N","N"
6435167,"N","Y","PDO (property damage only)","N",2013,1.93333333333333,"Fall","N","Y","Sa","N","Y","Y","N","N","N","N","N","Dark - Street Lights","Rear End","Wrong Side of Road","Other Motor Vehicle","N","N","N","N"
6436170,"N","Y","Injury (Complaint of Pain)","N",2013,8,"Fall","AM","N","W","N","Y","Y","N","N","N","N","N","Daylight","Hit Object","Pedestrian Right of Way","Fixed Object","N","N","N","N"
6436179,"N","Y","Injury (Complaint of Pain)","N",2013,21.3333333333333,"Fall","N","N","M","N","Y","Y","N","N","N","N","N","Dark - Street Lights","Rear End","Wrong Side of Road","Other Motor Vehicle","N","N","N","N"
6436187,"N","Y","Injury (Complaint of Pain)","N",2013,13.6666666666667,"Fall","N","N","M","N","Y","Y","N","N","N","N","Y","Daylight","Overturned","Pedestrian Right of Way","Non-Collision","N","N","N","N"
6436206,"N","Y","Injury (Complaint of Pain)","N",2013,21.85,"Fall","N","N","Sa","N","Y","Y","N","N","N","N","N","Dark - No Street Lights","Sideswipe","Pedestrian Right of Way","Other Motor Vehicle","N","N","N","N"
6436238,"N","Y","PDO (property damage only)","N",2013,23.5833333333333,"Fall","N","Y","Sa","N","Y","Y","N","N","N","N","N","Dark - Street Lights","Sideswipe","Automobile Right of Way","Other Motor Vehicle","N","N","N","N"
6438403,"N","Y","PDO (property damage only)","N",2013,14.5,"Fall","N","N","Sa","N","Y","Y","N","N","N","N","N","Daylight","Sideswipe","Automobile Right of Way","Other Motor Vehicle","N","N","N","N"
6438848,"N","Y","Injury (Complaint of Pain)","N",2013,9.41666666666667,"Fall","N","N","Tu","N","Y","Y","N","N","N","N","N","Daylight","Rear End","Wrong Side of Road","Other Motor Vehicle","N","N","N","N"
6439029,"N","Y","Injury (Other Visible)","N",2013,19.8,"Fall","N","N","F","N","Y","Y","N","N","N","N","N","Dark - Street Lights","Sideswipe","Wrong Side of Road","Other Motor Vehicle","N","N","N","N"
6441220,"N","Y","Injury (Complaint of Pain)","N",2013,17.4166666666667,"Winter","N","N","Sa","N","Y","Y","N","N","N","N","N","Dark - No Street Lights","Hit Object","Wrong Side of Road","Non-Collision","N","N","N","N"
6452303,"N","Y","Injury (Complaint of Pain)","N",2013,8.75,"Summer","AM","N","F","N","Y","Y","N","N","N","N","N","Daylight","Overturned","Pedestrian Right of Way","Non-Collision","N","N","N","N"
6452340,"N","Y","Injury (Complaint of Pain)","N",2013,20.3333333333333,"Summer","N","N","M","N","Y","Y","N","N","N","Y","N","Dark - Street Lights","Overturned","Wrong Side of Road","Non-Collision","N","N","N","N"
6452367,"N","Y","PDO (property damage only)","N",2013,16.5166666666667,"Summer","PM","N","Tu","N","Y","Y","N","N","N","N","N","Daylight","Sideswipe","Pedestrian Right of Way","Other Motor Vehicle","N","N","N","N"
6454289,"N","Y","PDO (property damage only)","N",2013,14.8333333333333,"Fall","N","N","Sa","N","Y","Y","N","N","N","N","N","Daylight","Rear End","Wrong Side of Road","Other Motor Vehicle","N","N","N","N"
6454305,"N","N","PDO (property damage only)","N",2013,18.25,"Fall","PM","N","M","N","Y","Y","N","N","N","N","N","Dark - No Street Lights","Rear End","Wrong Side of Road","Other Motor Vehicle","N","N","N","N"
6457523,"N","Y","Injury (Complaint of Pain)","N",2013,16.6666666666667,"Fall","N","N","Sa","N","Y","N","Y","N","N","N","N","Dusk or Dawn","Overturned","Pedestrian Right of Way","Non-Collision","N","N","N","N"