"CASE_ID","mc_killed","mc_injured","collision_severity","severe","accident_year","hours_since_midnight","season","rush_hour","late_night","day_of_week","intersection","state_hwy_ind","w_clear","w_cloudy","w_rainy","w_other","road_not_dry","road_condition_issue","lighting","type_of_collision","pcf_viol_category","mviw","alcohol_involved","truck_accident","pedestrian_accident","bicycle_accident"
6457534,"N","Y","PDO (property damage only)","N",2013,9.91666666666667,"Fall","N","N","Tu","N","Y","Y","N","N","N","N","N","Daylight","Sideswipe","Pedestrian Right of Way","Other Motor Vehicle","N","N","N","N"
6457578,"N","N","PDO (property damage only)","N",2013,14.8333333333333,"Winter","N","N","M","N","Y","Y","N","N","N","N","N","Daylight","Overturned","Automobile Right of Way","Non-Collision","N","N","N","N"
6457586,"N","N","PDO (property damage only)","N",2013,16.4166666666667,"Winter","PM","N","Tu","N","Y","Y","N","N","N","N","N","Daylight","Rear End","Pedestrian Right of Way","Non-Collision","N","N","N","N"
6463538,"N","Y","Injury (Complaint of Pain)","N",2013,15.6666666666667,"Fall","PM","N","Tu","N","Y","Y","N","N","N","N","N","Daylight","Hit Object","Pedestrian Right of Way","Fixed Object","N","N","N","N"
6463542,"N","Y","Injury (Complaint of Pain)","N",2013,19.3333333333333,"Fall","N","N","F","N","Y","Y","N","N","N","N","N","Dark - No Street Lights","Sideswipe","Automobile Right of Way","Other Motor Vehicle","N","N","N","N"
6463657,"N","Y","Injury (Complaint of Pain)","N",2013,16.75,"Fall","N","N","Sa","N","N","Y","N","N","N","N","N","Daylight","Hit Object","Wrong Side of Road","Other Object","N","N","N","N"
6463692,"N","Y","Injury (Other Visible)","N",2013,16.5,"Fall","PM","N","F","N","N","Y","N","N","N","N","N","Daylight","Broadside","Pedestrian Violation","Other Motor Vehicle","Y","N","N","N"
6463702,"N","Y","PDO (property damage only)","N",2013,14.75,"Spring","N","N","F","N","Y","Y","N","N","N","N","N","Daylight","Rear End","Wrong Side of Road","Other Motor Vehicle","N","N","N","N"
6463726,"N","Y","PDO (property damage only)","N",2013,22.4166666666667,"Spring","N","N","Tu","N","Y","Y","N","N","N","N","N","Dark - No Street Lights","Sideswipe","Driving or Bicycling Under the Influence of Alcohol or Drug","Other Motor Vehicle","N","N","N","N"
6463728,"N","N","PDO (property damage only)","N",2013,17.6666666666667,"Fall","PM","N","Tu","N","N","Y","N","N","N","N","N","Dark - Street Lights","Broadside","Pedestrian Right of Way","Other Motor Vehicle","Y","N","N","N"
6463742,"N","Y","Injury (Complaint of Pain)","N",2013,14,"Summer","N","N","Tu","N","Y","Y","N","N","N","N","N","Daylight","Sideswipe","Automobile Right of Way","Other Motor Vehicle","N","N","N","N"
6465697,"N","Y","Injury (Complaint of Pain)","N",2013,2.58333333333333,"Fall","N","Y","Su","N","Y","Y","N","N","N","N","N","Dark - Street Lights","Sideswipe","Wrong Side of Road","Other Motor Vehicle","N","N","N","N"
6466308,"N","Y","PDO (property damage only)","N",2013,9.75,"Winter","N","N","M","N","Y","Y","N","N","N","N","Y","Daylight","Sideswipe","Pedestrian Right of Way","Other Motor Vehicle","N","N","N","N"
6511663,"N","Y","Injury (Other Visible)","N",2013,1.5,"Winter","N","Y","W","Y","N","Y","N","N","N","N","N","Dark - Street Lights","Other","Pedestrian Violation","Fixed Object","N","N","N","N"
6678303,"Y","N","Injury (Severe)","Y",2013,6.36666666666667,"Spring","N","N","Tu","N","Y","N","Y","N","N","N","N","Dusk or Dawn","Overturned","Wrong Side of Road","Non-Collision","N","N","N","N"
5814862,"N","N","Fatal","Y",2013,8.5,"Winter","AM","N","M","N","N","Y","N","N","N","N","N","Daylight","Sideswipe","Other Improper Driving","Parked Motor Vehicle","N","N","N","N"
5815781,"N","N","Fatal","Y",2013,19.9166666666667,"Winter","N","N","Sa","N","N","Y","N","N","N","N","N","Dark - Street Lights","Rear End","Pedestrian Violation","Other Motor Vehicle","N","N","N","N"
5898331,"N","N","Fatal","Y",2013,18.8,"Winter","PM","N","W","N","Y","Y","N","N","N","N","N","Dark - Street Lights","Sideswipe","Driving or Bicycling Under the Influence of Alcohol or Drug","Other Motor Vehicle","N","N","N","N"
5914896,"N","N","Fatal","Y",2013,16.25,"Winter","PM","N","M","N","Y","Y","N","N","N","N","N","Daylight","Rear End","Unsafe Starting or Backing","Other Motor Vehicle","N","N","N","N"
5915900,"N","N","Fatal","Y",2013,7,"Winter","AM","N","Tu","N","Y","Y","N","N","N","N","N","Daylight","Sideswipe","Automobile Right of Way","Other Motor Vehicle","N","Y","N","N"
5922203,"N","N","Fatal","Y",2013,15.3333333333333,"Winter","PM","N","Tu","N","N","N","Y","N","N","N","N","Daylight","Other","Code 19","Parked Motor Vehicle","N","N","N","N"
5926635,"N","N","Fatal","Y",2013,12.3333333333333,"Winter","N","N","M","N","N","Y","N","N","N","N","N","Daylight","Sideswipe","Impeding Traffic","Other Motor Vehicle","N","Y","N","N"
5930275,"N","N","Fatal","Y",2013,16.8333333333333,"Winter","PM","N","M","N","Y","Y","N","N","N","N","N","Dusk or Dawn","Sideswipe","Impeding Traffic","Other Motor Vehicle","N","N","N","N"
5940257,"N","N","Fatal","Y",2013,20,"Winter","N","N","Su","N","N","Y","N","N","N","N","N","Dark - Street Lights","Sideswipe","Automobile Right of Way","Other Motor Vehicle","N","N","N","N"
5940327,"N","N","Fatal","Y",2013,15.4166666666667,"Winter","PM","N","W","Y","N","Y","N","N","N","N","N","Daylight","Broadside","Pedestrian Violation","Other Motor Vehicle","N","N","N","N"
5940340,"N","N","Fatal","Y",2013,10.4833333333333,"Winter","N","N","Sa","N","N","Y","N","N","N","N","N","Daylight","Sideswipe","Driving or Bicycling Under the Influence of Alcohol or Drug","Parked Motor Vehicle","N","N","N","N"
5943939,"N","N","Fatal","Y",2013,13.1666666666667,"Winter","N","N","Tu","N","Y","N","N","Y","N","Y","N","Daylight","Hit Object","Pedestrian Right of Way","Fixed Object","N","N","N","N"
5944535,"N","N","Fatal","Y",2013,17.6666666666667,"Winter","PM","N","W","N","N","Y","N","N","N","N","N","Daylight","Broadside","Pedestrian Right of Way","Other Motor Vehicle","N","N","N","N"
5971787,"N","N","Fatal","Y",2013,1,"Winter","N","Y","Th","N","N","Y","N","N","N","N","N","Dark - Street Lights","Sideswipe","Wrong Side of Road","Fixed Object","N","N","N","N"
5975584,"N","N","Fatal","Y",2013,14.25,"Winter","N","N","F","N","N","Y","N","N","N","N","N","Daylight","Sideswipe","Wrong Side of Road","Parked Motor Vehicle","N","N","N","N"
5981108,"N","N","Fatal","Y",2013,14.3333333333333,"Winter","N","N","F","N","Y","Y","N","N","N","N","N","Daylight","Sideswipe","Automobile Right of Way","Other Motor Vehicle","N","N","N","N"
5982269,"N","N","Fatal","Y",2013,7.16666666666667,"Winter","AM","N","M","N","Y","Y","N","N","N","N","N","Daylight","Sideswipe","Automobile Right of Way","Other Motor Vehicle","N","N","N","N"
5982680,"N","N","Fatal","Y",2013,21,"Winter","N","N","Sa","N","N","Y","N","N","N","N","N","Dark - No Street Lights","Broadside","Wrong Side of Road","Parked Motor Vehicle","N","N","N","N"
5983839,"N","N","Fatal","Y",2013,17.25,"Winter","PM","N","W","N","N","N","Y","N","N","N","N","Dusk or Dawn","Broadside","Pedestrian Violation","Other Motor Vehicle","N","N","N","N"
5986095,"N","N","Fatal","Y",2013,13.4166666666667,"Winter","N","N","Th","N","N","N","Y","N","N","N","N","Daylight","Overturned","Pedestrian Violation","Non-Collision","N","N","N","N"
5986244,"N","N","Fatal","Y",2013,21.55,"Winter","N","N","F","Y","N","Y","N","N","N","N","N","Dark - Street Lights","Sideswipe","Impeding Traffic","Fixed Object","N","N","N","N"
5986732,"N","N","Fatal","Y",2013,19.8333333333333,"Winter","N","N","F","Y","N","Y","N","N","N","N","N","Dark - Street Lights","Broadside","Pedestrian Violation","Motor Vehicle on Other Roadway","N","N","N","N"
5988934,"N","N","Fatal","Y",2013,8.33333333333333,"Winter","N","N","Su","N","N","N","Y","N","N","N","N","Daylight","Broadside","Lights","Motor Vehicle on Other Roadway","N","N","N","N"
5991083,"N","N","Fatal","Y",2013,7.9,"Winter","AM","N","F","N","Y","Y","N","N","N","N","N","Daylight","Sideswipe","Pedestrian Right of Way","Other Motor Vehicle","N","N","N","N"
5993481,"N","N","Fatal","Y",2013,22,"Winter","N","N","W","N","N","Y","N","N","N","N","N","Dark - Street Lights","Sideswipe","Automobile Right of Way","Other Motor Vehicle","N","N","N","N"
5998975,"N","N","Fatal","Y",2013,22,"Winter","N","N","Su","N","N","Y","N","N","N","N","N","Dark - Street Lights","Other","Unsafe Starting or Backing","Parked Motor Vehicle","N","N","N","N"
6000117,"N","N","Fatal","Y",2013,19.75,"Winter","N","N","Sa","Y","N","Y","N","N","N","N","N","Dark - Street Lights","Sideswipe","Unsafe Speed","Other Motor Vehicle","Y","N","N","N"
6001712,"N","N","Fatal","Y",2013,9.41666666666667,"Winter","N","N","F","N","Y","Y","N","N","N","N","N","Daylight","Sideswipe","Automobile Right of Way","Other Motor Vehicle","N","N","N","N"
6002611,"N","N","Fatal","Y",2013,11.8333333333333,"Winter","N","N","Sa","N","N","Y","N","N","N","N","N","Dark - Street Lights","Sideswipe","Wrong Side of Road","Parked Motor Vehicle","N","N","N","N"
6015558,"N","N","Fatal","Y",2013,14.75,"Winter","N","N","Su","N","Y","N","Y","N","N","N","N","Daylight","Rear End","Wrong Side of Road","Other Motor Vehicle","N","N","N","N"
6019212,"N","N","Fatal","Y",2013,15.8333333333333,"Spring","N","N","Su","N","Y","Y","N","N","N","N","N","Daylight","Rear End","Automobile Right of Way","Other Motor Vehicle","N","N","N","N"
6019255,"N","N","Fatal","Y",2013,20.0166666666667,"Spring","N","N","Sa","N","Y","Y","N","N","N","N","N","Dark - Street Lights","Sideswipe","Automobile Right of Way","Other Motor Vehicle","N","N","N","N"
6019291,"N","N","Fatal","Y",2013,17.5,"Spring","PM","N","Tu","N","Y","Y","N","N","N","N","N","Daylight","Sideswipe","Wrong Side of Road","Other Motor Vehicle","N","N","N","N"
6021473,"N","N","Fatal","Y",2013,3.66666666666667,"Spring","N","Y","Su","N","N","Y","N","N","N","N","N","Dark - Street Lights","Head-On","Unsafe Lane Change","Parked Motor Vehicle","N","N","N","N"
6023256,"N","N","Fatal","Y",2013,23.4166666666667,"Spring","N","Y","M","Y","N","Y","N","N","N","N","N","Dark - Street Lights","Rear End","Wrong Side of Road","Parked Motor Vehicle","N","N","N","N"
6023782,"N","N","Fatal","Y",2013,13.5,"Spring","N","N","F","N","Y","Y","N","N","N","N","N","Daylight","Rear End","Driving or Bicycling Under the Influence of Alcohol or Drug","Other Motor Vehicle","N","N","N","N"
6023795,"N","N","Fatal","Y",2013,15.3333333333333,"Winter","PM","N","F","N","Y","Y","N","N","N","N","N","Daylight","Overturned","Automobile Right of Way","Non-Collision","N","N","N","N"
6023822,"N","N","Fatal","Y",2013,12,"Spring","N","N","F","N","Y","Y","N","N","N","N","N","Daylight","Sideswipe","Improper Turning","Other Motor Vehicle","N","N","N","N"
6024951,"N","N","Fatal","Y",2013,8.5,"Winter","AM","N","Th","N","Y","Y","N","N","N","N","N","Daylight","Overturned","Driving or Bicycling Under the Influence of Alcohol or Drug","Non-Collision","N","N","N","N"
6034075,"N","N","Fatal","Y",2013,12.4166666666667,"Spring","N","N","F","N","Y","Y","N","N","N","N","N","Daylight","Sideswipe","Automobile Right of Way","Other Motor Vehicle","N","N","N","N"
6037100,"N","N","Fatal","Y",2013,8.25,"Spring","N","N","Sa","N","Y","Y","N","N","N","N","Y","Daylight","Rear End","Wrong Side of Road","Other Motor Vehicle","N","N","N","N"
6037151,"N","N","Fatal","Y",2013,7.83333333333333,"Spring","AM","N","Tu","N","Y","Y","N","N","N","N","N","Daylight","Overturned","Pedestrian Right of Way","Non-Collision","N","N","N","N"
6039075,"N","N","Fatal","Y",2013,11.4333333333333,"Spring","N","N","M","N","N","N","Y","N","N","N","N","Dark - Street Lights","Hit Object","Wrong Side of Road","Fixed Object","N","N","N","N"
6039800,"N","N","Fatal","Y",2013,14.9333333333333,"Spring","N","N","M","N","Y","N","N","N","Y","N","N","Daylight","Hit Object","Code 20","Other Object","N","N","N","N"
6040351,"N","N","Fatal","Y",2013,18,"Spring","PM","N","W","N","Y","Y","N","N","N","N","N","Daylight","Sideswipe","Pedestrian Right of Way","Other Motor Vehicle","N","N","N","N"
6041177,"N","N","Fatal","Y",2013,9.83333333333333,"Spring","N","N","Th","N","Y","Y","N","N","N","N","N","Daylight","Sideswipe","Automobile Right of Way","Other Motor Vehicle","N","N","N","N"
6042760,"N","N","Fatal","Y",2013,7.58333333333333,"Spring","AM","N","Th","N","Y","Y","N","N","N","N","N","Daylight","Sideswipe","Improper Turning","Other Motor Vehicle","N","N","N","N"
6053627,"N","N","Fatal","Y",2013,15,"Spring","N","N","Su","Y","N","Y","N","N","N","N","N","Daylight","Sideswipe","Impeding Traffic","Other Motor Vehicle","Y","N","N","N"
6054340,"N","N","Fatal","Y",2013,7.16666666666667,"Spring","AM","N","W","N","Y","N","Y","N","N","N","N","Daylight","Rear End","Wrong Side of Road","Other Motor Vehicle","N","N","N","N"
6055648,"N","N","Fatal","Y",2013,15.0833333333333,"Spring","N","N","Sa","N","Y","Y","N","N","N","Y","Y","Daylight","Rear End","Code 20","Other Motor Vehicle","N","N","N","N"
6055692,"N","N","Fatal","Y",2013,19.1666666666667,"Spring","N","N","Tu","N","Y","Y","N","N","N","N","N","Daylight","Sideswipe","Automobile Right of Way","Other Motor Vehicle","N","N","N","N"
6055751,"N","N","Fatal","Y",2013,8.08333333333333,"Spring","AM","N","F","N","Y","Y","N","N","N","N","N","Daylight","Sideswipe","Automobile Right of Way","Other Motor Vehicle","N","N","N","N"
6055978,"N","N","Fatal","Y",2013,14.9166666666667,"Spring","N","N","Su","N","N","Y","N","N","N","N","N","Daylight","Rear End","Improper Passing","Other Motor Vehicle","N","N","N","N"
6056396,"N","N","Fatal","Y",2013,21.3333333333333,"Spring","N","N","F","N","N","Y","N","N","N","N","N","Dark - Street Lights","Other","Unsafe Starting or Backing","Parked Motor Vehicle","N","N","N","N"
6057694,"N","N","Fatal","Y",2013,10.25,"Spring","N","N","F","N","Y","Y","N","N","N","N","N","Daylight","Sideswipe","Automobile Right of Way","Other Motor Vehicle","N","N","N","N"
6069043,"N","N","Fatal","Y",2013,19.7,"Spring","N","N","Th","N","N","N","N","Y","N","Y","N","Dark - Street Lights","Hit Object","Wrong Side of Road","Fixed Object","Y","N","N","N"
6069128,"N","N","Fatal","Y",2013,15.1666666666667,"Spring","N","N","Su","N","Y","Y","N","N","N","N","N","Daylight","Rear End","Wrong Side of Road","Other Motor Vehicle","N","N","N","N"
6075834,"N","N","Fatal","Y",2013,17.3333333333333,"Spring","PM","N","Th","N","Y","Y","N","N","N","N","N","Daylight","Overturned","Automobile Right of Way","Non-Collision","N","N","N","N"
6087087,"N","N","Fatal","Y",2013,13.75,"Spring","N","N","Su","N","Y","Y","N","N","N","N","N","Daylight","Rear End","Wrong Side of Road","Other Motor Vehicle","N","N","N","N"
6095619,"N","N","Fatal","Y",2013,19.5833333333333,"Spring","N","N","Sa","N","N","Y","N","N","N","N","N","Dark - Street Lights","Sideswipe","Unsafe Speed","Parked Motor Vehicle","Y","N","N","N"
6100351,"N","N","Fatal","Y",2013,16,"Spring","PM","N","W","N","N","Y","N","N","N","N","N","Daylight","Rear End","Wrong Side of Road","Parked Motor Vehicle","N","N","N","N"
6101514,"N","N","Fatal","Y",2013,8.66666666666667,"Spring","AM","N","M","N","N","Y","N","N","N","N","N","Dark - Street Lights","Head-On","Driving or Bicycling Under the Influence of Alcohol or Drug","Parked Motor Vehicle","N","N","N","N"
6101597,"N","N","Fatal","Y",2013,2.1,"Spring","N","Y","Sa","N","N","Y","N","N","N","N","N","Dark - Street Lights","Sideswipe","Unsafe Speed","Other Motor Vehicle","Y","N","N","N"
6102849,"N","N","Fatal","Y",2013,22.25,"Spring","N","N","F","Y","N","Y","N","N","N","N","N","Dark - Street Lights","Broadside","Unsafe Speed","Other Motor Vehicle","Y","N","N","N"
6102921,"N","N","Fatal","Y",2013,21.25,"Spring","N","N","Th","N","N","Y","N","N","N","N","N","Dark - Street Lights","Other","Unsafe Starting or Backing","Parked Motor Vehicle","N","N","N","N"
6105099,"N","N","Fatal","Y",2013,22.3333333333333,"Spring","N","N","Sa","N","N","Y","N","N","N","N","N","Dark - Street Lights","Rear End","Unsafe Speed","Other Motor Vehicle","Y","N","N","N"
6111107,"N","N","Fatal","Y",2013,8.58333333333333,"Spring","AM","N","W","N","Y","N","Y","N","N","N","N","Daylight","Sideswipe","Wrong Side of Road","Other Motor Vehicle","N","N","N","N"
6113247,"N","N","Fatal","Y",2013,14.9166666666667,"Spring","N","N","Th","N","Y","Y","N","N","N","N","N","Daylight","Sideswipe","Wrong Side of Road","Other Motor Vehicle","N","N","N","N"
6114375,"N","N","Fatal","Y",2013,11.1666666666667,"Spring","N","N","Sa","N","Y","Y","N","N","N","N","N","Daylight","Sideswipe","Automobile Right of Way","Other Motor Vehicle","N","N","N","N"
6116080,"N","N","Fatal","Y",2013,6.7,"Spring","N","N","F","N","Y","N","Y","N","N","N","N","Daylight","Sideswipe","Automobile Right of Way","Other Motor Vehicle","N","N","N","N"
6117611,"N","N","Fatal","Y",2013,6.75,"Spring","N","N","Tu","N","Y","Y","N","N","N","N","N","Daylight","Overturned","Impeding Traffic","Non-Collision","N","N","N","N"
6119244,"N","N","Fatal","Y",2013,13.6666666666667,"Summer","N","N","Th","N","N","Y","N","N","N","N","N","Daylight","Other","Unsafe Lane Change","Other Motor Vehicle","N","N","N","N"
6122676,"N","N","Fatal","Y",2013,14.6666666666667,"Summer","N","N","F","N","Y","Y","N","N","N","N","N","Daylight","Rear End","Wrong Side of Road","Other Motor Vehicle","N","N","N","N"
6123529,"N","N","Fatal","Y",2013,13.4166666666667,"Summer","N","N","Sa","N","Y","Y","N","N","N","N","N","Daylight","Rear End","Wrong Side of Road","Other Motor Vehicle","N","N","N","N"
6123581,"N","N","Fatal","Y",2013,20.8333333333333,"Spring","N","N","Su","N","N","Y","N","N","N","N","N","Dark - Street Lights","Sideswipe","Unsafe Speed","Other Motor Vehicle","Y","N","N","N"
6125282,"N","N","Fatal","Y",2013,7.41666666666667,"Spring","AM","N","F","N","Y","Y","N","N","N","N","N","Daylight","Sideswipe","Automobile Right of Way","Other Motor Vehicle","N","N","N","N"
6125306,"N","N","Fatal","Y",2013,7.91666666666667,"Summer","AM","N","Tu","N","Y","Y","N","N","N","N","N","Daylight","Rear End","Wrong Side of Road","Other Motor Vehicle","N","N","N","N"
6128020,"N","N","Fatal","Y",2013,6.91666666666667,"Spring","N","N","M","N","Y","Y","N","N","N","N","N","Daylight","Sideswipe","Impeding Traffic","Other Motor Vehicle","N","N","N","N"
6128027,"N","N","Fatal","Y",2013,18.3,"Summer","PM","N","M","N","Y","Y","N","N","N","N","N","Daylight","Rear End","Automobile Right of Way","Other Motor Vehicle","N","N","N","N"
6128029,"N","N","Fatal","Y",2013,17.25,"Summer","PM","N","W","N","Y","Y","N","N","N","N","N","Daylight","Sideswipe","Automobile Right of Way","Other Motor Vehicle","N","N","N","N"
6129267,"N","N","Fatal","Y",2013,16.6333333333333,"Summer","PM","N","F","N","Y","Y","N","N","N","N","N","Daylight","Sideswipe","Driving or Bicycling Under the Influence of Alcohol or Drug","Other Motor Vehicle","N","N","N","N"
6134929,"N","N","Fatal","Y",2013,21.9166666666667,"Spring","N","N","W","N","N","Y","N","N","N","N","N","Dark - Street Lights","Sideswipe","Automobile Right of Way","Other Motor Vehicle","N","N","N","N"
6136926,"N","N","Fatal","Y",2013,10.5,"Summer","N","N","Th","N","N","Y","N","N","N","N","N","Daylight","Other","Code 20","Other Object","N","N","N","N"
6136927,"N","N","Fatal","Y",2013,10.1666666666667,"Summer","N","N","W","N","N","Y","N","N","N","N","N","Daylight","Sideswipe","Automobile Right of Way","Other Motor Vehicle","N","N","N","N"
6137641,"N","N","Fatal","Y",2013,23.1666666666667,"Summer","N","Y","Th","N","N","Y","N","N","N","N","N","Dark - Street Lights","Rear End","Pedestrian Right of Way","Parked Motor Vehicle","N","N","N","N"
6139324,"N","N","Fatal","Y",2013,7.58333333333333,"Summer","AM","N","Th","N","Y","Y","N","N","N","N","N","Daylight","Hit Object","Pedestrian Right of Way","Fixed Object","N","N","N","N"
6139505,"N","N","Fatal","Y",2013,9.91666666666667,"Summer","N","N","M","N","Y","Y","N","N","N","N","N","Daylight","Rear End","Wrong Side of Road","Other Motor Vehicle","N","N","N","N"
6139593,"N","N","Fatal","Y",2013,13.8333333333333,"Summer","N","N","Tu","N","Y","Y","N","N","N","N","N","Daylight","Sideswipe","Automobile Right of Way","Other Motor Vehicle","N","N","N","N"
6142712,"N","N","Fatal","Y",2013,12.9166666666667,"Summer","N","N","Su","N","Y","Y","N","N","N","N","N","Daylight","Rear End","Automobile Right of Way","Other Motor Vehicle","N","N","N","N"
6147170,"N","N","Fatal","Y",2013,18.4333333333333,"Summer","PM","N","Tu","N","Y","Y","N","N","N","N","N","Daylight","Sideswipe","Pedestrian Right of Way","Other Motor Vehicle","N","N","N","N"
6149559,"N","N","Fatal","Y",2013,0.0833333333333333,"Summer","N","Y","Su","N","N","Y","N","N","N","N","N","Dark - Street Lights","Sideswipe","Automobile Right of Way","Parked Motor Vehicle","N","N","N","N"
6150213,"N","N","Fatal","Y",2013,18.3333333333333,"Summer","PM","N","M","N","Y","Y","N","N","N","N","N","Daylight","Rear End","Unsafe Starting or Backing","Other Motor Vehicle","N","N","N","N"
6151569,"N","N","Fatal","Y",2013,17.8333333333333,"Summer","PM","N","F","N","Y","Y","N","N","N","N","N","Daylight","Sideswipe","Automobile Right of Way","Other Motor Vehicle","N","N","N","N"
6156381,"N","N","Fatal","Y",2013,15,"Summer","PM","N","W","N","N","Y","N","N","N","N","N","Daylight","Sideswipe","Impeding Traffic","Parked Motor Vehicle","N","N","N","N"
6159184,"N","N","Fatal","Y",2013,13.9,"Summer","N","N","F","N","Y","Y","N","N","N","N","N","Daylight","Hit Object","Pedestrian Right of Way","Fixed Object","N","Y","N","N"
6159198,"N","N","Fatal","Y",2013,6.75,"Summer","N","N","Th","N","Y","Y","N","N","N","N","N","Daylight","Rear End","Automobile Right of Way","Other Motor Vehicle","N","N","N","N"
6159570,"N","N","Fatal","Y",2013,15.7333333333333,"Summer","PM","N","W","N","Y","Y","N","N","N","N","N","Daylight","Sideswipe","Pedestrian Right of Way","Other Motor Vehicle","N","N","N","N"
6163832,"N","N","Fatal","Y",2013,11.25,"Summer","N","N","Th","N","N","Y","N","N","N","N","N","Daylight","Sideswipe","Pedestrian Right of Way","Other Motor Vehicle","N","N","N","N"
6163963,"N","N","Fatal","Y",2013,19.75,"Summer","N","N","Su","N","Y","Y","N","N","N","N","N","Daylight","Rear End","Unsafe Speed","Other Motor Vehicle","Y","N","N","N"
6164847,"N","N","Fatal","Y",2013,10.75,"Summer","N","N","M","N","Y","Y","N","N","N","N","Y","Daylight","Rear End","Wrong Side of Road","Other Motor Vehicle","N","N","N","N"
6170750,"N","N","Fatal","Y",2013,12,"Summer","N","N","Th","N","N","N","Y","N","N","N","N","Daylight","Other","Unsafe Starting or Backing","Parked Motor Vehicle","N","N","N","N"
6173576,"N","N","Fatal","Y",2013,2.16666666666667,"Summer","N","Y","M","N","Y","Y","N","N","N","N","N","Dark - Street Lights","Overturned","Unsafe Speed","Fixed Object","Y","N","N","N"
6176012,"N","N","Fatal","Y",2013,16.25,"Summer","PM","N","W","Y","N","Y","N","N","N","N","N","Daylight","Head-On","Pedestrian Violation","Other Motor Vehicle","N","N","N","N"
6176553,"N","N","Fatal","Y",2013,20.75,"Summer","N","N","Sa","Y","N","N","Y","N","N","N","N","Dark - Street Lights","Rear End","Unsafe Speed","Other Motor Vehicle","Y","N","N","N"
6179514,"N","N","Fatal","Y",2013,18.1666666666667,"Summer","N","N","Su","N","N","Y","N","N","N","N","N","Dusk or Dawn","Sideswipe","Unsafe Starting or Backing","Parked Motor Vehicle","Y","N","N","N"
6185220,"N","N","Fatal","Y",2013,13.5833333333333,"Summer","N","N","M","N","N","Y","N","N","N","N","N","Dark - Street Lights","Sideswipe","Other Improper Driving","Parked Motor Vehicle","N","N","N","N"
6189538,"N","N","Fatal","Y",2013,16.0833333333333,"Summer","PM","N","W","N","Y","Y","N","N","N","N","N","Daylight","Sideswipe","Pedestrian Right of Way","Other Motor Vehicle","N","N","N","N"
6192859,"N","N","Fatal","Y",2013,22.0333333333333,"Summer","N","N","Sa","Y","N","Y","N","N","N","N","N","Dark - Street Lights","Rear End","Wrong Side of Road","Parked Motor Vehicle","Y","N","N","N"
6194077,"N","N","Fatal","Y",2013,11.4166666666667,"Summer","N","N","W","N","Y","Y","N","N","N","N","N","Daylight","Sideswipe","Wrong Side of Road","Other Motor Vehicle","N","N","N","N"
6196784,"N","N","Fatal","Y",2013,14.25,"Summer","N","N","F","Y","N","Y","N","N","N","N","N","Daylight","Broadside","Pedestrian Violation","Other Motor Vehicle","N","N","N","N"
6199617,"N","N","Fatal","Y",2013,1.5,"Summer","N","Y","Sa","Y","N","Y","N","N","N","N","N","Dark - Street Lights","Broadside","Pedestrian Violation","Other Motor Vehicle","Y","N","N","N"
6201189,"N","N","Fatal","Y",2013,15.25,"Summer","PM","N","Th","N","Y","Y","N","N","N","N","N","Daylight","Rear End","Wrong Side of Road","Other Motor Vehicle","N","N","N","N"
6207165,"N","N","Fatal","Y",2013,20.75,"Summer","N","N","Th","N","N","Y","N","N","N","N","N","Dark - Street Lights","Broadside","Unsafe Starting or Backing","Parked Motor Vehicle","N","N","N","N"
6208566,"N","N","Fatal","Y",2013,21.75,"Fall","N","N","W","Y","N","Y","N","N","N","N","N","Dark - Street Lights","Sideswipe","Pedestrian Right of Way","Other Motor Vehicle","N","N","N","N"
6212109,"N","N","Fatal","Y",2013,1.16666666666667,"Summer","N","Y","Sa","Y","N","Y","N","N","N","N","N","Daylight","Broadside","Unsafe Speed","Other Motor Vehicle","Y","N","N","N"
6213008,"N","N","Fatal","Y",2013,14.75,"Summer","N","N","Tu","N","N","Y","N","N","N","N","N","Daylight","Rear End","Improper Passing","Other Motor Vehicle","N","N","N","N"
6216918,"N","N","Fatal","Y",2013,19.4166666666667,"Fall","N","N","Tu","Y","N","Y","N","N","N","N","N","Dark - No Street Lights","Rear End","Code 19","Other Motor Vehicle","Y","N","N","N"
6221732,"N","N","Fatal","Y",2013,16.75,"Fall","PM","N","Th","N","N","Y","N","N","N","N","N","Daylight","Sideswipe","Wrong Side of Road","Parked Motor Vehicle","N","N","N","N"
6223398,"N","N","Fatal","Y",2013,17.4333333333333,"Fall","PM","N","M","N","Y","Y","N","N","N","N","N","Daylight","Sideswipe","Automobile Right of Way","Other Motor Vehicle","N","N","N","N"
6223597,"N","N","Fatal","Y",2013,20.1666666666667,"Summer","N","N","Tu","N","Y","Y","N","N","N","N","N","Dark - Street Lights","Broadside","Pedestrian Violation","Bicycle","N","N","N","Y"
6224433,"N","N","Fatal","Y",2013,16.5,"Fall","PM","N","W","N","N","Y","N","N","N","N","N","Daylight","Broadside","Pedestrian Right of Way","Other Motor Vehicle","N","N","N","N"
6230904,"N","N","Fatal","Y",2013,19.7666666666667,"Fall","N","N","F","N","Y","Y","N","N","N","N","N","Dark - No Street Lights","Sideswipe","Wrong Side of Road","Other Motor Vehicle","N","N","N","N"
6230955,"N","N","Fatal","Y",2013,8.5,"Fall","AM","N","M","N","Y","Y","N","N","N","N","N","Daylight","Sideswipe","Automobile Right of Way","Other Motor Vehicle","N","N","N","N"
6234615,"N","N","Fatal","Y",2013,21.9166666666667,"Fall","N","N","Th","N","N","Y","N","N","N","N","N","Dark - Street Lights","Broadside","Unsafe Starting or Backing","Parked Motor Vehicle","N","N","N","N"
6234623,"N","N","Fatal","Y",2013,17.5,"Fall","N","N","Sa","N","N","Y","N","N","N","N","Y","Daylight","Broadside","Wrong Side of Road","Parked Motor Vehicle","Y","N","N","N"
6237968,"N","N","Fatal","Y",2013,8.33333333333333,"Fall","AM","N","F","N","Y","Y","N","N","N","N","N","Daylight","Rear End","Wrong Side of Road","Other Motor Vehicle","N","N","N","N"