"CASE_ID","mc_killed","mc_injured","collision_severity","severe","accident_year","hours_since_midnight","season","rush_hour","late_night","day_of_week","intersection","state_hwy_ind","w_clear","w_cloudy","w_rainy","w_other","road_not_dry","road_condition_issue","lighting","type_of_collision","pcf_viol_category","mviw","alcohol_involved","truck_accident","pedestrian_accident","bicycle_accident"
6344946,"N","Y","Injury (Complaint of Pain)","N",2014,18.5,"Winter","PM","N","Tu","Y","N","Y","N","N","N","N","N","Dark - Street Lights","Sideswipe","Automobile Right of Way","Other Motor Vehicle","N","N","N","N"
6346392,"N","Y","Injury (Complaint of Pain)","N",2014,16.3333333333333,"Winter","N","N","Sa","N","N","Y","N","N","N","N","N","Daylight","Rear End","Improper Passing","Other Motor Vehicle","N","N","N","N"
6346421,"N","Y","PDO (property damage only)","N",2014,7.5,"Winter","AM","N","W","Y","N","Y","N","N","N","N","N","Daylight","Other","Pedestrian Violation","Non-Collision","N","N","N","N"
6348099,"N","Y","PDO (property damage only)","N",2014,11.8333333333333,"Winter","N","N","F","Y","N","Y","N","N","N","N","N","Daylight","Broadside","Lights","Other Motor Vehicle","N","N","N","N"
6352268,"N","Y","PDO (property damage only)","N",2014,16,"Winter","PM","N","Tu","N","Y","Y","N","N","N","N","N","Daylight","Overturned","Pedestrian Right of Way","Non-Collision","N","N","N","N"
6352304,"N","Y","Injury (Complaint of Pain)","N",2014,15.4166666666667,"Winter","PM","N","Th","N","Y","Y","N","N","N","N","N","Daylight","Sideswipe","Automobile Right of Way","Other Motor Vehicle","N","N","N","N"
6352320,"N","Y","Injury (Complaint of Pain)","N",2014,19.0833333333333,"Winter","N","N","M","N","Y","Y","N","N","N","N","N","Daylight","Rear End","Wrong Side of Road","Other Motor Vehicle","N","N","N","N"
6356437,"N","Y","PDO (property damage only)","N",2014,18.3333333333333,"Winter","PM","N","Th","Y","N","Y","N","N","N","N","N","Dark - Street Lights","Broadside","Wrong Side of Road","Other Motor Vehicle","N","N","N","N"
6356445,"N","Y","Injury (Complaint of Pain)","N",2014,20.5833333333333,"Winter","N","N","Su","N","N","Y","N","N","N","N","N","Dark - Street Lights","Broadside","Pedestrian Violation","Other Motor Vehicle","N","N","N","N"
6358062,"N","Y","PDO (property damage only)","N",2014,17.5,"Winter","PM","N","M","N","N","Y","N","N","N","N","N","Dark - Street Lights","Head-On","Pedestrian Right of Way","Other Motor Vehicle","N","N","N","N"
6359288,"N","Y","PDO (property damage only)","N",2014,17,"Winter","PM","N","Tu","N","N","Y","N","N","N","N","N","Daylight","Sideswipe","Driving or Bicycling Under the Influence of Alcohol or Drug","Other Motor Vehicle","N","N","N","N"
6361014,"N","Y","PDO (property damage only)","N",2014,12.1666666666667,"Winter","N","N","Su","Y","N","Y","N","N","N","N","N","Daylight","Broadside","Automobile Right of Way","Other Motor Vehicle","N","N","N","N"
6363012,"N","N","Fatal","Y",2014,16,"Winter","PM","N","W","N","N","Y","N","N","N","N","N","Daylight","Sideswipe","Wrong Side of Road","Other Motor Vehicle","N","N","N","N"
6363167,"N","Y","Injury (Complaint of Pain)","N",2014,17.3333333333333,"Winter","PM","N","F","N","N","Y","N","N","N","N","N","Dark - Street Lights","Broadside","Pedestrian Violation","Other Motor Vehicle","N","N","N","N"
6363191,"N","N","Fatal","Y",2014,9.66666666666667,"Winter","N","N","Th","N","N","Y","N","N","N","N","N","Daylight","Other","Unsafe Speed","Non-Collision","Y","N","N","N"
6363219,"N","Y","Injury (Complaint of Pain)","N",2014,14.75,"Winter","N","N","W","N","N","Y","N","N","N","N","N","Daylight","Hit Object","Wrong Side of Road","Fixed Object","N","N","N","N"
6363461,"N","Y","Injury (Other Visible)","N",2014,17.25,"Winter","PM","N","Tu","Y","N","Y","N","N","N","N","N","Dusk or Dawn","Broadside","Pedestrian Violation","Other Motor Vehicle","N","N","N","N"
6367400,"N","Y","Injury (Other Visible)","N",2014,10.9166666666667,"Winter","N","N","F","Y","N","N","Y","N","N","N","N","Daylight","Broadside","Pedestrian Violation","Other Motor Vehicle","N","N","N","N"
6370246,"N","Y","Injury (Other Visible)","N",2014,13.4166666666667,"Winter","N","N","Th","N","N","Y","N","N","N","N","N","Daylight","Broadside","Pedestrian Violation","Other Motor Vehicle","N","N","N","N"
6371140,"N","Y","PDO (property damage only)","N",2014,19.5833333333333,"Winter","N","N","Tu","Y","N","Y","N","N","N","N","N","Dark - Street Lights","Broadside","Pedestrian Violation","Other Motor Vehicle","N","N","N","N"
6371411,"N","Y","PDO (property damage only)","N",2014,11.75,"Winter","N","N","Sa","N","N","Y","N","N","N","N","N","Daylight","Broadside","Pedestrian Violation","Other Motor Vehicle","N","N","N","N"
6371427,"N","Y","PDO (property damage only)","N",2014,20.4166666666667,"Winter","N","N","Sa","N","N","Y","N","N","N","N","N","Dark - Street Lights","Rear End","Improper Passing","Other Motor Vehicle","N","N","N","N"
6371552,"N","Y","Injury (Complaint of Pain)","N",2014,16.6666666666667,"Winter","PM","N","F","N","N","Y","N","N","N","N","N","Daylight","Broadside","Pedestrian Violation","Other Motor Vehicle","N","N","N","N"
6372520,"N","Y","Injury (Complaint of Pain)","N",2014,18.5,"Winter","PM","N","Th","N","Y","Y","N","N","N","N","N","Dark - Street Lights","Rear End","Wrong Side of Road","Other Motor Vehicle","N","N","N","N"
6372569,"N","N","Fatal","Y",2014,15.3333333333333,"Winter","PM","N","F","N","Y","Y","N","N","N","N","N","Daylight","Sideswipe","Automobile Right of Way","Other Motor Vehicle","N","N","N","N"
6373328,"N","Y","PDO (property damage only)","N",2014,10.6666666666667,"Winter","N","N","Sa","N","N","Y","N","N","N","N","N","Daylight","Broadside","Pedestrian Violation","Other Motor Vehicle","N","N","N","N"
6373356,"N","Y","PDO (property damage only)","N",2014,14.75,"Winter","N","N","Th","Y","Y","Y","N","N","N","N","N","Daylight","Sideswipe","Wrong Side of Road","Other Motor Vehicle","N","N","N","N"
6376454,"N","N","Fatal","Y",2014,9,"Winter","AM","N","Tu","N","Y","N","Y","N","N","N","N","Daylight","Sideswipe","Wrong Side of Road","Other Motor Vehicle","N","N","N","N"
6376588,"N","Y","PDO (property damage only)","N",2014,7,"Winter","AM","N","W","N","Y","Y","N","N","N","N","N","Daylight","Sideswipe","Pedestrian Right of Way","Other Motor Vehicle","N","N","N","N"
6377188,"N","N","Fatal","Y",2014,17.25,"Winter","PM","N","W","N","Y","Y","N","N","N","N","N","Dusk or Dawn","Rear End","Automobile Right of Way","Other Motor Vehicle","N","N","N","N"
6377539,"N","Y","PDO (property damage only)","N",2014,13,"Winter","N","N","Tu","N","N","Y","N","N","N","N","N","Daylight","Other","Wrong Side of Road","Other Object","N","N","N","N"
6377596,"N","Y","PDO (property damage only)","N",2014,0.166666666666667,"Winter","N","Y","Tu","N","N","Y","N","N","N","N","N","Dark - No Street Lights","Hit Object","Wrong Side of Road","Fixed Object","N","N","N","N"
6377639,"N","Y","PDO (property damage only)","N",2014,15.0833333333333,"Winter","PM","N","M","Y","N","Y","N","N","N","N","N","Daylight","Broadside","Pedestrian Violation","Other Motor Vehicle","N","N","N","N"
6377718,"N","Y","PDO (property damage only)","N",2014,9.58333333333333,"Winter","N","N","M","N","N","Y","N","N","N","N","N","Daylight","Broadside","Pedestrian Violation","Other Motor Vehicle","N","N","N","N"
6377747,"N","Y","PDO (property damage only)","N",2014,14,"Winter","N","N","Tu","N","N","Y","N","N","N","N","N","Daylight","Broadside","Pedestrian Violation","Other Motor Vehicle","N","N","N","N"
6377834,"N","Y","Injury (Other Visible)","N",2014,18.8333333333333,"Winter","PM","N","M","Y","N","Y","N","N","N","N","N","Dark - Street Lights","Broadside","Wrong Side of Road","Other Motor Vehicle","N","N","N","N"
6378781,"N","N","Fatal","Y",2014,5.06666666666667,"Winter","N","N","M","N","Y","Y","N","N","N","N","N","Dark - No Street Lights","Broadside","Code 20","Other Motor Vehicle","N","N","N","N"
6378785,"N","N","Fatal","Y",2014,5.05,"Winter","N","N","M","N","Y","Y","N","N","N","N","N","Dark - No Street Lights","Sideswipe","Code 20","Other Motor Vehicle","N","N","N","N"
6378789,"N","N","Fatal","Y",2014,5.03333333333333,"Winter","N","N","M","N","Y","Y","N","N","N","N","N","Dark - No Street Lights","Sideswipe","Code 20","Other Motor Vehicle","N","N","N","N"
6378793,"N","N","Fatal","Y",2014,5.01666666666667,"Winter","N","N","M","N","Y","Y","N","N","N","N","N","Dark - No Street Lights","Sideswipe","Code 20","Other Motor Vehicle","N","N","N","N"
6379851,"N","Y","PDO (property damage only)","N",2014,8.83333333333333,"Winter","AM","N","M","N","Y","Y","N","N","N","N","N","Daylight","Sideswipe","Automobile Right of Way","Other Motor Vehicle","N","N","N","N"
6379888,"N","Y","PDO (property damage only)","N",2014,14.25,"Winter","N","N","W","N","Y","Y","N","N","N","N","N","Daylight","Rear End","Wrong Side of Road","Other Motor Vehicle","N","N","N","N"
6380007,"N","N","PDO (property damage only)","N",2014,9.15,"Winter","N","N","F","N","Y","N","Y","N","N","N","N","Daylight","Sideswipe","Wrong Side of Road","Other Motor Vehicle","N","Y","N","N"
6380047,"N","Y","Injury (Complaint of Pain)","N",2014,7.58333333333333,"Winter","AM","N","M","N","Y","Y","N","N","N","N","N","Daylight","Sideswipe","Automobile Right of Way","Other Motor Vehicle","N","Y","N","N"
6380783,"N","Y","PDO (property damage only)","N",2014,17.4166666666667,"Winter","PM","N","Tu","N","N","N","Y","N","N","N","N","Dark - Street Lights","Sideswipe","Automobile Right of Way","Other Motor Vehicle","N","N","N","N"
6380927,"N","N","Fatal","Y",2014,18.5,"Winter","PM","N","Tu","N","N","Y","N","N","N","N","N","Dark - Street Lights","Sideswipe","Wrong Side of Road","Parked Motor Vehicle","N","N","N","N"
6381771,"N","Y","Injury (Complaint of Pain)","N",2014,18,"Winter","PM","N","M","N","N","Y","N","N","N","N","N","Dark - Street Lights","Hit Object","Pedestrian Violation","Motor Vehicle on Other Roadway","N","N","N","N"
6381962,"N","Y","Injury (Complaint of Pain)","N",2014,11.4166666666667,"Winter","N","N","Sa","Y","N","Y","N","N","N","N","N","Daylight","Other","Pedestrian Violation","Motor Vehicle on Other Roadway","N","N","N","N"
6381997,"N","Y","Injury (Complaint of Pain)","N",2014,20.4166666666667,"Winter","N","N","M","N","N","Y","N","N","N","N","N","Dark - Street Lights","Sideswipe","Pedestrian Right of Way","Other Motor Vehicle","N","N","N","N"
6382044,"N","Y","PDO (property damage only)","N",2014,7.33333333333333,"Winter","AM","N","W","N","Y","Y","N","N","N","N","N","Daylight","Rear End","Automobile Right of Way","Other Motor Vehicle","N","N","N","N"
6382278,"N","Y","PDO (property damage only)","N",2014,9.66666666666667,"Winter","N","N","W","N","Y","Y","N","N","N","N","N","Daylight","Rear End","Wrong Side of Road","Other Motor Vehicle","N","N","N","N"
6383681,"N","Y","Injury (Complaint of Pain)","N",2014,6.33333333333333,"Winter","N","N","Th","N","Y","Y","N","N","N","N","N","Daylight","Sideswipe","Automobile Right of Way","Other Motor Vehicle","N","N","N","N"
6385792,"N","Y","Injury (Complaint of Pain)","N",2014,16.2833333333333,"Winter","N","N","Sa","N","Y","Y","N","N","N","N","N","Daylight","Overturned","Wrong Side of Road","Non-Collision","N","N","N","N"
6386093,"N","N","Fatal","Y",2014,8.25,"Winter","AM","N","M","N","Y","Y","N","N","N","N","N","Daylight","Rear End","Wrong Side of Road","Other Motor Vehicle","N","N","N","N"
6386649,"N","Y","PDO (property damage only)","N",2014,9.41666666666667,"Winter","N","N","F","N","N","Y","N","N","N","N","N","Daylight","Hit Object","Wrong Side of Road","Fixed Object","N","N","N","N"
6386677,"N","Y","Injury (Other Visible)","N",2014,22.3333333333333,"Winter","N","N","F","Y","N","Y","N","N","N","N","N","Dark - Street Lights","Broadside","Pedestrian Violation","Motor Vehicle on Other Roadway","N","N","N","N"
6386688,"N","Y","PDO (property damage only)","N",2014,15.3333333333333,"Winter","PM","N","W","Y","N","Y","N","N","N","N","N","Daylight","Broadside","Pedestrian Violation","Other Motor Vehicle","N","N","N","N"
6387019,"N","N","Fatal","Y",2014,1,"Winter","N","Y","M","N","N","Y","N","N","N","N","N","Dark - Street Lights","Sideswipe","Wrong Side of Road","Other Motor Vehicle","N","N","N","N"
6387291,"N","Y","Injury (Complaint of Pain)","N",2014,15.8333333333333,"Winter","PM","N","M","N","Y","Y","N","N","N","N","N","Daylight","Rear End","Automobile Right of Way","Other Motor Vehicle","N","N","N","N"
6387304,"N","Y","Injury (Complaint of Pain)","N",2014,16.75,"Winter","PM","N","Th","N","Y","Y","N","N","N","N","N","Daylight","Hit Object","Wrong Side of Road","Other Object","N","N","N","N"
6387339,"N","Y","PDO (property damage only)","N",2014,10.0333333333333,"Winter","N","N","F","N","Y","Y","N","N","N","N","N","Daylight","Rear End","Wrong Side of Road","Other Motor Vehicle","N","N","N","N"
6387351,"N","Y","Injury (Other Visible)","N",2014,17.5,"Winter","PM","N","Tu","N","Y","Y","N","N","N","N","N","Dark - Street Lights","Rear End","Wrong Side of Road","Other Motor Vehicle","N","N","N","N"
6387869,"N","Y","Injury (Complaint of Pain)","N",2014,5,"Winter","N","Y","M","N","Y","Y","N","N","N","N","N","Dark - No Street Lights","Rear End","Automobile Right of Way","Other Motor Vehicle","N","N","N","N"
6387974,"N","Y","PDO (property damage only)","N",2014,13.25,"Winter","N","N","M","N","Y","Y","N","N","N","N","N","Daylight","Sideswipe","Automobile Right of Way","Other Motor Vehicle","N","N","N","N"
6387982,"N","Y","Injury (Complaint of Pain)","N",2014,17.9666666666667,"Winter","PM","N","W","N","Y","Y","N","N","N","N","N","Dusk or Dawn","Sideswipe","Automobile Right of Way","Other Motor Vehicle","N","N","N","N"
6388064,"N","N","Fatal","Y",2014,9,"Winter","AM","N","F","N","Y","Y","N","N","N","N","N","Daylight","Overturned","Pedestrian Right of Way","Non-Collision","N","N","N","N"
6388092,"N","Y","Injury (Complaint of Pain)","N",2014,17.25,"Winter","PM","N","Tu","N","N","Y","N","N","N","N","N","Dark - Street Lights","Sideswipe","Pedestrian Right of Way","Other Motor Vehicle","N","N","N","N"
6388108,"N","Y","Injury (Complaint of Pain)","N",2014,10,"Winter","N","N","M","N","N","Y","N","N","N","N","N","Daylight","Rear End","Improper Passing","Other Motor Vehicle","N","N","N","N"
6388116,"N","Y","Injury (Complaint of Pain)","N",2014,7.75,"Winter","AM","N","Tu","N","N","Y","N","N","N","N","N","Daylight","Sideswipe","Pedestrian Violation","Other Motor Vehicle","N","N","N","N"
6388520,"N","N","Fatal","Y",2014,8.16666666666667,"Winter","AM","N","F","N","Y","Y","N","N","N","N","N","Daylight","Overturned","Wrong Side of Road","Non-Collision","N","N","N","N"
6388663,"N","Y","PDO (property damage only)","N",2014,13.45,"Winter","N","N","Su","N","Y","N","Y","N","N","N","N","Daylight","Sideswipe","Driving or Bicycling Under the Influence of Alcohol or Drug","Other Motor Vehicle","N","N","N","N"
6388703,"N","Y","Injury (Complaint of Pain)","N",2014,12.3333333333333,"Winter","N","N","Sa","N","Y","Y","N","N","N","N","N","Daylight","Sideswipe","Automobile Right of Way","Other Motor Vehicle","N","N","N","N"
6389469,"N","N","Injury (Complaint of Pain)","N",2014,10.4166666666667,"Winter","N","N","Th","N","N","Y","N","N","N","N","N","Daylight","Broadside","Pedestrian Violation","Bicycle","N","N","N","Y"
6389683,"N","Y","PDO (property damage only)","N",2014,15.8333333333333,"Winter","N","N","Su","Y","N","Y","N","N","N","N","N","Daylight","Broadside","Pedestrian Violation","Other Motor Vehicle","N","N","N","N"
6390045,"N","Y","PDO (property damage only)","N",2014,14.5833333333333,"Winter","N","N","Th","N","Y","Y","N","N","N","N","N","Daylight","Sideswipe","Wrong Side of Road","Other Motor Vehicle","N","N","N","N"
6390430,"N","Y","PDO (property damage only)","N",2014,7.58333333333333,"Winter","AM","N","M","N","Y","Y","N","N","N","N","N","Daylight","Rear End","Wrong Side of Road","Other Motor Vehicle","N","N","N","N"
6390446,"N","Y","PDO (property damage only)","N",2014,19.0333333333333,"Winter","N","N","F","N","Y","N","Y","N","N","N","N","Dark - No Street Lights","Hit Object","Pedestrian Right of Way","Fixed Object","N","N","N","N"
6392292,"N","Y","PDO (property damage only)","N",2014,13.3333333333333,"Winter","N","N","W","N","N","Y","N","N","N","N","N","Daylight","Broadside","Pedestrian Violation","Other Motor Vehicle","N","N","N","N"
6392340,"N","Y","Injury (Complaint of Pain)","N",2014,17.3333333333333,"Winter","PM","N","Tu","N","N","Y","N","N","N","N","N","Dusk or Dawn","Head-On","Pedestrian Right of Way","Other Object","N","N","N","N"
6392739,"N","Y","PDO (property damage only)","N",2014,14.75,"Winter","N","N","W","N","N","Y","N","N","N","N","N","Daylight","Rear End","Automobile Right of Way","Parked Motor Vehicle","N","N","N","N"
6393402,"N","Y","Injury (Other Visible)","N",2014,18,"Winter","PM","N","M","Y","N","Y","N","N","N","N","N","Dark - Street Lights","Other","Pedestrian Violation","Other Object","N","N","N","N"
6393409,"N","Y","PDO (property damage only)","N",2014,6.61666666666667,"Winter","N","N","M","N","Y","Y","N","N","N","N","N","Dusk or Dawn","Rear End","Wrong Side of Road","Other Motor Vehicle","N","N","N","N"
6393422,"N","N","PDO (property damage only)","N",2014,23.9166666666667,"Winter","N","Y","F","N","N","Y","N","N","N","N","N","Dark - Street Lights","Head-On","Unsafe Lane Change","Other Motor Vehicle","N","N","N","N"
6393607,"N","Y","Injury (Complaint of Pain)","N",2014,20.4166666666667,"Winter","N","N","Su","N","N","N","N","Y","N","Y","N","Dark - Street Lights","Rear End","Unsafe Speed","Other Motor Vehicle","Y","N","N","N"
6393701,"N","N","Injury (Complaint of Pain)","N",2014,11.6666666666667,"Winter","N","N","Su","Y","N","Y","N","N","N","N","N","Daylight","Broadside","Lights","Other Motor Vehicle","N","N","N","N"
6395456,"N","N","Fatal","Y",2014,10.75,"Winter","N","N","Su","N","Y","Y","N","N","N","N","N","Daylight","Rear End","Wrong Side of Road","Other Motor Vehicle","N","N","N","N"
6395602,"N","Y","PDO (property damage only)","N",2014,12.1666666666667,"Winter","N","N","W","N","N","Y","N","N","N","N","N","Daylight","Broadside","Pedestrian Right of Way","Other Motor Vehicle","N","N","N","N"
6395828,"N","N","Fatal","Y",2014,18.75,"Winter","N","N","Sa","N","Y","Y","N","N","N","N","N","Dark - Street Lights","Rear End","Wrong Side of Road","Other Motor Vehicle","N","N","N","N"
6395984,"N","Y","Injury (Complaint of Pain)","N",2014,15.25,"Winter","PM","N","W","N","N","Y","N","N","N","N","N","Daylight","Rear End","Automobile Right of Way","Other Motor Vehicle","N","N","N","N"
6396002,"N","Y","Injury (Complaint of Pain)","N",2014,14.5,"Winter","N","N","Sa","N","Y","Y","N","N","N","N","N","Daylight","Hit Object","Pedestrian Right of Way","Fixed Object","N","N","N","N"
6396009,"N","Y","PDO (property damage only)","N",2014,9,"Winter","AM","N","W","N","Y","Y","N","N","N","N","N","Daylight","Sideswipe","Automobile Right of Way","Other Motor Vehicle","N","N","N","N"
6396013,"N","Y","Injury (Complaint of Pain)","N",2014,17.8666666666667,"Winter","N","N","Sa","N","Y","Y","N","N","N","N","N","Daylight","Rear End","Wrong Side of Road","Other Motor Vehicle","N","N","N","N"
6396049,"N","Y","Injury (Complaint of Pain)","N",2014,15.5,"Winter","N","N","Sa","N","Y","Y","N","N","N","N","N","Daylight","Overturned","Pedestrian Right of Way","Non-Collision","N","N","N","N"
6396050,"N","Y","Injury (Other Visible)","N",2014,5.66666666666667,"Winter","N","N","W","N","Y","Y","N","N","N","N","N","Dark - No Street Lights","Rear End","Wrong Side of Road","Other Motor Vehicle","N","N","N","N"
6397319,"N","Y","PDO (property damage only)","N",2014,18.75,"Winter","PM","N","Th","N","N","Y","N","N","N","N","N","Dark - Street Lights","Sideswipe","Automobile Right of Way","Other Motor Vehicle","N","N","N","N"
6397322,"N","Y","Injury (Complaint of Pain)","N",2014,10.3333333333333,"Winter","N","N","W","N","Y","Y","N","N","N","N","N","Daylight","Sideswipe","Automobile Right of Way","Other Motor Vehicle","N","N","N","N"
6397330,"N","Y","PDO (property damage only)","N",2014,20.1666666666667,"Winter","N","N","W","N","Y","Y","N","N","N","N","N","Dark - Street Lights","Sideswipe","Automobile Right of Way","Other Motor Vehicle","N","N","N","N"
6398260,"N","N","Fatal","Y",2014,21,"Winter","N","N","F","N","N","Y","N","N","N","N","N","Dark - Street Lights","Sideswipe","Wrong Side of Road","Parked Motor Vehicle","N","N","N","N"
6398354,"N","N","Fatal","Y",2014,13.8333333333333,"Winter","N","N","Sa","N","Y","Y","N","N","N","N","N","Daylight","Rear End","Wrong Side of Road","Other Motor Vehicle","N","N","N","N"
6398382,"N","N","Fatal","Y",2014,16.0833333333333,"Winter","PM","N","F","N","Y","Y","N","N","N","N","N","Daylight","Rear End","Wrong Side of Road","Other Motor Vehicle","N","N","N","N"
6398397,"N","N","Fatal","Y",2014,15,"Winter","PM","N","F","N","N","Y","N","N","N","N","N","Daylight","Rear End","Impeding Traffic","Other Motor Vehicle","N","N","N","N"
6398453,"N","N","Fatal","Y",2014,14.6666666666667,"Winter","N","N","Th","N","N","Y","N","N","N","N","N","Daylight","Broadside","Unsafe Starting or Backing","Parked Motor Vehicle","Y","N","N","N"
6398510,"N","Y","Injury (Complaint of Pain)","N",2014,22.5,"Winter","N","N","F","N","N","Y","N","N","N","N","N","Dark - Street Lights","Rear End","Wrong Side of Road","Other Motor Vehicle","N","N","N","N"
6398516,"N","Y","Injury (Complaint of Pain)","N",2014,2.5,"Winter","N","Y","Th","Y","N","Y","N","N","N","N","N","Dark - Street Lights","Broadside","Unsafe Speed","Other Motor Vehicle","Y","N","N","N"
6398527,"N","Y","Injury (Complaint of Pain)","N",2014,17.5,"Winter","N","N","Sa","N","N","Y","N","N","N","N","N","Dark - Street Lights","Broadside","Pedestrian Right of Way","Other Motor Vehicle","N","N","N","N"
6398537,"N","Y","PDO (property damage only)","N",2014,19.5833333333333,"Winter","N","N","Th","N","N","Y","N","N","N","N","N","Dark - Street Lights","Broadside","Pedestrian Violation","Other Motor Vehicle","N","N","N","N"
6398593,"N","Y","Injury (Complaint of Pain)","N",2014,11.3333333333333,"Winter","N","N","Sa","N","N","Y","N","N","N","N","N","Daylight","Other","Wrong Side of Road","Other Object","N","N","N","N"
6398670,"N","Y","Injury (Complaint of Pain)","N",2014,19.3333333333333,"Winter","N","N","M","N","N","Y","N","N","N","N","N","Dark - Street Lights","Rear End","Wrong Side of Road","Other Motor Vehicle","N","N","N","N"
6398717,"N","Y","Injury (Complaint of Pain)","N",2014,21.6666666666667,"Winter","N","N","Sa","N","N","Y","N","N","N","N","N","Dark - No Street Lights","Hit Object","Unsafe Speed","Fixed Object","Y","N","N","N"
6399542,"N","N","Fatal","Y",2014,14.75,"Winter","N","N","W","N","Y","Y","N","N","N","N","N","Daylight","Other","Pedestrian Right of Way","Other Object","N","N","N","N"
6399555,"N","Y","Injury (Other Visible)","N",2014,18.1666666666667,"Winter","PM","N","M","N","N","Y","N","N","N","N","N","Dark - Street Lights","Other","Pedestrian Right of Way","Other Motor Vehicle","N","N","N","N"
6399709,"N","Y","Injury (Complaint of Pain)","N",2014,16.5833333333333,"Winter","PM","N","Th","Y","N","Y","N","N","N","N","N","Daylight","Broadside","Lights","Other Motor Vehicle","N","N","N","N"
6399753,"N","Y","Injury (Other Visible)","N",2014,18.8333333333333,"Winter","PM","N","Th","Y","N","Y","N","N","N","N","N","Dark - Street Lights","Broadside","Pedestrian Violation","Other Motor Vehicle","N","N","N","N"
6399767,"N","Y","Injury (Other Visible)","N",2014,17.6666666666667,"Winter","PM","N","Tu","N","N","Y","N","N","N","N","N","Dark - Street Lights","Rear End","Wrong Side of Road","Other Motor Vehicle","N","N","N","N"
6399783,"N","Y","Injury (Other Visible)","N",2014,13.8333333333333,"Winter","N","N","W","Y","N","Y","N","N","N","N","Y","Daylight","Other","Wrong Side of Road","Other Object","N","N","N","N"
6399796,"N","Y","Injury (Complaint of Pain)","N",2014,12.4166666666667,"Winter","N","N","Su","Y","N","Y","N","N","N","N","N","Daylight","Broadside","Pedestrian Violation","Other Motor Vehicle","N","N","N","N"
6399811,"N","Y","PDO (property damage only)","N",2014,7.41666666666667,"Winter","AM","N","Tu","N","N","Y","N","N","N","Y","N","Daylight","Other","Wrong Side of Road","Fixed Object","N","N","N","N"
6399820,"N","Y","Injury (Complaint of Pain)","N",2014,16.5,"Winter","PM","N","Tu","N","N","Y","N","N","N","N","N","Daylight","Sideswipe","Pedestrian Violation","Other Motor Vehicle","N","N","N","N"
6400202,"N","Y","Injury (Other Visible)","N",2014,22.0833333333333,"Winter","N","N","Tu","N","N","Y","N","N","N","N","N","Dark - Street Lights","Rear End","Wrong Side of Road","Other Motor Vehicle","N","N","N","N"
6400501,"N","N","Fatal","Y",2014,25,"Winter","N","Y","Th","N","N","N","N","Y","N","Y","N","Dark - Street Lights","Rear End","Unsafe Starting or Backing","Parked Motor Vehicle","N","N","N","N"
6400516,"N","N","Fatal","Y",2014,25,"Winter","N","Y","F","N","N","Y","N","N","N","N","N","Dark - No Street Lights","Rear End","Wrong Side of Road","Parked Motor Vehicle","N","N","N","N"
6400612,"N","N","Fatal","Y",2014,15.9166666666667,"Winter","PM","N","Th","N","N","N","N","Y","N","Y","N","Daylight","Hit Object","Wrong Side of Road","Fixed Object","N","N","N","N"
6400669,"N","N","Fatal","Y",2014,22,"Winter","N","N","F","N","N","Y","N","N","N","N","N","Dark - Street Lights","Hit Object","Impeding Traffic","Fixed Object","N","N","N","N"
6401231,"N","N","Fatal","Y",2014,15.9166666666667,"Winter","PM","N","Th","N","Y","Y","N","N","N","N","N","Daylight","Sideswipe","Automobile Right of Way","Other Motor Vehicle","N","N","N","N"
6401776,"N","N","Fatal","Y",2014,10.5,"Winter","N","N","M","N","Y","Y","N","N","N","N","N","Daylight","Sideswipe","Automobile Right of Way","Other Motor Vehicle","N","N","N","N"
6402169,"N","Y","Injury (Other Visible)","N",2014,5.55,"Winter","N","N","M","N","Y","N","Y","N","N","Y","N","Dark - Street Lights","Rear End","Unsafe Speed","Other Motor Vehicle","Y","N","N","N"
6404493,"N","Y","PDO (property damage only)","N",2014,18.6666666666667,"Winter","PM","N","Th","Y","N","Y","N","N","N","N","N","Dark - Street Lights","Broadside","Pedestrian Violation","Other Motor Vehicle","N","N","N","N"
6404514,"N","Y","PDO (property damage only)","N",2014,18.4166666666667,"Winter","N","N","Sa","Y","N","Y","N","N","N","N","N","Dark - Street Lights","Other","Pedestrian Violation","Pedestrian","N","N","N","N"
6404533,"N","Y","Injury (Complaint of Pain)","N",2014,22.5,"Winter","N","N","Sa","Y","Y","Y","N","N","N","N","N","Dark - Street Lights","Broadside","Pedestrian Violation","Other Motor Vehicle","N","N","N","N"
6405775,"N","Y","Injury (Complaint of Pain)","N",2014,11.5,"Winter","N","N","Su","Y","N","N","Y","N","N","N","N","Daylight","Broadside","Pedestrian Violation","Other Motor Vehicle","N","N","N","N"
6405816,"N","Y","PDO (property damage only)","N",2014,14.0833333333333,"Winter","N","N","Su","N","N","N","Y","N","N","N","N","Daylight","Broadside","Pedestrian Violation","Motor Vehicle on Other Roadway","N","N","N","N"
6405844,"N","Y","PDO (property damage only)","N",2014,20,"Winter","N","N","Sa","N","N","Y","N","N","N","N","N","Dark - Street Lights","Head-On","Pedestrian Violation","Other Motor Vehicle","N","N","N","N"