"CASE_ID","mc_killed","mc_injured","collision_severity","severe","accident_year","hours_since_midnight","season","rush_hour","late_night","day_of_week","intersection","state_hwy_ind","w_clear","w_cloudy","w_rainy","w_other","road_not_dry","road_condition_issue","lighting","type_of_collision","pcf_viol_category","mviw","alcohol_involved","truck_accident","pedestrian_accident","bicycle_accident"
6405862,"N","Y","Injury (Complaint of Pain)","N",2014,15.5,"Winter","N","N","Sa","N","N","Y","N","N","N","N","N","Daylight","Broadside","Pedestrian Violation","Other Motor Vehicle","N","N","N","N"
6405877,"N","Y","Injury (Complaint of Pain)","N",2014,10.6666666666667,"Winter","N","N","F","Y","N","Y","N","N","N","N","Y","Daylight","Hit Object","Code 20","Fixed Object","N","N","N","N"
6405885,"N","Y","Injury (Complaint of Pain)","N",2014,22.75,"Winter","N","N","M","N","N","Y","N","N","N","N","N","Dark - Street Lights","Other","Wrong Side of Road","Other Object","N","N","N","N"
6405901,"N","Y","PDO (property damage only)","N",2014,22.5833333333333,"Winter","N","N","F","Y","N","Y","N","N","N","Y","Y","Dark - Street Lights","Sideswipe","Wrong Side of Road","Parked Motor Vehicle","N","N","N","N"
6405910,"N","Y","PDO (property damage only)","N",2014,12,"Winter","N","N","Su","Y","N","Y","N","N","N","N","N","Daylight","Broadside","Pedestrian Violation","Other Motor Vehicle","N","N","N","N"
6405930,"N","Y","Injury (Other Visible)","N",2014,10.25,"Winter","N","N","Sa","N","N","Y","N","N","N","N","N","Daylight","Broadside","Pedestrian Violation","Other Motor Vehicle","N","N","N","N"
6405942,"N","Y","Injury (Other Visible)","N",2014,8,"Winter","AM","N","F","Y","N","Y","N","N","N","Y","N","Daylight","Broadside","Pedestrian Violation","Other Motor Vehicle","N","N","N","N"
6405957,"N","Y","Injury (Complaint of Pain)","N",2014,19.6666666666667,"Winter","N","N","Su","N","N","N","Y","Y","N","Y","N","Dark - Street Lights","Vehicle/Pedestrian","Hazardous Parking","Pedestrian","N","N","Y","N"
6406784,"N","Y","PDO (property damage only)","N",2014,12.6666666666667,"Winter","N","N","M","N","Y","Y","N","N","N","N","Y","Daylight","Hit Object","Wrong Side of Road","Other Object","N","N","N","N"
6407002,"N","Y","Injury (Complaint of Pain)","N",2014,18.5833333333333,"Winter","PM","N","W","N","N","Y","N","N","N","N","N","Dark - Street Lights","Broadside","Pedestrian Violation","Other Motor Vehicle","N","N","N","N"
6407077,"N","Y","Injury (Complaint of Pain)","N",2014,14.9166666666667,"Winter","N","N","F","N","N","Y","N","N","N","N","N","Daylight","Rear End","Wrong Side of Road","Other Motor Vehicle","N","N","N","N"
6407116,"N","Y","PDO (property damage only)","N",2014,15.5833333333333,"Winter","N","N","Sa","N","Y","Y","N","N","N","N","N","Daylight","Rear End","Wrong Side of Road","Other Motor Vehicle","N","N","N","N"
6407180,"N","N","PDO (property damage only)","N",2014,17,"Winter","N","N","Su","N","N","Y","N","N","N","N","N","Dusk or Dawn","Sideswipe","Wrong Side of Road","Other Motor Vehicle","N","N","N","N"
6407225,"N","N","PDO (property damage only)","N",2014,12,"Winter","N","N","F","N","N","Y","N","N","N","N","N","Daylight","Head-On","Unsafe Lane Change","Bicycle","N","N","N","Y"
6407752,"N","N","Fatal","Y",2014,13.8333333333333,"Winter","N","N","F","N","Y","Y","N","N","N","N","N","Daylight","Sideswipe","Pedestrian Right of Way","Other Motor Vehicle","N","N","N","N"
6408260,"N","Y","Injury (Complaint of Pain)","N",2014,7.41666666666667,"Winter","AM","N","M","N","Y","Y","N","N","N","N","N","Daylight","Rear End","Wrong Side of Road","Other Motor Vehicle","N","N","N","N"
6408399,"N","N","Fatal","Y",2014,22.8333333333333,"Winter","N","N","F","N","N","Y","N","N","N","N","N","Dark - Street Lights","Rear End","Wrong Side of Road","Other Motor Vehicle","N","N","N","N"
6408678,"N","Y","Injury (Other Visible)","N",2014,18.8333333333333,"Winter","N","N","Sa","N","N","Y","N","N","N","N","N","Dark - Street Lights","Broadside","Pedestrian Violation","Other Motor Vehicle","N","N","N","N"
6408682,"N","Y","Injury (Complaint of Pain)","N",2014,13.8333333333333,"Winter","N","N","Su","Y","Y","Y","N","N","N","N","N","Daylight","Broadside","Pedestrian Violation","Other Motor Vehicle","N","N","N","N"
6409163,"N","Y","Injury (Complaint of Pain)","N",2014,13.5,"Winter","N","N","Su","N","N","N","Y","N","N","N","N","Daylight","Broadside","Pedestrian Violation","Other Motor Vehicle","N","N","N","N"
6409227,"N","N","Fatal","Y",2014,6.13333333333333,"Winter","N","N","Tu","N","Y","Y","N","N","N","N","N","Dark - No Street Lights","Rear End","Wrong Side of Road","Other Motor Vehicle","N","N","N","N"
6410314,"N","N","Fatal","Y",2014,17.8333333333333,"Winter","PM","N","Th","N","Y","Y","N","N","N","N","N","Dusk or Dawn","Sideswipe","Automobile Right of Way","Other Motor Vehicle","N","N","N","N"
6412953,"N","N","Fatal","Y",2014,23.25,"Winter","N","Y","M","N","N","Y","N","N","N","N","N","Dark - Street Lights","Broadside","Unsafe Starting or Backing","Parked Motor Vehicle","N","N","N","N"
6413106,"N","Y","PDO (property damage only)","N",2014,8.63333333333333,"Winter","AM","N","W","N","Y","Y","N","N","N","N","N","Daylight","Rear End","Wrong Side of Road","Other Motor Vehicle","N","N","N","N"
6414034,"N","Y","Injury (Complaint of Pain)","N",2014,15.0833333333333,"Winter","N","N","Sa","N","N","Y","N","N","N","N","N","Daylight","Broadside","Code 19","Other Motor Vehicle","N","N","N","N"
6414042,"N","Y","Injury (Other Visible)","N",2014,12.5,"Winter","N","N","Su","N","N","Y","N","N","N","N","N","Daylight","Head-On","Pedestrian Violation","Other Motor Vehicle","N","N","N","N"
6414057,"N","Y","PDO (property damage only)","N",2014,6.75,"Winter","N","N","W","N","N","Y","N","N","N","N","N","Dusk or Dawn","Hit Object","Wrong Side of Road","Fixed Object","N","N","N","N"
6414060,"N","Y","Injury (Complaint of Pain)","N",2014,15.5833333333333,"Winter","PM","N","Tu","Y","N","Y","N","N","N","N","N","Daylight","Other","Pedestrian Violation","Other Object","N","N","N","N"
6414094,"N","Y","PDO (property damage only)","N",2014,19.75,"Winter","N","N","F","N","N","Y","N","N","N","N","N","Dark - Street Lights","Other","Wrong Side of Road","Non-Collision","N","N","N","N"
6415253,"N","N","Fatal","Y",2014,14.1666666666667,"Spring","N","N","Th","N","Y","Y","N","N","N","N","N","Daylight","Rear End","Wrong Side of Road","Other Motor Vehicle","N","Y","N","N"
6415292,"N","N","Fatal","Y",2014,20.0833333333333,"Winter","N","N","Su","N","N","N","Y","N","N","N","N","Dark - Street Lights","Sideswipe","Unsafe Speed","Parked Motor Vehicle","Y","N","N","N"
6415519,"N","Y","PDO (property damage only)","N",2014,16.25,"Winter","N","N","Su","N","Y","Y","N","N","N","N","N","Daylight","Sideswipe","Pedestrian Right of Way","Other Motor Vehicle","N","N","N","N"
6415622,"N","N","Fatal","Y",2014,9.16666666666667,"Winter","N","N","W","N","Y","Y","N","N","N","N","N","Daylight","Rear End","Wrong Side of Road","Other Motor Vehicle","N","N","N","N"
6416761,"N","Y","Injury (Complaint of Pain)","N",2014,16.8333333333333,"Winter","PM","N","Tu","Y","N","Y","N","N","N","N","N","Daylight","Broadside","Pedestrian Violation","Other Motor Vehicle","N","N","N","N"
6416822,"N","Y","Injury (Complaint of Pain)","N",2014,7.33333333333333,"Winter","AM","N","Th","N","Y","N","Y","N","N","N","N","Daylight","Broadside","Pedestrian Violation","Other Motor Vehicle","N","N","N","N"
6416932,"N","Y","PDO (property damage only)","N",2014,21.6333333333333,"Winter","N","N","F","N","Y","Y","N","N","N","N","N","Dark - Street Lights","Sideswipe","Automobile Right of Way","Other Motor Vehicle","N","N","N","N"
6418156,"N","Y","Injury (Complaint of Pain)","N",2014,10.75,"Winter","N","N","M","N","N","Y","N","N","N","N","N","Daylight","Sideswipe","Driving or Bicycling Under the Influence of Alcohol or Drug","Other Motor Vehicle","N","N","N","N"
6418182,"N","Y","Injury (Complaint of Pain)","N",2014,9.33333333333333,"Winter","N","N","Su","Y","N","Y","N","N","N","N","N","Daylight","Broadside","Pedestrian Violation","Other Motor Vehicle","N","N","N","N"
6418186,"N","Y","PDO (property damage only)","N",2014,5.83333333333333,"Winter","N","N","Th","N","N","Y","N","N","N","N","N","Daylight","Rear End","Wrong Side of Road","Other Motor Vehicle","N","N","N","N"
6418445,"N","N","Fatal","Y",2014,25,"Winter","N","Y","Th","N","N","N","N","Y","N","Y","N","Dark - Street Lights","Rear End","Unsafe Starting or Backing","Parked Motor Vehicle","N","N","N","N"
6418465,"N","Y","PDO (property damage only)","N",2014,1.16666666666667,"Winter","N","Y","Sa","Y","N","Y","N","N","N","N","N","Dark - Street Lights","Broadside","Pedestrian Violation","Other Motor Vehicle","N","N","N","N"
6418532,"N","Y","Injury (Other Visible)","N",2014,14,"Winter","N","N","F","N","N","Y","N","N","N","N","N","Daylight","Other","Driving or Bicycling Under the Influence of Alcohol or Drug","Fixed Object","N","N","N","N"
6418540,"N","Y","Injury (Complaint of Pain)","N",2014,8.66666666666667,"Winter","AM","N","M","Y","N","Y","N","N","N","N","N","Daylight","Other","Wrong Side of Road","Non-Collision","N","N","N","N"
6418632,"N","N","Injury (Complaint of Pain)","N",2014,9,"Winter","AM","N","Tu","Y","N","Y","N","N","N","N","N","Daylight","Head-On","Unsafe Lane Change","Other Motor Vehicle","N","N","N","N"
6418633,"N","Y","Injury (Complaint of Pain)","N",2014,16.1666666666667,"Winter","PM","N","Th","N","N","Y","N","N","N","N","N","Daylight","Broadside","Pedestrian Violation","Other Motor Vehicle","N","N","N","N"
6419116,"N","Y","Injury (Complaint of Pain)","N",2014,10.3333333333333,"Winter","N","N","F","Y","N","Y","N","N","N","N","N","Daylight","Broadside","Pedestrian Violation","Other Motor Vehicle","N","N","N","N"
6419143,"N","Y","Injury (Complaint of Pain)","N",2014,23.5,"Winter","N","Y","W","N","N","Y","N","N","N","N","N","Dark - Street Lights","Sideswipe","Wrong Side of Road","Other Motor Vehicle","N","N","N","N"
6419230,"N","Y","Injury (Complaint of Pain)","N",2014,9.33333333333333,"Winter","N","N","Tu","Y","N","Y","N","N","N","N","N","Daylight","Broadside","Pedestrian Right of Way","Other Motor Vehicle","N","N","N","N"
6419245,"N","Y","Injury (Complaint of Pain)","N",2014,8.46666666666667,"Winter","AM","N","Th","Y","N","Y","N","N","N","N","N","Daylight","Broadside","Pedestrian Violation","Other Motor Vehicle","N","N","N","N"
6419253,"N","Y","PDO (property damage only)","N",2014,19.25,"Winter","N","N","Sa","Y","N","Y","N","N","N","N","N","Dark - Street Lights","Broadside","Pedestrian Violation","Other Motor Vehicle","N","N","N","N"
6420794,"N","Y","Injury (Complaint of Pain)","N",2014,18.1666666666667,"Winter","PM","N","M","N","N","Y","N","N","N","N","N","Daylight","Rear End","Wrong Side of Road","Other Motor Vehicle","N","N","N","N"
6422145,"N","N","Fatal","Y",2014,10.25,"Spring","N","N","Th","N","N","Y","N","N","N","N","N","Daylight","Sideswipe","Unsafe Starting or Backing","Other Motor Vehicle","N","N","N","N"
6422416,"N","N","PDO (property damage only)","N",2014,10,"Winter","N","N","Tu","N","N","Y","N","N","N","N","N","Daylight","Broadside","Pedestrian Right of Way","Train","N","N","N","N"
6422586,"N","N","Fatal","Y",2014,16.4166666666667,"Winter","PM","N","W","N","Y","Y","N","N","N","N","N","Daylight","Rear End","Pedestrian Right of Way","Other Motor Vehicle","N","N","N","N"
6422587,"N","Y","Injury (Other Visible)","N",2014,9.83333333333333,"Spring","N","N","W","Y","N","Y","N","N","N","N","N","Daylight","Broadside","Pedestrian Violation","Other Motor Vehicle","N","N","N","N"
6422725,"N","Y","Injury (Complaint of Pain)","N",2014,14.3333333333333,"Spring","N","N","M","N","N","Y","N","N","N","N","N","Daylight","Head-On","Unsafe Lane Change","Other Motor Vehicle","N","N","N","N"
6423319,"N","Y","Injury (Complaint of Pain)","N",2014,9.41666666666667,"Spring","N","N","W","Y","N","Y","N","N","N","N","N","Daylight","Broadside","Pedestrian Right of Way","Other Motor Vehicle","N","N","N","N"
6423411,"N","N","Injury (Complaint of Pain)","N",2014,17.75,"Winter","PM","N","F","N","Y","Y","N","N","N","N","N","Daylight","Sideswipe","Automobile Right of Way","Other Motor Vehicle","Y","N","N","N"
6423472,"N","Y","PDO (property damage only)","N",2014,20,"Spring","N","N","F","N","N","Y","N","N","N","N","N","Dark - Street Lights","Broadside","Pedestrian Violation","Other Motor Vehicle","N","N","N","N"
6423491,"N","Y","Injury (Complaint of Pain)","N",2014,11.25,"Spring","N","N","Su","N","N","Y","N","N","N","N","N","Daylight","Sideswipe","Pedestrian Violation","Other Motor Vehicle","N","N","N","N"
6423496,"N","Y","Injury (Complaint of Pain)","N",2014,13.25,"Spring","N","N","Tu","Y","N","Y","N","N","N","N","N","Daylight","Head-On","Code 20","Motor Vehicle on Other Roadway","N","N","N","N"
6423499,"N","N","Injury (Complaint of Pain)","N",2014,12.25,"Spring","N","N","F","N","N","Y","N","N","N","N","N","Daylight","Hit Object","Wrong Side of Road","Fixed Object","N","N","N","N"
6423508,"N","Y","Injury (Complaint of Pain)","N",2014,14.5,"Spring","N","N","F","N","N","Y","N","N","N","N","N","Daylight","Hit Object","Pedestrian Right of Way","Fixed Object","N","N","N","N"
6423516,"N","Y","Injury (Other Visible)","N",2014,19.3333333333333,"Spring","N","N","Tu","Y","N","Y","N","N","N","N","N","Dark - Street Lights","Head-On","Pedestrian Violation","Other Motor Vehicle","N","N","N","N"
6423571,"N","N","Fatal","Y",2014,21.8333333333333,"Winter","N","N","F","N","N","Y","N","N","N","N","N","Dark - Street Lights","Sideswipe","Unsafe Speed","Parked Motor Vehicle","Y","N","N","N"
6424094,"N","Y","PDO (property damage only)","N",2014,8.75,"Winter","N","N","Sa","N","Y","Y","N","N","N","N","N","Daylight","Overturned","Pedestrian Right of Way","Non-Collision","N","N","N","N"
6424097,"N","Y","PDO (property damage only)","N",2014,10.1666666666667,"Winter","N","N","W","N","Y","N","Y","N","N","N","N","Daylight","Sideswipe","Wrong Side of Road","Other Motor Vehicle","N","N","N","N"
6424102,"N","Y","Injury (Complaint of Pain)","N",2014,18.8833333333333,"Winter","PM","N","Th","N","Y","Y","N","N","N","N","N","Dark - Street Lights","Overturned","Pedestrian Right of Way","Non-Collision","N","N","N","N"
6424149,"N","Y","PDO (property damage only)","N",2014,9.5,"Winter","N","N","M","N","Y","Y","N","N","N","N","N","Daylight","Sideswipe","Improper Turning","Other Motor Vehicle","N","N","N","N"
6424710,"N","Y","PDO (property damage only)","N",2014,6,"Winter","N","N","Th","N","N","Y","N","N","N","N","N","Dusk or Dawn","Broadside","Unsafe Lane Change","Other Motor Vehicle","N","N","N","N"
6424713,"N","Y","PDO (property damage only)","N",2014,14.25,"Winter","N","N","F","N","N","Y","N","N","N","N","N","Daylight","Broadside","Pedestrian Violation","Other Motor Vehicle","N","N","N","N"
6424808,"N","Y","PDO (property damage only)","N",2014,19.5,"Spring","N","N","W","N","N","N","Y","N","N","N","N","Dark - Street Lights","Rear End","Wrong Side of Road","Other Motor Vehicle","N","N","N","N"
6424821,"N","Y","Injury (Complaint of Pain)","N",2014,16,"Spring","PM","N","M","N","Y","Y","N","N","N","N","N","Daylight","Other","Automobile Right of Way","Non-Collision","N","N","N","N"
6425365,"N","Y","Injury (Complaint of Pain)","N",2014,19.6666666666667,"Winter","N","N","Th","N","N","Y","N","N","N","N","N","Dark - Street Lights","Overturned","Wrong Side of Road","Non-Collision","N","N","N","N"
6425382,"N","Y","Injury (Complaint of Pain)","N",2014,13.6666666666667,"Winter","N","N","Tu","N","N","Y","N","N","N","N","N","Daylight","Head-On","Wrong Side of Road","Parked Motor Vehicle","Y","N","N","N"
6425401,"N","Y","PDO (property damage only)","N",2014,14.4166666666667,"Winter","N","N","W","N","N","Y","N","N","N","N","N","Daylight","Rear End","Wrong Side of Road","Other Motor Vehicle","N","N","N","N"
6425405,"N","Y","Injury (Other Visible)","N",2014,22.1666666666667,"Winter","N","N","Sa","Y","N","N","Y","N","N","N","N","Dark - Street Lights","Broadside","Pedestrian Violation","Other Motor Vehicle","N","N","N","N"
6425421,"N","Y","PDO (property damage only)","N",2014,9.25,"Winter","N","N","Th","N","N","Y","N","N","N","N","N","Daylight","Sideswipe","Pedestrian Right of Way","Other Motor Vehicle","N","N","N","N"
6425481,"N","Y","Injury (Complaint of Pain)","N",2014,22.4166666666667,"Winter","N","N","Tu","N","N","Y","N","N","N","N","N","Dark - Street Lights","Hit Object","Wrong Side of Road","Fixed Object","Y","N","N","N"
6425540,"N","Y","Injury (Other Visible)","N",2014,18.3333333333333,"Winter","PM","N","F","N","N","Y","N","N","N","N","N","Dark - Street Lights","Rear End","Wrong Side of Road","Other Motor Vehicle","N","N","N","N"
6425587,"N","Y","PDO (property damage only)","N",2014,8.33333333333333,"Winter","AM","N","M","N","N","Y","N","N","N","N","N","Daylight","Broadside","Wrong Side of Road","Other Motor Vehicle","N","N","N","N"
6426844,"N","N","Fatal","Y",2014,13.4166666666667,"Winter","N","N","Sa","N","Y","Y","N","N","N","N","N","Daylight","Sideswipe","Automobile Right of Way","Other Motor Vehicle","N","N","N","N"
6427110,"N","Y","Injury (Other Visible)","N",2014,20.75,"Winter","N","N","Tu","Y","N","Y","N","N","N","N","N","Dark - Street Lights","Sideswipe","Pedestrian Right of Way","Other Motor Vehicle","N","N","N","N"
6427128,"N","Y","Injury (Complaint of Pain)","N",2014,16.5833333333333,"Winter","PM","N","Tu","N","Y","Y","N","N","N","N","N","Daylight","Rear End","Automobile Right of Way","Other Motor Vehicle","N","N","N","N"
6427162,"N","N","Fatal","Y",2014,14.3333333333333,"Winter","N","N","M","N","N","Y","N","N","N","N","N","Daylight","Other","Wrong Side of Road","Non-Collision","N","N","N","N"
6427529,"N","N","Fatal","Y",2014,6.25,"Spring","N","N","F","N","Y","Y","N","N","N","N","N","Daylight","Sideswipe","Driving or Bicycling Under the Influence of Alcohol or Drug","Other Motor Vehicle","N","N","N","N"
6427573,"N","Y","Injury (Complaint of Pain)","N",2014,9.75,"Spring","N","N","Tu","N","Y","Y","N","N","N","N","Y","Daylight","Other","Code 19","Non-Collision","N","N","N","N"
6428322,"N","Y","Injury (Complaint of Pain)","N",2014,18.25,"Winter","PM","N","Tu","Y","N","Y","N","N","N","N","N","Daylight","Broadside","Driving or Bicycling Under the Influence of Alcohol or Drug","Other Motor Vehicle","N","N","N","N"
6428426,"N","Y","Injury (Other Visible)","N",2014,16.5,"Winter","N","N","Su","N","N","Y","N","N","N","Y","Y","Daylight","Hit Object","Wrong Side of Road","Fixed Object","N","N","N","N"
6428692,"N","Y","Injury (Other Visible)","N",2014,17,"Winter","PM","N","M","N","N","Y","N","N","N","N","N","Daylight","Rear End","Unsafe Starting or Backing","Motor Vehicle on Other Roadway","N","N","N","N"
6429301,"N","N","Fatal","Y",2014,7.33333333333333,"Winter","AM","N","W","N","Y","Y","N","N","N","N","N","Daylight","Sideswipe","Automobile Right of Way","Other Motor Vehicle","N","N","N","N"
6429326,"N","N","Fatal","Y",2014,4.91666666666667,"Winter","N","Y","Su","N","Y","Y","N","N","N","N","N","Dark - Street Lights","Hit Object","Pedestrian Right of Way","Fixed Object","N","N","N","N"
6429852,"N","Y","Injury (Other Visible)","N",2014,16.25,"Winter","PM","N","W","N","N","Y","N","N","N","N","N","Daylight","Rear End","Pedestrian Violation","Other Motor Vehicle","N","N","N","N"
6429855,"N","Y","Injury (Complaint of Pain)","N",2014,16.0833333333333,"Winter","N","N","Su","N","N","Y","N","N","N","N","N","Daylight","Sideswipe","Wrong Side of Road","Other Motor Vehicle","N","N","N","N"
6429860,"N","Y","Injury (Complaint of Pain)","N",2014,22.4166666666667,"Winter","N","N","Sa","N","N","Y","N","N","N","N","N","Dark - Street Lights","Hit Object","Wrong Side of Road","Other Object","N","N","N","N"
6429867,"N","Y","PDO (property damage only)","N",2014,18.4166666666667,"Winter","PM","N","M","Y","N","Y","N","N","N","N","Y","Dark - Street Lights","Broadside","Pedestrian Violation","Other Motor Vehicle","N","N","N","N"
6430182,"N","Y","PDO (property damage only)","N",2014,10.5833333333333,"Winter","N","N","Th","N","N","Y","N","N","N","N","N","Daylight","Head-On","Pedestrian Right of Way","Other Motor Vehicle","N","N","N","N"
6430225,"N","Y","Injury (Complaint of Pain)","N",2014,0.333333333333333,"Winter","N","Y","F","N","Y","Y","N","N","N","N","N","Dark - Street Lights","Broadside","Pedestrian Violation","Other Motor Vehicle","N","N","N","N"
6430603,"N","N","Fatal","Y",2014,12,"Winter","N","N","Th","N","N","Y","N","N","N","N","N","Daylight","Broadside","Pedestrian Violation","Other Motor Vehicle","N","N","N","N"
6431008,"N","Y","PDO (property damage only)","N",2014,7.41666666666667,"Winter","AM","N","F","Y","N","Y","N","N","N","N","N","Daylight","Broadside","Pedestrian Right of Way","Other Motor Vehicle","N","N","N","N"
6431031,"N","N","Injury (Complaint of Pain)","N",2014,13.1666666666667,"Spring","N","N","Sa","N","N","Y","N","N","N","N","N","Daylight","Sideswipe","Driving or Bicycling Under the Influence of Alcohol or Drug","Parked Motor Vehicle","N","N","Y","N"
6431235,"N","N","Fatal","Y",2014,21.6666666666667,"Winter","N","N","Th","N","N","Y","N","N","N","N","N","Dark - Street Lights","Sideswipe","Wrong Side of Road","Parked Motor Vehicle","N","N","N","N"
6432255,"N","Y","Injury (Other Visible)","N",2014,5.83333333333333,"Winter","N","N","W","N","N","Y","N","N","N","N","N","Dark - Street Lights","Broadside","Pedestrian Right of Way","Other Motor Vehicle","N","N","N","N"
6432482,"N","N","Fatal","Y",2014,23,"Spring","N","Y","Su","N","N","Y","N","N","N","N","N","Dark - Street Lights","Broadside","Pedestrian Right of Way","Other Motor Vehicle","N","N","N","N"
6432587,"N","Y","Injury (Complaint of Pain)","N",2014,7,"Spring","AM","N","W","N","Y","Y","N","N","N","N","N","Daylight","Rear End","Automobile Right of Way","Other Motor Vehicle","N","N","N","N"
6432622,"N","N","Fatal","Y",2014,15.25,"Spring","N","N","Sa","N","Y","Y","N","N","N","N","N","Daylight","Rear End","Wrong Side of Road","Other Motor Vehicle","N","N","N","N"
6432856,"N","Y","PDO (property damage only)","N",2014,15.1666666666667,"Winter","PM","N","F","N","N","Y","N","N","N","N","N","Daylight","Rear End","Unsafe Starting or Backing","Parked Motor Vehicle","N","N","N","N"
6432859,"N","Y","Injury (Complaint of Pain)","N",2014,10.0333333333333,"Spring","N","N","Su","Y","N","Y","N","N","N","N","N","Dark - Street Lights","Head-On","Pedestrian Violation","Other Motor Vehicle","N","N","N","N"
6432864,"N","Y","Injury (Complaint of Pain)","N",2014,10.9166666666667,"Spring","N","N","Su","N","N","Y","N","N","N","N","N","Daylight","Other","Wrong Side of Road","Other Object","N","N","N","N"
6432946,"N","Y","PDO (property damage only)","N",2014,15.8333333333333,"Spring","PM","N","F","N","Y","Y","N","N","N","N","N","Daylight","Rear End","Wrong Side of Road","Other Motor Vehicle","N","N","N","N"
6432969,"N","Y","PDO (property damage only)","N",2014,6.66666666666667,"Spring","N","N","M","N","Y","N","Y","N","N","N","N","Daylight","Sideswipe","Automobile Right of Way","Other Motor Vehicle","N","N","N","N"
6432977,"N","Y","PDO (property damage only)","N",2014,10.5833333333333,"Spring","N","N","Tu","N","Y","N","Y","N","N","N","N","Daylight","Overturned","Wrong Side of Road","Non-Collision","N","N","N","N"
6432984,"N","Y","Injury (Complaint of Pain)","N",2014,13,"Spring","N","N","Sa","Y","N","Y","N","N","N","N","N","Daylight","Broadside","Pedestrian Violation","Other Motor Vehicle","N","N","N","N"
6433012,"N","Y","Injury (Complaint of Pain)","N",2014,8.75,"Spring","AM","N","Th","N","N","Y","N","N","N","N","Y","Daylight","Sideswipe","Automobile Right of Way","Other Motor Vehicle","N","N","N","N"
6433020,"N","N","PDO (property damage only)","N",2014,15.4166666666667,"Spring","PM","N","Tu","N","N","Y","N","N","N","N","N","Daylight","Broadside","Wrong Side of Road","Other Motor Vehicle","N","N","N","N"
6433891,"N","N","Fatal","Y",2014,16.5,"Winter","PM","N","W","N","Y","Y","N","N","N","N","N","Dark - No Street Lights","Overturned","Wrong Side of Road","Non-Collision","N","N","N","N"
6434262,"N","Y","Injury (Complaint of Pain)","N",2014,15.9666666666667,"Spring","PM","N","W","N","Y","Y","N","N","N","N","N","Daylight","Overturned","Wrong Side of Road","Non-Collision","N","N","N","N"
6434269,"N","Y","Injury (Other Visible)","N",2014,23,"Spring","N","Y","W","N","N","Y","N","N","N","N","N","Dark - Street Lights","Sideswipe","Automobile Right of Way","Other Motor Vehicle","N","N","N","N"
6434281,"N","Y","Injury (Complaint of Pain)","N",2014,6.83333333333333,"Spring","N","N","W","Y","N","Y","N","N","N","N","N","Daylight","Broadside","Pedestrian Violation","Other Motor Vehicle","N","N","N","N"
6434386,"N","Y","Injury (Complaint of Pain)","N",2014,22,"Spring","N","N","Th","N","Y","Y","N","N","N","N","N","Dark - Street Lights","Rear End","Automobile Right of Way","Other Motor Vehicle","N","N","N","N"
6434742,"N","Y","Injury (Other Visible)","N",2014,17.6666666666667,"Winter","PM","N","W","N","N","Y","N","N","N","N","N","Daylight","Rear End","Improper Passing","Other Motor Vehicle","N","N","N","N"
6435193,"N","Y","Injury (Complaint of Pain)","N",2014,18.25,"Winter","PM","N","M","Y","N","Y","N","N","N","N","N","Daylight","Broadside","Pedestrian Violation","Other Motor Vehicle","N","N","N","N"
6435213,"N","Y","Injury (Complaint of Pain)","N",2014,18.3333333333333,"Winter","PM","N","W","N","Y","Y","N","N","N","N","N","Dusk or Dawn","Overturned","Wrong Side of Road","Non-Collision","N","N","N","N"
6435346,"N","Y","Injury (Complaint of Pain)","N",2014,23.4166666666667,"Winter","N","Y","Th","N","Y","Y","N","N","N","N","N","Dark - Street Lights","Rear End","Wrong Side of Road","Other Motor Vehicle","N","N","N","N"
6435359,"N","Y","Injury (Complaint of Pain)","N",2014,16.8333333333333,"Winter","PM","N","M","N","N","Y","N","N","N","N","N","Daylight","Sideswipe","Automobile Right of Way","Other Motor Vehicle","N","N","N","N"
6435406,"N","Y","Injury (Complaint of Pain)","N",2014,5.75,"Winter","N","N","Sa","N","Y","N","Y","N","N","Y","N","Dark - Street Lights","Overturned","Unsafe Speed","Non-Collision","Y","N","N","N"
6435649,"N","Y","Injury (Complaint of Pain)","N",2014,6.83333333333333,"Winter","N","N","Th","N","Y","Y","N","N","N","N","N","Dusk or Dawn","Sideswipe","Automobile Right of Way","Other Motor Vehicle","N","N","N","N"
6435763,"N","Y","Injury (Other Visible)","N",2014,8.08333333333333,"Winter","AM","N","W","N","Y","Y","Y","N","N","N","N","Daylight","Sideswipe","Automobile Right of Way","Other Motor Vehicle","N","N","N","N"
6435816,"N","Y","PDO (property damage only)","N",2014,12.1666666666667,"Spring","N","N","Sa","N","Y","Y","N","N","N","N","N","Daylight","Rear End","Wrong Side of Road","Other Motor Vehicle","N","N","N","N"
6435824,"N","Y","Injury (Complaint of Pain)","N",2014,0.833333333333333,"Winter","N","Y","Th","N","Y","Y","N","N","N","N","N","Dark - Street Lights","Hit Object","Wrong Side of Road","Fixed Object","N","N","N","N"
6437079,"N","Y","PDO (property damage only)","N",2014,7.66666666666667,"Winter","AM","N","Th","N","Y","N","Y","N","N","N","N","Daylight","Sideswipe","Automobile Right of Way","Other Motor Vehicle","N","N","N","N"