"CASE_ID","mc_killed","mc_injured","collision_severity","severe","accident_year","hours_since_midnight","season","rush_hour","late_night","day_of_week","intersection","state_hwy_ind","w_clear","w_cloudy","w_rainy","w_other","road_not_dry","road_condition_issue","lighting","type_of_collision","pcf_viol_category","mviw","alcohol_involved","truck_accident","pedestrian_accident","bicycle_accident"
6485419,"N","Y","Injury (Other Visible)","N",2014,18.5,"Spring","PM","N","Tu","N","Y","Y","N","N","N","N","Y","Daylight","Broadside","Automobile Right of Way","Other Motor Vehicle","N","N","N","N"
6485439,"N","Y","Injury (Other Visible)","N",2014,16.6666666666667,"Spring","PM","N","M","N","Y","Y","N","N","N","N","N","Daylight","Sideswipe","Automobile Right of Way","Other Motor Vehicle","N","N","N","N"
6485983,"N","Y","Injury (Complaint of Pain)","N",2014,17.4166666666667,"Spring","N","N","Sa","Y","N","Y","N","N","N","N","N","Daylight","Broadside","Pedestrian Violation","Other Motor Vehicle","N","N","N","N"
6486240,"N","Y","Injury (Complaint of Pain)","N",2014,7.25,"Spring","AM","N","Th","N","N","Y","N","N","N","N","N","Daylight","Sideswipe","Wrong Side of Road","Parked Motor Vehicle","N","N","N","N"
6487109,"N","N","Fatal","Y",2014,6.83333333333333,"Winter","N","N","W","N","Y","Y","N","N","N","N","N","Daylight","Other","Automobile Right of Way","Other Motor Vehicle","N","N","N","N"
6487270,"N","Y","Injury (Complaint of Pain)","N",2014,4.85,"Spring","N","Y","M","N","Y","N","Y","N","N","N","N","Dark - Street Lights","Rear End","Wrong Side of Road","Other Motor Vehicle","N","N","N","N"
6487954,"N","Y","PDO (property damage only)","N",2014,8.58333333333333,"Spring","AM","N","Tu","Y","N","Y","N","N","N","N","N","Daylight","Broadside","Pedestrian Violation","Other Motor Vehicle","N","N","N","N"
6487973,"N","Y","Injury (Complaint of Pain)","N",2014,13.5,"Spring","N","N","Th","Y","N","Y","N","N","N","N","N","Daylight","Broadside","Pedestrian Violation","Other Motor Vehicle","N","N","N","N"
6487977,"N","Y","Injury (Complaint of Pain)","N",2014,10.0833333333333,"Spring","N","N","W","Y","N","Y","N","N","N","N","N","Daylight","Head-On","Pedestrian Violation","Other Motor Vehicle","N","N","N","N"
6488120,"N","Y","Injury (Complaint of Pain)","N",2014,18,"Spring","N","N","Su","N","N","Y","N","N","N","N","N","Daylight","Broadside","Pedestrian Violation","Other Motor Vehicle","N","N","N","N"
6488143,"N","Y","PDO (property damage only)","N",2014,8.66666666666667,"Spring","AM","N","W","N","Y","N","Y","N","N","N","N","Daylight","Hit Object","Automobile Right of Way","Fixed Object","N","N","N","N"
6488159,"N","Y","PDO (property damage only)","N",2014,8.83333333333333,"Spring","AM","N","W","N","Y","Y","N","N","N","N","N","Daylight","Rear End","Wrong Side of Road","Other Motor Vehicle","N","N","N","N"
6488164,"N","N","Fatal","Y",2014,7.66666666666667,"Spring","AM","N","Tu","N","Y","Y","N","N","N","N","N","Daylight","Rear End","Wrong Side of Road","Other Motor Vehicle","N","N","N","N"
6488275,"N","N","Fatal","Y",2014,15,"Spring","PM","N","Tu","N","Y","Y","N","N","N","N","N","Daylight","Overturned","Automobile Right of Way","Non-Collision","N","N","N","N"
6488558,"N","N","Fatal","Y",2014,16.5833333333333,"Spring","PM","N","Tu","Y","N","Y","N","N","N","N","N","Daylight","Broadside","Driving or Bicycling Under the Influence of Alcohol or Drug","Other Motor Vehicle","N","N","N","N"
6488573,"N","Y","PDO (property damage only)","N",2014,7.75,"Spring","AM","N","Tu","Y","N","Y","N","N","N","N","N","Daylight","Broadside","Lights","Other Motor Vehicle","N","N","N","N"
6488608,"N","Y","Injury (Complaint of Pain)","N",2014,11.9166666666667,"Spring","N","N","F","Y","N","Y","N","N","N","N","N","Daylight","Sideswipe","Pedestrian Right of Way","Other Motor Vehicle","N","N","N","N"
6488617,"N","Y","Injury (Other Visible)","N",2014,17.9166666666667,"Spring","PM","N","F","N","N","Y","N","N","N","N","N","Daylight","Sideswipe","Improper Turning","Other Motor Vehicle","N","N","Y","N"
6488618,"N","Y","Injury (Other Visible)","N",2014,22.3333333333333,"Spring","N","N","M","Y","N","Y","N","N","N","N","N","Dark - Street Lights","Broadside","Pedestrian Violation","Other Motor Vehicle","N","N","N","N"
6489044,"N","Y","Injury (Complaint of Pain)","N",2014,15.0833333333333,"Spring","PM","N","W","N","Y","Y","N","N","N","N","N","Daylight","Rear End","Wrong Side of Road","Other Motor Vehicle","N","N","N","N"
6489061,"N","Y","PDO (property damage only)","N",2014,9.16666666666667,"Spring","N","N","M","N","N","Y","N","N","N","N","N","Daylight","Broadside","Pedestrian Violation","Other Motor Vehicle","N","N","N","N"
6489067,"N","Y","PDO (property damage only)","N",2014,19.1666666666667,"Spring","N","N","Th","N","N","Y","N","N","N","N","N","Daylight","Sideswipe","Wrong Side of Road","Other Motor Vehicle","N","N","N","N"
6490029,"N","N","Fatal","Y",2014,15.25,"Winter","PM","N","W","N","Y","Y","N","N","N","N","Y","Daylight","Rear End","Wrong Side of Road","Other Motor Vehicle","N","N","N","N"
6491165,"N","N","Fatal","Y",2014,14.4166666666667,"Spring","N","N","F","N","Y","Y","N","N","N","N","N","Daylight","Sideswipe","Wrong Side of Road","Other Motor Vehicle","N","N","N","N"
6491424,"N","N","Fatal","Y",2014,18.6666666666667,"Winter","PM","N","Tu","N","Y","Y","N","N","N","N","N","Dusk or Dawn","Rear End","Automobile Right of Way","Other Motor Vehicle","N","N","N","N"
6491730,"N","Y","PDO (property damage only)","N",2014,16.0833333333333,"Spring","PM","N","W","N","Y","Y","N","N","N","N","N","Daylight","Overturned","Automobile Right of Way","Non-Collision","N","N","N","N"
6491737,"N","Y","Injury (Complaint of Pain)","N",2014,18.4,"Spring","PM","N","Th","N","Y","Y","N","N","N","N","N","Daylight","Rear End","Automobile Right of Way","Other Motor Vehicle","N","N","N","N"
6491758,"N","Y","Injury (Complaint of Pain)","N",2014,21.8,"Spring","N","N","M","N","Y","Y","N","N","N","N","N","Dark - Street Lights","Hit Object","Pedestrian Right of Way","Fixed Object","N","N","N","N"
6491809,"N","Y","Injury (Complaint of Pain)","N",2014,16.8333333333333,"Spring","PM","N","W","N","N","Y","N","N","N","N","N","Daylight","Rear End","Wrong Side of Road","Other Motor Vehicle","N","N","N","N"
6492306,"N","N","Fatal","Y",2014,14.6666666666667,"Spring","N","N","Sa","N","Y","Y","N","N","N","N","N","Daylight","Sideswipe","Wrong Side of Road","Other Motor Vehicle","N","Y","N","N"
6492518,"N","N","Fatal","Y",2014,10.3666666666667,"Spring","N","N","Sa","N","Y","Y","N","N","N","N","N","Daylight","Sideswipe","Driving or Bicycling Under the Influence of Alcohol or Drug","Other Motor Vehicle","N","N","N","N"
6492548,"N","N","Fatal","Y",2014,14.6666666666667,"Spring","N","N","Su","N","Y","Y","N","N","N","N","N","Daylight","Sideswipe","Automobile Right of Way","Other Motor Vehicle","N","N","N","N"
6493169,"N","Y","Injury (Complaint of Pain)","N",2014,6.41666666666667,"Spring","N","N","Tu","N","Y","Y","N","N","N","N","N","Daylight","Rear End","Wrong Side of Road","Other Motor Vehicle","N","N","N","N"
6493818,"N","Y","PDO (property damage only)","N",2014,16.1166666666667,"Spring","PM","N","W","N","Y","Y","N","N","N","N","N","Daylight","Rear End","Wrong Side of Road","Other Motor Vehicle","N","N","N","N"
6493887,"N","Y","Injury (Complaint of Pain)","N",2014,11.3333333333333,"Spring","N","N","W","Y","Y","Y","N","N","N","N","N","Daylight","Broadside","Pedestrian Violation","Other Motor Vehicle","N","N","N","N"
6494024,"N","Y","Injury (Complaint of Pain)","N",2014,12.1666666666667,"Spring","N","N","W","N","N","Y","N","N","N","N","N","Daylight","Hit Object","Wrong Side of Road","Fixed Object","N","N","N","N"
6494279,"N","Y","PDO (property damage only)","N",2014,13.25,"Spring","N","N","Sa","N","N","Y","N","N","N","N","N","Daylight","Rear End","Automobile Right of Way","Other Motor Vehicle","N","N","N","N"
6494295,"N","N","Fatal","Y",2014,20.6666666666667,"Spring","N","N","Su","N","N","Y","N","N","N","N","N","Dark - Street Lights","Rear End","Unsafe Speed","Parked Motor Vehicle","Y","N","N","N"
6494423,"N","Y","PDO (property damage only)","N",2014,16.4166666666667,"Spring","PM","N","Th","N","N","Y","N","N","N","N","Y","Daylight","Sideswipe","Pedestrian Right of Way","Other Motor Vehicle","N","N","N","N"
6494482,"N","N","Fatal","Y",2014,18.5,"Spring","PM","N","Tu","N","Y","Y","N","N","N","N","Y","Daylight","Sideswipe","Pedestrian Right of Way","Other Motor Vehicle","N","N","N","N"
6495416,"N","Y","Injury (Other Visible)","N",2014,1.5,"Spring","N","Y","M","N","N","Y","N","N","N","N","N","Dark - Street Lights","Other","Wrong Side of Road","Fixed Object","Y","N","N","N"
6495432,"N","N","Injury (Complaint of Pain)","N",2014,14,"Spring","N","N","W","N","N","Y","N","N","N","N","N","Daylight","Vehicle/Pedestrian","Traffic Signals and Signs","Pedestrian","N","N","Y","N"
6495444,"N","Y","Injury (Complaint of Pain)","N",2014,23.1666666666667,"Spring","N","Y","Su","N","Y","Y","N","N","N","N","N","Dark - Street Lights","Overturned","Pedestrian Right of Way","Fixed Object","N","N","N","N"
6495460,"N","Y","PDO (property damage only)","N",2014,17.3,"Spring","PM","N","M","N","Y","Y","N","N","N","N","N","Daylight","Sideswipe","Automobile Right of Way","Other Motor Vehicle","N","N","N","N"
6495464,"N","Y","PDO (property damage only)","N",2014,12.0833333333333,"Spring","N","N","Tu","N","Y","Y","N","N","N","N","N","Daylight","Overturned","Wrong Side of Road","Non-Collision","N","N","N","N"
6495704,"N","Y","Injury (Complaint of Pain)","N",2014,14.7,"Spring","N","N","M","N","N","Y","N","N","N","N","N","Daylight","Rear End","Driving or Bicycling Under the Influence of Alcohol or Drug","Other Motor Vehicle","N","Y","N","N"
6497134,"N","Y","Injury (Complaint of Pain)","N",2014,12.8333333333333,"Spring","N","N","Sa","Y","N","Y","N","N","N","N","N","Daylight","Broadside","Improper Turning","Other Motor Vehicle","N","N","N","N"
6497136,"N","Y","Injury (Other Visible)","N",2014,10.8333333333333,"Spring","N","N","W","Y","N","Y","N","N","N","N","N","Daylight","Broadside","Pedestrian Violation","Other Motor Vehicle","N","N","N","N"
6497139,"N","Y","PDO (property damage only)","N",2014,17.25,"Spring","N","N","Su","Y","N","Y","N","N","N","N","N","Daylight","Sideswipe","Unsafe Lane Change","Other Motor Vehicle","N","N","N","N"
6497142,"N","Y","Injury (Complaint of Pain)","N",2014,17.0833333333333,"Spring","PM","N","Th","N","N","Y","N","N","N","N","N","Daylight","Sideswipe","Automobile Right of Way","Other Motor Vehicle","N","N","N","N"
6497150,"N","Y","PDO (property damage only)","N",2014,21.4166666666667,"Spring","N","N","F","Y","N","Y","N","N","N","N","N","Dark - Street Lights","Rear End","Wrong Side of Road","Other Motor Vehicle","N","N","N","N"
6497442,"N","N","Fatal","Y",2014,0.166666666666667,"Spring","N","Y","Th","N","N","Y","N","N","N","N","N","Dark - Street Lights","Rear End","Unsafe Starting or Backing","Parked Motor Vehicle","N","N","N","N"
6499724,"N","Y","Injury (Complaint of Pain)","N",2014,12.9,"Spring","N","N","Sa","N","Y","Y","N","N","N","N","N","Daylight","Overturned","Pedestrian Right of Way","Non-Collision","N","N","N","N"
6499726,"N","Y","Injury (Complaint of Pain)","N",2014,1.75,"Spring","N","Y","Tu","N","Y","Y","N","N","N","N","N","Dark - Street Lights","Overturned","Pedestrian Right of Way","Non-Collision","N","N","N","N"
6500052,"N","Y","Injury (Complaint of Pain)","N",2014,8.25,"Spring","AM","N","M","N","Y","Y","N","N","N","N","N","Daylight","Sideswipe","Pedestrian Right of Way","Other Motor Vehicle","N","N","N","N"
6500578,"N","N","Fatal","Y",2014,20.4166666666667,"Spring","N","N","F","N","Y","Y","N","N","N","N","N","Daylight","Rear End","Wrong Side of Road","Other Motor Vehicle","N","N","N","N"
6500708,"N","Y","PDO (property damage only)","N",2014,16.4666666666667,"Spring","PM","N","W","N","Y","Y","N","N","N","N","N","Daylight","Rear End","Pedestrian Right of Way","Other Motor Vehicle","N","N","N","N"
6500904,"N","Y","Injury (Complaint of Pain)","N",2014,18.5,"Spring","PM","N","W","N","Y","Y","N","N","N","N","N","Daylight","Sideswipe","Pedestrian Right of Way","Other Motor Vehicle","N","N","N","N"
6500924,"N","Y","Injury (Complaint of Pain)","N",2014,14.8333333333333,"Spring","N","N","F","N","Y","Y","N","N","N","N","N","Daylight","Rear End","Impeding Traffic","Other Motor Vehicle","N","N","N","N"
6501120,"N","N","Injury (Other Visible)","N",2014,22.5,"Spring","N","N","Sa","Y","N","Y","N","N","N","N","N","Dark - Street Lights","Broadside","Pedestrian Violation","Motor Vehicle on Other Roadway","N","N","N","N"
6501135,"N","Y","PDO (property damage only)","N",2014,9.91666666666667,"Spring","N","N","M","N","Y","Y","N","N","N","N","N","Daylight","Rear End","Wrong Side of Road","Other Motor Vehicle","N","N","N","N"
6501143,"N","Y","PDO (property damage only)","N",2014,8.58333333333333,"Spring","AM","N","Tu","N","Y","Y","N","N","N","N","N","Daylight","Rear End","Wrong Side of Road","Other Motor Vehicle","N","N","N","N"
6501153,"N","Y","Injury (Complaint of Pain)","N",2014,20.5,"Spring","N","N","W","N","N","Y","N","N","N","N","N","Dark - Street Lights","Sideswipe","Lights","Other Motor Vehicle","N","N","N","N"
6501156,"N","Y","Injury (Complaint of Pain)","N",2014,13,"Spring","N","N","Th","Y","N","N","Y","N","N","N","N","Daylight","Other","Wrong Side of Road","Non-Collision","N","N","N","N"
6501157,"N","Y","Injury (Complaint of Pain)","N",2014,0.25,"Spring","N","Y","Th","Y","N","Y","N","N","N","N","N","Dark - Street Lights","Broadside","Pedestrian Violation","Other Motor Vehicle","N","N","N","N"
6501179,"N","Y","PDO (property damage only)","N",2014,6.75,"Spring","N","N","F","N","Y","N","Y","N","N","N","N","Daylight","Rear End","Wrong Side of Road","Other Motor Vehicle","N","N","N","N"
6501196,"N","Y","Injury (Other Visible)","N",2014,7.83333333333333,"Spring","AM","N","M","N","N","N","Y","N","N","N","N","Daylight","Other","Wrong Side of Road","Fixed Object","N","N","N","N"
6502631,"N","Y","Injury (Complaint of Pain)","N",2014,18.9166666666667,"Spring","PM","N","F","N","N","Y","N","N","N","N","N","Daylight","Sideswipe","Automobile Right of Way","Other Motor Vehicle","N","N","N","N"
6503043,"N","N","Fatal","Y",2014,18.75,"Spring","N","N","Sa","N","Y","Y","N","N","N","N","N","Daylight","Rear End","Wrong Side of Road","Other Motor Vehicle","N","N","N","N"
6503044,"N","N","Fatal","Y",2014,23.1166666666667,"Spring","N","Y","W","N","Y","Y","N","N","N","N","N","Dark - No Street Lights","Rear End","Wrong Side of Road","Other Motor Vehicle","N","N","N","N"
6503060,"N","N","Fatal","Y",2014,6.58333333333333,"Spring","N","N","Th","N","Y","N","Y","N","N","N","N","Daylight","Rear End","Wrong Side of Road","Other Motor Vehicle","N","N","N","N"
6503067,"N","N","Fatal","Y",2014,23.1,"Spring","N","Y","W","N","Y","Y","N","N","N","N","N","Dark - No Street Lights","Rear End","Wrong Side of Road","Other Motor Vehicle","N","N","N","N"
6503071,"N","Y","Injury (Other Visible)","N",2014,23.0833333333333,"Spring","N","Y","W","N","Y","Y","N","N","N","N","N","Dark - No Street Lights","Rear End","Unsafe Speed","Other Motor Vehicle","Y","N","N","N"
6503320,"N","N","Fatal","Y",2014,15.7166666666667,"Spring","PM","N","F","N","Y","Y","N","N","N","N","N","Daylight","Sideswipe","Automobile Right of Way","Other Motor Vehicle","N","N","N","N"
6503563,"N","Y","PDO (property damage only)","N",2014,16.4,"Spring","PM","N","W","N","Y","Y","N","N","N","N","N","Daylight","Overturned","Automobile Right of Way","Fixed Object","N","N","N","N"
6503564,"N","Y","Injury (Complaint of Pain)","N",2014,21.6666666666667,"Spring","N","N","Sa","N","Y","Y","N","N","N","N","N","Dark - Street Lights","Sideswipe","Wrong Side of Road","Other Motor Vehicle","N","N","N","N"
6503935,"N","N","Fatal","Y",2014,14.9166666666667,"Spring","N","N","Sa","N","N","Y","N","N","N","N","N","Daylight","Sideswipe","Wrong Side of Road","Parked Motor Vehicle","N","N","N","N"
6504251,"N","Y","PDO (property damage only)","N",2014,7.33333333333333,"Spring","AM","N","W","N","Y","Y","N","N","N","N","N","Daylight","Rear End","Automobile Right of Way","Other Motor Vehicle","N","N","N","N"
6504259,"N","Y","Injury (Complaint of Pain)","N",2014,12.3166666666667,"Spring","N","N","Sa","N","Y","Y","N","N","N","N","N","Daylight","Rear End","Wrong Side of Road","Other Motor Vehicle","N","N","N","N"
6504526,"N","Y","Injury (Other Visible)","N",2014,13.5,"Spring","N","N","Su","Y","N","Y","N","N","N","N","N","Daylight","Broadside","Pedestrian Violation","Other Motor Vehicle","N","N","N","N"
6504673,"N","Y","Injury (Other Visible)","N",2014,13.3333333333333,"Spring","N","N","F","N","N","Y","N","N","N","N","N","Daylight","Rear End","Wrong Side of Road","Other Motor Vehicle","N","N","N","N"
6504705,"N","Y","Injury (Other Visible)","N",2014,1.33333333333333,"Spring","N","Y","Su","Y","N","Y","N","N","N","N","N","Dark - Street Lights","Head-On","Wrong Side of Road","Other Motor Vehicle","N","N","N","N"
6505116,"N","Y","Injury (Other Visible)","N",2014,21.3333333333333,"Spring","N","N","Tu","Y","N","Y","N","N","N","N","N","Dark - Street Lights","Head-On","Pedestrian Violation","Other Motor Vehicle","N","N","N","N"
6505465,"N","Y","Injury (Complaint of Pain)","N",2014,11.9166666666667,"Spring","N","N","Tu","Y","N","Y","N","N","N","N","N","Daylight","Broadside","Pedestrian Violation","Other Motor Vehicle","N","N","N","N"
6505791,"N","Y","PDO (property damage only)","N",2014,18,"Spring","PM","N","W","N","Y","Y","N","N","N","N","N","Daylight","Sideswipe","Automobile Right of Way","Other Motor Vehicle","N","N","N","N"
6505862,"N","Y","Injury (Complaint of Pain)","N",2014,19.9166666666667,"Spring","N","N","Th","N","Y","Y","N","N","N","N","Y","Daylight","Rear End","Automobile Right of Way","Other Motor Vehicle","N","N","N","N"
6505892,"N","Y","PDO (property damage only)","N",2014,0.0166666666666667,"Spring","N","Y","Tu","N","N","Y","N","N","N","N","N","Dark - Street Lights","Broadside","Pedestrian Violation","Other Motor Vehicle","N","N","N","N"
6506018,"N","Y","Injury (Complaint of Pain)","N",2014,16.6666666666667,"Spring","N","N","Su","N","N","Y","N","N","N","N","N","Daylight","Sideswipe","Unsafe Speed","Other Motor Vehicle","N","N","N","N"
6506052,"N","Y","Injury (Complaint of Pain)","N",2014,12.25,"Spring","N","N","Th","N","Y","Y","N","N","N","N","N","Daylight","Sideswipe","Automobile Right of Way","Other Motor Vehicle","N","N","N","N"
6506057,"N","Y","PDO (property damage only)","N",2014,19.1666666666667,"Spring","N","N","M","N","Y","Y","N","N","N","N","N","Daylight","Sideswipe","Automobile Right of Way","Other Motor Vehicle","N","N","N","N"
6506371,"N","N","PDO (property damage only)","N",2014,12.4166666666667,"Spring","N","N","M","N","Y","Y","N","N","N","N","N","Daylight","Rear End","Wrong Side of Road","Other Motor Vehicle","N","N","N","N"
6506404,"N","Y","PDO (property damage only)","N",2014,16.75,"Spring","PM","N","W","N","N","Y","N","N","N","N","N","Daylight","Broadside","Improper Turning","Other Motor Vehicle","N","N","N","N"
6506940,"N","Y","Injury (Complaint of Pain)","N",2014,10.9166666666667,"Spring","N","N","Su","N","Y","Y","N","N","N","N","N","Daylight","Sideswipe","Impeding Traffic","Other Motor Vehicle","N","N","N","N"
6507820,"N","N","Injury (Complaint of Pain)","N",2014,6.66666666666667,"Spring","N","N","F","N","N","N","Y","N","N","N","N","Daylight","Broadside","Pedestrian Right of Way","Other Motor Vehicle","N","N","N","N"
6508615,"N","Y","Injury (Other Visible)","N",2014,20.3333333333333,"Spring","N","N","F","N","Y","Y","N","N","N","N","N","Dark - Street Lights","Hit Object","Wrong Side of Road","Fixed Object","N","N","N","N"
6508766,"N","Y","Injury (Complaint of Pain)","N",2014,21.1666666666667,"Spring","N","N","F","N","N","Y","N","N","N","N","N","Dark - Street Lights","Sideswipe","Automobile Right of Way","Other Motor Vehicle","N","N","N","N"
6508771,"N","Y","Injury (Complaint of Pain)","N",2014,17.3833333333333,"Spring","PM","N","M","N","Y","Y","N","N","N","N","N","Daylight","Rear End","Wrong Side of Road","Other Motor Vehicle","N","N","N","N"
6508782,"N","Y","Injury (Complaint of Pain)","N",2014,15.5,"Spring","PM","N","M","N","N","Y","N","N","N","N","N","Daylight","Sideswipe","Automobile Right of Way","Other Motor Vehicle","N","N","N","N"
6508795,"N","Y","PDO (property damage only)","N",2014,13.3333333333333,"Spring","N","N","F","N","Y","Y","N","N","N","N","N","Daylight","Sideswipe","Automobile Right of Way","Other Motor Vehicle","N","N","N","N"
6508983,"N","Y","Injury (Complaint of Pain)","N",2014,22.5,"Spring","N","N","W","N","Y","Y","N","N","N","N","N","Dark - Street Lights","Rear End","Wrong Side of Road","Other Motor Vehicle","N","N","N","N"
6508984,"N","Y","Injury (Complaint of Pain)","N",2014,7.86666666666667,"Spring","AM","N","M","N","Y","Y","N","N","N","N","N","Daylight","Sideswipe","Automobile Right of Way","Other Motor Vehicle","N","N","N","N"
6508987,"N","Y","PDO (property damage only)","N",2014,16.9166666666667,"Spring","PM","N","Th","N","Y","Y","N","N","N","N","N","Daylight","Sideswipe","Wrong Side of Road","Other Motor Vehicle","N","N","N","N"
6508999,"N","Y","PDO (property damage only)","N",2014,17.0833333333333,"Spring","PM","N","M","N","Y","Y","N","N","N","N","N","Daylight","Sideswipe","Wrong Side of Road","Other Motor Vehicle","N","N","N","N"
6509000,"N","Y","Injury (Complaint of Pain)","N",2014,18,"Spring","PM","N","M","N","Y","Y","N","N","N","N","N","Daylight","Sideswipe","Automobile Right of Way","Other Motor Vehicle","N","N","N","N"
6509003,"N","Y","PDO (property damage only)","N",2014,13.8333333333333,"Spring","N","N","Su","N","Y","Y","N","N","N","N","N","Daylight","Overturned","Pedestrian Right of Way","Non-Collision","N","N","N","N"
6509004,"N","Y","Injury (Complaint of Pain)","N",2014,7.58333333333333,"Spring","AM","N","W","N","Y","Y","N","N","N","N","N","Daylight","Sideswipe","Wrong Side of Road","Other Motor Vehicle","N","N","N","N"
6509011,"N","Y","Injury (Complaint of Pain)","N",2014,14.75,"Spring","N","N","W","N","Y","Y","N","N","N","N","N","Daylight","Rear End","Automobile Right of Way","Other Motor Vehicle","N","N","N","N"
6509036,"N","Y","PDO (property damage only)","N",2014,8.5,"Spring","AM","N","Th","N","Y","Y","N","N","N","N","N","Daylight","Sideswipe","Automobile Right of Way","Other Motor Vehicle","N","N","N","N"
6509040,"N","Y","Injury (Complaint of Pain)","N",2014,22.8333333333333,"Spring","N","N","F","N","Y","Y","N","N","N","N","N","Dark - Street Lights","Rear End","Pedestrian Right of Way","Other Motor Vehicle","N","N","N","N"
6509245,"N","Y","Injury (Complaint of Pain)","N",2014,0.583333333333333,"Spring","N","Y","M","N","N","Y","N","N","N","N","N","Dark - Street Lights","Other","Wrong Side of Road","Other Object","N","N","N","N"
6509452,"N","N","Fatal","Y",2014,5.75,"Spring","N","N","Th","N","Y","Y","N","N","N","N","N","Dark - No Street Lights","Hit Object","Code 20","Other Object","N","N","N","N"
6509474,"N","Y","Injury (Other Visible)","N",2014,2,"Spring","N","Y","Sa","Y","N","Y","N","N","N","N","N","Dark - Street Lights","Broadside","Unsafe Speed","Other Motor Vehicle","Y","N","N","N"
6509482,"N","Y","Injury (Complaint of Pain)","N",2014,13.75,"Spring","N","N","Su","N","N","Y","N","N","N","N","N","Daylight","Broadside","Pedestrian Right of Way","Other Motor Vehicle","N","N","N","N"
6509718,"N","Y","Injury (Complaint of Pain)","N",2014,11.5,"Spring","N","N","F","N","N","Y","N","N","N","N","N","Daylight","Hit Object","Pedestrian Violation","Fixed Object","N","N","N","N"
6511524,"N","Y","Injury (Other Visible)","N",2014,16.4166666666667,"Spring","PM","N","Th","N","Y","Y","N","N","N","N","N","Daylight","Rear End","Wrong Side of Road","Other Motor Vehicle","N","Y","N","N"
6511694,"N","N","PDO (property damage only)","N",2014,16.1666666666667,"Spring","PM","N","Th","N","Y","Y","N","N","N","N","N","Daylight","Sideswipe","Automobile Right of Way","Other Motor Vehicle","N","N","N","N"
6512004,"N","Y","Injury (Complaint of Pain)","N",2014,6.5,"Spring","N","N","Th","N","Y","Y","N","N","N","N","N","Daylight","Overturned","Wrong Side of Road","Non-Collision","N","N","N","N"
6512005,"N","Y","Injury (Complaint of Pain)","N",2014,10.25,"Spring","N","N","Su","N","Y","Y","N","N","N","N","N","Daylight","Overturned","Pedestrian Right of Way","Non-Collision","N","N","N","N"
6512035,"N","Y","Injury (Complaint of Pain)","N",2014,15.1666666666667,"Spring","PM","N","Th","N","Y","Y","N","N","N","N","N","Daylight","Rear End","Wrong Side of Road","Other Motor Vehicle","N","N","N","N"
6512055,"N","Y","Injury (Other Visible)","N",2014,7.25,"Spring","AM","N","Th","N","Y","Y","N","N","N","N","N","Daylight","Sideswipe","Automobile Right of Way","Other Motor Vehicle","N","N","N","N"
6512449,"N","Y","Injury (Complaint of Pain)","N",2014,23.3333333333333,"Spring","N","Y","Su","Y","N","Y","N","N","N","N","N","Dark - Street Lights","Broadside","Pedestrian Violation","Other Motor Vehicle","N","N","N","N"
6512450,"N","Y","Injury (Complaint of Pain)","N",2014,20,"Spring","N","N","Su","N","N","N","Y","N","N","N","N","Dusk or Dawn","Hit Object","Wrong Side of Road","Fixed Object","N","N","N","N"
6513270,"N","Y","Injury (Complaint of Pain)","N",2014,17.8333333333333,"Spring","PM","N","F","N","Y","Y","N","N","N","N","N","Daylight","Hit Object","Wrong Side of Road","Fixed Object","N","N","N","N"
6513557,"N","Y","Injury (Other Visible)","N",2014,3.41666666666667,"Spring","N","Y","Su","N","Y","Y","N","N","N","N","N","Dark - No Street Lights","Hit Object","Unsafe Speed","Fixed Object","Y","N","N","N"
6513644,"N","Y","Injury (Complaint of Pain)","N",2014,10.3333333333333,"Spring","N","N","Sa","Y","N","Y","N","N","N","N","N","Daylight","Head-On","Pedestrian Violation","Other Motor Vehicle","N","N","N","N"
6513697,"N","Y","Injury (Complaint of Pain)","N",2014,16.25,"Spring","PM","N","W","N","Y","Y","N","N","N","N","N","Daylight","Rear End","Wrong Side of Road","Other Motor Vehicle","N","N","N","N"
6513748,"N","Y","PDO (property damage only)","N",2014,9.33333333333333,"Spring","N","N","Su","Y","Y","Y","N","N","N","N","N","Daylight","Broadside","Code 19","Other Motor Vehicle","N","N","N","N"
6514034,"N","N","PDO (property damage only)","N",2014,15.5,"Spring","PM","N","Th","Y","N","Y","N","N","N","N","N","Daylight","Broadside","Pedestrian Violation","Other Motor Vehicle","N","N","N","N"
6514192,"N","Y","Injury (Complaint of Pain)","N",2014,9.5,"Spring","N","N","W","Y","N","Y","N","N","N","N","N","Daylight","Broadside","Pedestrian Violation","Other Motor Vehicle","N","N","N","N"
6515178,"N","Y","Injury (Complaint of Pain)","N",2014,10,"Winter","N","N","M","N","Y","Y","N","N","N","N","N","Daylight","Sideswipe","Pedestrian Right of Way","Other Motor Vehicle","N","N","N","N"
6515180,"N","Y","Injury (Complaint of Pain)","N",2014,17,"Spring","PM","N","Tu","N","N","Y","N","N","N","N","N","Daylight","Vehicle/Pedestrian","Pedestrian Right of Way","Bicycle","N","N","N","Y"
6515188,"N","Y","Injury (Complaint of Pain)","N",2014,20.5,"Spring","N","N","Su","Y","N","Y","N","N","N","N","N","Dark - Street Lights","Broadside","Pedestrian Violation","Other Motor Vehicle","N","N","N","N"