"CASE_ID","mc_killed","mc_injured","collision_severity","severe","accident_year","hours_since_midnight","season","rush_hour","late_night","day_of_week","intersection","state_hwy_ind","w_clear","w_cloudy","w_rainy","w_other","road_not_dry","road_condition_issue","lighting","type_of_collision","pcf_viol_category","mviw","alcohol_involved","truck_accident","pedestrian_accident","bicycle_accident"
6515233,"N","N","Injury (Complaint of Pain)","N",2014,19.8333333333333,"Spring","N","N","M","Y","N","Y","N","N","N","N","N","Dark - Street Lights","Broadside","Pedestrian Violation","Bicycle","N","N","N","Y"
6515247,"N","Y","PDO (property damage only)","N",2014,16.9166666666667,"Spring","N","N","Su","N","N","Y","N","N","N","N","N","Daylight","Hit Object","Wrong Side of Road","Fixed Object","N","N","N","N"
6515249,"N","Y","Injury (Complaint of Pain)","N",2014,12.6666666666667,"Spring","N","N","Tu","Y","N","Y","N","N","N","N","Y","Daylight","Broadside","Code 19","Other Motor Vehicle","N","N","N","N"
6515388,"N","Y","Injury (Complaint of Pain)","N",2014,16.25,"Spring","PM","N","Th","N","N","Y","N","N","N","N","N","Daylight","Broadside","Pedestrian Violation","Other Motor Vehicle","N","N","N","N"
6515647,"N","Y","Injury (Complaint of Pain)","N",2014,17,"Spring","N","N","Sa","N","Y","Y","N","N","N","N","N","Daylight","Rear End","Wrong Side of Road","Other Motor Vehicle","N","N","N","N"
6515832,"N","Y","PDO (property damage only)","N",2014,12.4166666666667,"Spring","N","N","Su","N","Y","Y","N","N","N","N","N","Daylight","Sideswipe","Wrong Side of Road","Other Motor Vehicle","N","N","N","N"
6515950,"N","Y","Injury (Other Visible)","N",2014,17.5,"Spring","PM","N","W","Y","N","Y","N","N","N","N","N","Daylight","Broadside","Pedestrian Right of Way","Other Motor Vehicle","N","N","N","N"
6515962,"N","Y","Injury (Complaint of Pain)","N",2014,18.1666666666667,"Spring","N","N","Su","N","N","Y","N","N","N","N","N","Daylight","Hit Object","Wrong Side of Road","Parked Motor Vehicle","N","N","N","N"
6516793,"N","Y","Injury (Complaint of Pain)","N",2014,8.78333333333333,"Spring","AM","N","Tu","N","Y","Y","N","N","N","N","N","Daylight","Sideswipe","Automobile Right of Way","Other Motor Vehicle","N","N","N","N"
6516977,"N","Y","Injury (Complaint of Pain)","N",2014,14.8333333333333,"Spring","N","N","Su","N","Y","Y","N","N","N","N","N","Daylight","Overturned","Pedestrian Right of Way","Non-Collision","N","N","N","N"
6517040,"N","Y","Injury (Complaint of Pain)","N",2014,9.25,"Summer","N","N","Tu","N","Y","Y","N","N","N","N","N","Daylight","Rear End","Wrong Side of Road","Other Motor Vehicle","N","N","N","N"
6517126,"N","Y","PDO (property damage only)","N",2014,15.5833333333333,"Spring","PM","N","M","N","Y","Y","N","N","N","N","N","Daylight","Sideswipe","Automobile Right of Way","Other Motor Vehicle","N","N","N","N"
6517189,"N","Y","PDO (property damage only)","N",2014,10.25,"Spring","N","N","F","N","Y","Y","N","N","N","N","N","Daylight","Sideswipe","Wrong Side of Road","Other Motor Vehicle","N","N","N","N"
6517232,"N","Y","Injury (Complaint of Pain)","N",2014,23.6666666666667,"Spring","N","Y","W","Y","N","Y","N","N","N","N","N","Dark - Street Lights","Broadside","Pedestrian Violation","Other Motor Vehicle","N","N","N","N"
6517453,"N","Y","Injury (Complaint of Pain)","N",2014,17.4166666666667,"Spring","PM","N","W","N","N","Y","N","N","N","N","N","Daylight","Broadside","Pedestrian Violation","Other Motor Vehicle","N","N","N","N"
6517485,"N","Y","PDO (property damage only)","N",2014,16,"Spring","N","N","Su","Y","N","Y","N","N","N","N","N","Daylight","Sideswipe","Lights","Non-Collision","N","N","N","N"
6518170,"N","Y","PDO (property damage only)","N",2014,20.4166666666667,"Winter","N","N","F","Y","N","Y","N","N","N","N","N","Dark - Street Lights","Broadside","Pedestrian Violation","Other Motor Vehicle","N","N","N","N"
6520258,"N","Y","Injury (Complaint of Pain)","N",2014,15.9166666666667,"Spring","PM","N","Tu","Y","N","Y","N","N","N","N","Y","Daylight","Broadside","Pedestrian Violation","Other Motor Vehicle","N","N","N","N"
6520488,"N","Y","Injury (Complaint of Pain)","N",2014,23,"Spring","N","Y","Th","N","Y","Y","N","N","N","N","N","Dark - No Street Lights","Overturned","Pedestrian Right of Way","Non-Collision","Y","N","N","N"
6520500,"N","Y","Injury (Complaint of Pain)","N",2014,18.5833333333333,"Spring","PM","N","W","N","Y","Y","N","N","N","N","N","Daylight","Sideswipe","Wrong Side of Road","Other Motor Vehicle","N","N","N","N"
6520512,"N","Y","Injury (Complaint of Pain)","N",2014,6.91666666666667,"Spring","N","N","Su","N","Y","N","Y","N","N","N","N","Daylight","Overturned","Pedestrian Right of Way","Non-Collision","N","N","N","N"
6520548,"N","Y","Injury (Other Visible)","N",2014,7.83333333333333,"Spring","AM","N","Tu","N","Y","Y","N","N","N","N","N","Daylight","Sideswipe","Automobile Right of Way","Other Motor Vehicle","N","N","N","N"
6521116,"N","N","Fatal","Y",2014,20.8333333333333,"Spring","N","N","Su","N","N","Y","N","N","N","N","N","Dark - Street Lights","Rear End","Unsafe Speed","Parked Motor Vehicle","Y","N","N","N"
6521943,"N","N","Fatal","Y",2014,18.75,"Winter","PM","N","F","N","N","Y","N","N","N","Y","N","Dark - Street Lights","Rear End","Wrong Side of Road","Parked Motor Vehicle","N","N","N","N"
6522114,"N","Y","Injury (Complaint of Pain)","N",2014,17.9166666666667,"Winter","PM","N","W","Y","N","Y","N","N","N","N","N","Daylight","Broadside","Pedestrian Violation","Other Motor Vehicle","N","N","N","N"
6522121,"N","Y","PDO (property damage only)","N",2014,17.9166666666667,"Spring","N","N","Sa","Y","N","Y","N","N","N","N","N","Daylight","Broadside","Pedestrian Violation","Other Motor Vehicle","N","N","N","N"
6522133,"N","Y","Injury (Complaint of Pain)","N",2014,16.25,"Spring","N","N","Sa","N","N","Y","N","N","N","Y","N","Daylight","Head-On","Other Improper Driving","Fixed Object","N","N","N","N"
6522137,"N","Y","PDO (property damage only)","N",2014,9,"Spring","AM","N","F","N","N","N","Y","N","N","N","N","Daylight","Other","Improper Passing","Other Object","N","N","N","N"
6523014,"N","N","Fatal","Y",2014,7.91666666666667,"Spring","AM","N","F","N","Y","Y","N","N","N","N","N","Daylight","Overturned","Wrong Side of Road","Non-Collision","N","N","N","N"
6523205,"N","N","Fatal","Y",2014,15.6666666666667,"Spring","PM","N","W","N","N","Y","N","N","N","N","N","Daylight","Rear End","Wrong Side of Road","Other Motor Vehicle","N","N","N","N"
6524003,"N","Y","Injury (Complaint of Pain)","N",2014,18.1666666666667,"Winter","PM","N","W","N","Y","Y","N","N","N","N","N","Dark - Street Lights","Sideswipe","Automobile Right of Way","Other Motor Vehicle","N","N","N","N"
6524015,"N","Y","Injury (Complaint of Pain)","N",2014,22.1666666666667,"Winter","N","N","W","Y","N","Y","N","N","N","N","N","Dark - Street Lights","Head-On","Pedestrian Violation","Other Motor Vehicle","N","N","N","N"
6524253,"N","Y","Injury (Complaint of Pain)","N",2014,16,"Spring","PM","N","Th","N","N","Y","N","N","N","N","N","Daylight","Broadside","Wrong Side of Road","Other Motor Vehicle","N","N","N","N"
6524273,"N","Y","Injury (Complaint of Pain)","N",2014,18.25,"Spring","PM","N","Tu","N","N","Y","N","N","N","N","N","Daylight","Rear End","Wrong Side of Road","Other Motor Vehicle","N","N","N","N"
6524318,"N","Y","Injury (Complaint of Pain)","N",2014,15.5,"Spring","PM","N","Th","N","N","Y","N","N","N","N","N","Daylight","Other","Wrong Side of Road","Non-Collision","N","N","N","N"
6524661,"N","N","PDO (property damage only)","N",2014,15.5833333333333,"Spring","PM","N","M","Y","N","Y","N","N","N","N","N","Daylight","Broadside","Traffic Signals and Signs","Pedestrian","N","N","Y","N"
6524678,"N","Y","PDO (property damage only)","N",2014,18,"Spring","PM","N","Tu","N","N","Y","N","N","N","N","N","Daylight","Broadside","Pedestrian Violation","Other Motor Vehicle","N","N","N","N"
6524751,"N","Y","Injury (Complaint of Pain)","N",2014,19.25,"Spring","N","N","W","N","Y","Y","N","N","N","N","N","Daylight","Sideswipe","Automobile Right of Way","Other Motor Vehicle","N","N","N","N"
6524808,"N","Y","Injury (Complaint of Pain)","N",2014,14.5,"Spring","N","N","M","Y","N","Y","N","N","N","N","N","Daylight","Rear End","Wrong Side of Road","Other Motor Vehicle","N","N","N","N"
6524828,"N","Y","PDO (property damage only)","N",2014,17.1666666666667,"Spring","N","N","Su","N","N","Y","N","N","N","Y","Y","Daylight","Other","Wrong Side of Road","Other Object","N","N","N","N"
6524831,"N","Y","Injury (Other Visible)","N",2014,6.75,"Spring","N","N","F","N","N","N","Y","N","N","N","N","Daylight","Head-On","Pedestrian Violation","Other Motor Vehicle","N","N","N","N"
6524891,"N","Y","Injury (Other Visible)","N",2014,15,"Spring","PM","N","M","N","Y","Y","N","N","N","N","N","Daylight","Hit Object","Pedestrian Right of Way","Fixed Object","N","N","N","N"
6525031,"N","Y","Injury (Complaint of Pain)","N",2014,16.9166666666667,"Spring","PM","N","Th","Y","N","Y","N","N","N","N","N","Daylight","Broadside","Lights","Other Motor Vehicle","N","N","N","N"
6525117,"N","Y","Injury (Complaint of Pain)","N",2014,22.75,"Spring","N","N","Tu","N","N","Y","N","N","N","N","N","Dark - Street Lights","Vehicle/Pedestrian","Traffic Signals and Signs","Pedestrian","Y","N","Y","N"
6526054,"N","N","Fatal","Y",2014,12.75,"Spring","N","N","Su","N","N","Y","N","N","N","N","N","Daylight","Rear End","Other Improper Driving","Parked Motor Vehicle","N","N","N","N"
6526486,"N","Y","PDO (property damage only)","N",2014,10.8333333333333,"Spring","N","N","W","Y","N","Y","N","N","N","N","N","Daylight","Rear End","Wrong Side of Road","Other Motor Vehicle","N","N","N","N"
6526496,"N","N","Fatal","Y",2014,12.8333333333333,"Spring","N","N","W","N","Y","Y","N","N","N","N","N","Daylight","Rear End","Wrong Side of Road","Other Motor Vehicle","N","N","N","N"
6527027,"N","Y","Injury (Complaint of Pain)","N",2014,2.41666666666667,"Spring","N","Y","Su","N","N","Y","N","N","N","N","Y","Dark - Street Lights","Rear End","Wrong Side of Road","Parked Motor Vehicle","N","N","N","N"
6527037,"N","Y","PDO (property damage only)","N",2014,14,"Spring","N","N","M","N","N","Y","N","N","N","N","N","Daylight","Broadside","Pedestrian Violation","Other Motor Vehicle","N","N","N","N"
6527127,"N","N","Fatal","Y",2014,16.25,"Spring","PM","N","Th","N","N","Y","N","N","N","N","N","Daylight","Other","Improper Turning","Other Motor Vehicle","N","N","N","N"
6528916,"N","N","Fatal","Y",2014,19.5,"Spring","N","N","W","N","Y","Y","N","N","N","N","N","Dusk or Dawn","Sideswipe","Automobile Right of Way","Other Motor Vehicle","N","N","N","N"
6529198,"N","Y","Injury (Complaint of Pain)","N",2014,14.1333333333333,"Summer","N","N","F","N","Y","Y","N","N","N","N","N","Daylight","Hit Object","Pedestrian Right of Way","Fixed Object","N","N","N","N"
6529327,"N","Y","PDO (property damage only)","N",2014,17.4166666666667,"Spring","PM","N","F","Y","N","Y","N","N","N","N","N","Daylight","Broadside","Pedestrian Right of Way","Other Motor Vehicle","N","N","N","N"
6529350,"N","Y","PDO (property damage only)","N",2014,14.3333333333333,"Summer","N","N","M","N","N","Y","N","N","N","N","N","Daylight","Sideswipe","Driving or Bicycling Under the Influence of Alcohol or Drug","Other Motor Vehicle","N","N","N","N"
6529790,"N","Y","Injury (Complaint of Pain)","N",2014,18,"Spring","PM","N","F","N","N","Y","N","N","N","N","N","Daylight","Hit Object","Wrong Side of Road","Fixed Object","N","N","N","N"
6530251,"N","N","Fatal","Y",2014,12.4166666666667,"Spring","N","N","Sa","N","Y","Y","N","N","N","N","N","Daylight","Rear End","Automobile Right of Way","Other Motor Vehicle","N","N","N","N"
6530472,"N","Y","Injury (Complaint of Pain)","N",2014,13.3333333333333,"Spring","N","N","F","N","Y","Y","N","N","N","N","N","Daylight","Sideswipe","Automobile Right of Way","Other Motor Vehicle","N","N","N","N"
6530682,"N","Y","Injury (Other Visible)","N",2014,0.833333333333333,"Spring","N","Y","W","N","Y","Y","N","N","N","N","N","Dark - Street Lights","Sideswipe","Automobile Right of Way","Other Motor Vehicle","N","N","N","N"
6531892,"N","Y","Injury (Complaint of Pain)","N",2014,12.75,"Spring","N","N","Su","N","N","Y","N","N","N","N","N","Daylight","Head-On","Pedestrian Right of Way","Bicycle","N","N","N","Y"
6531904,"N","Y","Injury (Complaint of Pain)","N",2014,20.25,"Spring","N","N","M","Y","N","Y","N","N","N","N","N","Dark - Street Lights","Rear End","Automobile Right of Way","Bicycle","N","N","N","Y"
6531914,"N","Y","PDO (property damage only)","N",2014,15,"Spring","PM","N","F","Y","N","Y","N","N","N","N","N","Daylight","Broadside","Improper Turning","Other Motor Vehicle","N","N","N","N"
6531916,"N","Y","PDO (property damage only)","N",2014,20.3333333333333,"Spring","N","N","Th","Y","N","Y","N","N","N","Y","N","Dark - Street Lights","Broadside","Pedestrian Violation","Other Motor Vehicle","N","N","N","N"
6532422,"N","Y","Injury (Complaint of Pain)","N",2014,15.6666666666667,"Spring","PM","N","M","N","Y","Y","N","N","N","N","Y","Daylight","Sideswipe","Pedestrian Right of Way","Other Motor Vehicle","N","N","N","N"
6532442,"N","Y","PDO (property damage only)","N",2014,19.6666666666667,"Spring","N","N","Tu","N","Y","Y","N","N","N","N","N","Dark - No Street Lights","Rear End","Wrong Side of Road","Other Motor Vehicle","N","N","N","N"
6533004,"N","Y","Injury (Complaint of Pain)","N",2014,25,"Spring","N","Y","W","N","N","Y","N","N","N","N","N","Dark - Street Lights","Broadside","Pedestrian Right of Way","Other Motor Vehicle","N","N","N","N"
6533035,"N","Y","PDO (property damage only)","N",2014,17.25,"Winter","PM","N","Th","N","Y","Y","N","N","N","N","N","Dusk or Dawn","Sideswipe","Wrong Side of Road","Other Motor Vehicle","N","N","N","N"
6533140,"N","N","Fatal","Y",2014,7.58333333333333,"Summer","AM","N","W","N","Y","Y","N","N","N","N","N","Daylight","Sideswipe","Automobile Right of Way","Other Motor Vehicle","N","N","N","N"
6533157,"N","Y","Injury (Complaint of Pain)","N",2014,18.4666666666667,"Spring","PM","N","Th","N","Y","Y","N","N","N","N","N","Daylight","Rear End","Pedestrian Right of Way","Other Motor Vehicle","N","N","N","N"
6533184,"N","N","Fatal","Y",2014,19.6166666666667,"Spring","N","N","Su","N","N","Y","N","N","N","N","N","Daylight","Other","Pedestrian Right of Way","Non-Collision","N","N","N","N"
6533750,"N","Y","Injury (Complaint of Pain)","N",2014,16.25,"Spring","PM","N","W","Y","N","Y","N","N","N","N","N","Daylight","Broadside","Pedestrian Violation","Other Motor Vehicle","N","N","N","N"
6534334,"N","Y","Injury (Complaint of Pain)","N",2014,1.5,"Spring","N","Y","W","N","Y","Y","N","N","N","N","N","Dark - Street Lights","Overturned","Unsafe Speed","Non-Collision","Y","N","N","N"
6534359,"N","N","Fatal","Y",2014,16.9666666666667,"Spring","PM","N","W","N","Y","Y","N","N","N","N","N","Daylight","Sideswipe","Automobile Right of Way","Other Motor Vehicle","N","N","N","N"
6534800,"N","Y","Injury (Complaint of Pain)","N",2014,18.5,"Spring","PM","N","Th","N","N","Y","N","N","N","N","N","Daylight","Broadside","Pedestrian Violation","Other Motor Vehicle","N","N","N","N"
6534847,"N","Y","Injury (Other Visible)","N",2014,17.1666666666667,"Spring","PM","N","Tu","Y","N","Y","N","N","N","N","N","Daylight","Broadside","Pedestrian Violation","Other Motor Vehicle","N","N","N","N"
6534852,"N","Y","Injury (Complaint of Pain)","N",2014,12.6666666666667,"Spring","N","N","F","Y","N","Y","N","N","N","N","N","Daylight","Broadside","Lights","Other Motor Vehicle","N","N","N","N"
6534876,"N","Y","Injury (Complaint of Pain)","N",2014,19,"Spring","PM","N","Tu","N","N","Y","N","N","N","N","N","Daylight","Sideswipe","Pedestrian Right of Way","Other Motor Vehicle","Y","N","N","N"
6536066,"N","N","Fatal","Y",2014,10.5833333333333,"Summer","N","N","Tu","N","Y","Y","N","N","N","N","N","Daylight","Rear End","Wrong Side of Road","Other Motor Vehicle","N","N","N","N"
6537064,"N","Y","Injury (Other Visible)","N",2014,16.9666666666667,"Summer","PM","N","M","N","Y","Y","N","N","N","N","N","Daylight","Rear End","Wrong Side of Road","Other Motor Vehicle","N","N","N","N"
6537157,"N","Y","Injury (Complaint of Pain)","N",2014,22.25,"Spring","N","N","Th","N","N","Y","N","N","N","N","N","Dark - Street Lights","Other","Pedestrian Violation","Non-Collision","N","N","N","N"
6537197,"N","N","Injury (Other Visible)","N",2014,2,"Summer","N","Y","Su","Y","N","Y","N","N","N","N","N","Dark - Street Lights","Broadside","Pedestrian Right of Way","Other Motor Vehicle","Y","N","N","N"
6537336,"N","Y","PDO (property damage only)","N",2014,16.0833333333333,"Summer","PM","N","Tu","N","N","Y","N","N","N","N","N","Daylight","Sideswipe","Automobile Right of Way","Other Motor Vehicle","N","N","N","N"
6537480,"N","Y","Injury (Complaint of Pain)","N",2014,14.25,"Spring","N","N","Sa","Y","N","Y","N","N","N","N","N","Daylight","Rear End","Unsafe Starting or Backing","Other Motor Vehicle","N","N","N","N"
6537504,"N","Y","Injury (Complaint of Pain)","N",2014,17.6666666666667,"Spring","PM","N","Th","N","N","Y","N","N","N","N","N","Dusk or Dawn","Sideswipe","Automobile Right of Way","Motor Vehicle on Other Roadway","N","N","N","N"
6537556,"N","Y","PDO (property damage only)","N",2014,17.75,"Spring","N","N","Su","N","N","Y","N","N","N","N","N","Dusk or Dawn","Rear End","Wrong Side of Road","Other Motor Vehicle","N","N","N","N"
6537813,"N","Y","Injury (Other Visible)","N",2014,21.25,"Spring","N","N","M","Y","Y","Y","N","N","N","N","N","Dark - Street Lights","Broadside","Pedestrian Violation","Other Motor Vehicle","N","N","N","N"
6537842,"N","Y","Injury (Complaint of Pain)","N",2014,17,"Spring","PM","N","F","N","N","Y","N","N","N","N","N","Daylight","Broadside","Unsafe Lane Change","Other Motor Vehicle","N","N","N","N"
6537873,"N","Y","PDO (property damage only)","N",2014,8.58333333333333,"Spring","AM","N","Th","N","N","Y","N","N","N","N","N","Daylight","Rear End","Improper Passing","Other Motor Vehicle","N","N","N","N"
6538001,"N","Y","Injury (Complaint of Pain)","N",2014,15.7833333333333,"Summer","PM","N","F","N","Y","Y","N","N","N","N","N","Daylight","Sideswipe","Wrong Side of Road","Other Motor Vehicle","N","N","N","N"
6538025,"N","Y","PDO (property damage only)","N",2014,5.08333333333333,"Summer","N","N","M","N","Y","Y","N","N","N","N","N","Daylight","Broadside","Wrong Side of Road","Other Motor Vehicle","N","N","N","N"
6538242,"N","Y","Injury (Complaint of Pain)","N",2014,18.6666666666667,"Summer","PM","N","W","Y","N","Y","N","N","N","N","N","Daylight","Broadside","Pedestrian Violation","Bicycle","N","N","N","Y"
6538250,"N","Y","Injury (Complaint of Pain)","N",2014,9.91666666666667,"Summer","N","N","W","Y","N","Y","N","N","N","N","N","Daylight","Sideswipe","Automobile Right of Way","Other Motor Vehicle","Y","N","N","N"
6538251,"N","Y","PDO (property damage only)","N",2014,12.5,"Summer","N","N","Su","N","N","Y","N","N","N","N","N","Daylight","Sideswipe","Automobile Right of Way","Other Motor Vehicle","N","N","N","N"
6538281,"N","Y","PDO (property damage only)","N",2014,19.5333333333333,"Summer","N","N","Th","N","N","Y","N","N","N","N","N","Daylight","Broadside","Pedestrian Violation","Other Motor Vehicle","N","N","N","N"
6538310,"N","Y","Injury (Complaint of Pain)","N",2014,11.5,"Summer","N","N","W","Y","N","Y","N","N","N","N","N","Daylight","Hit Object","Wrong Side of Road","Fixed Object","N","N","N","N"
6538348,"N","Y","Injury (Complaint of Pain)","N",2014,14.4166666666667,"Summer","N","N","F","N","Y","Y","N","N","N","N","N","Daylight","Hit Object","Unsafe Speed","Other Object","Y","N","N","N"
6538609,"N","Y","Injury (Complaint of Pain)","N",2014,17.75,"Spring","PM","N","Tu","N","N","Y","N","N","N","N","N","Daylight","Broadside","Improper Turning","Other Motor Vehicle","N","N","N","N"
6538633,"N","Y","Injury (Other Visible)","N",2014,19.0833333333333,"Spring","N","N","Tu","Y","N","Y","N","N","N","N","N","Daylight","Broadside","Pedestrian Violation","Other Motor Vehicle","N","N","N","N"
6538726,"N","Y","Injury (Complaint of Pain)","N",2014,22.75,"Spring","N","N","Th","N","N","Y","N","N","N","N","N","Dark - Street Lights","Broadside","Pedestrian Violation","Other Motor Vehicle","N","N","N","N"
6539281,"N","Y","Injury (Other Visible)","N",2014,9.66666666666667,"Spring","N","N","F","N","Y","Y","N","N","N","N","N","Daylight","Rear End","Automobile Right of Way","Other Motor Vehicle","N","N","N","N"
6540148,"N","Y","Injury (Complaint of Pain)","N",2014,1.08333333333333,"Spring","N","Y","Sa","N","N","Y","N","N","N","N","N","Dark - Street Lights","Broadside","Pedestrian Right of Way","Other Motor Vehicle","N","N","N","N"
6541032,"N","Y","Injury (Complaint of Pain)","N",2014,16.3333333333333,"Summer","N","N","Su","N","Y","Y","N","N","N","N","N","Daylight","Sideswipe","Automobile Right of Way","Other Motor Vehicle","N","N","N","N"
6541662,"N","N","Fatal","Y",2014,2.6,"Summer","N","Y","Sa","N","N","Y","N","N","N","N","N","Dark - Street Lights","Sideswipe","Unsafe Lane Change","Parked Motor Vehicle","N","N","N","N"
6541717,"N","N","Fatal","Y",2014,15.4666666666667,"Spring","PM","N","F","N","Y","Y","N","N","N","N","N","Daylight","Rear End","Wrong Side of Road","Other Motor Vehicle","N","N","N","N"
6541923,"N","Y","Injury (Complaint of Pain)","N",2014,18,"Summer","PM","N","W","N","Y","Y","N","N","N","N","N","Daylight","Sideswipe","Wrong Side of Road","Other Motor Vehicle","N","N","N","N"
6542748,"N","Y","Injury (Complaint of Pain)","N",2014,6.66666666666667,"Summer","N","N","F","N","Y","Y","N","N","N","N","N","Daylight","Overturned","Automobile Right of Way","Non-Collision","N","N","N","N"
6543148,"N","N","PDO (property damage only)","N",2014,16,"Spring","N","N","Sa","Y","N","Y","N","N","N","N","N","Daylight","Head-On","Lights","Other Motor Vehicle","Y","N","N","N"
6545029,"N","Y","PDO (property damage only)","N",2014,0.0833333333333333,"Spring","N","Y","F","N","N","Y","N","N","N","N","N","Dark - Street Lights","Sideswipe","Automobile Right of Way","Other Motor Vehicle","N","N","N","N"
6545037,"N","Y","Injury (Other Visible)","N",2014,22,"Summer","N","N","Su","Y","N","Y","N","N","N","N","N","Dark - Street Lights","Vehicle/Pedestrian","Hazardous Parking","Pedestrian","N","N","Y","N"
6547024,"N","Y","Injury (Other Visible)","N",2014,17.3333333333333,"Spring","PM","N","W","N","N","Y","N","N","N","N","N","Daylight","Sideswipe","Pedestrian Right of Way","Other Motor Vehicle","N","N","N","N"
6547148,"N","Y","Injury (Complaint of Pain)","N",2014,6.5,"Summer","N","N","Sa","Y","N","Y","N","N","N","N","N","Daylight","Broadside","Pedestrian Violation","Other Motor Vehicle","N","N","N","N"
6547314,"N","N","PDO (property damage only)","N",2014,12.1666666666667,"Summer","N","N","Tu","Y","N","Y","N","N","N","N","N","Daylight","Broadside","Lights","Other Motor Vehicle","N","N","N","N"
6548273,"N","Y","Injury (Complaint of Pain)","N",2014,9.16666666666667,"Summer","N","N","W","N","Y","Y","N","N","N","N","N","Daylight","Sideswipe","Pedestrian Right of Way","Other Motor Vehicle","N","Y","N","N"
6548285,"N","Y","PDO (property damage only)","N",2014,18,"Summer","PM","N","F","N","Y","Y","N","N","N","N","N","Daylight","Sideswipe","Automobile Right of Way","Other Motor Vehicle","N","N","N","N"
6548376,"N","Y","Injury (Complaint of Pain)","N",2014,23,"Spring","N","Y","Th","N","Y","Y","N","N","N","N","N","Dark - Street Lights","Hit Object","Pedestrian Right of Way","Fixed Object","N","N","N","N"
6548384,"N","Y","Injury (Complaint of Pain)","N",2014,18.1666666666667,"Summer","PM","N","M","N","Y","Y","N","N","N","N","N","Daylight","Overturned","Automobile Right of Way","Non-Collision","N","N","N","N"
6548400,"N","Y","Injury (Complaint of Pain)","N",2014,12.85,"Summer","N","N","Th","N","Y","Y","N","N","N","N","N","Daylight","Overturned","Wrong Side of Road","Non-Collision","N","N","N","N"
6548558,"N","N","Fatal","Y",2014,21.5833333333333,"Summer","N","N","F","N","Y","Y","N","N","N","Y","N","Daylight","Sideswipe","Automobile Right of Way","Other Motor Vehicle","N","N","N","N"
6548700,"N","Y","Injury (Complaint of Pain)","N",2014,18.0833333333333,"Spring","PM","N","M","N","Y","Y","N","N","N","N","N","Daylight","Sideswipe","Wrong Side of Road","Other Motor Vehicle","N","N","N","N"
6548843,"N","Y","PDO (property damage only)","N",2014,8.83333333333333,"Spring","AM","N","Th","Y","N","Y","N","N","N","N","N","Daylight","Broadside","Driving or Bicycling Under the Influence of Alcohol or Drug","Other Motor Vehicle","N","N","N","N"
6548919,"N","Y","Injury (Other Visible)","N",2014,15,"Spring","PM","N","M","N","N","Y","N","N","N","N","N","Daylight","Head-On","Wrong Side of Road","Other Motor Vehicle","N","N","N","N"
6549281,"N","Y","Injury (Complaint of Pain)","N",2014,8.83333333333333,"Summer","AM","N","F","N","N","Y","N","N","N","N","N","Daylight","Sideswipe","Improper Turning","Other Motor Vehicle","N","N","N","N"
6549349,"N","Y","PDO (property damage only)","N",2014,16.25,"Spring","PM","N","F","Y","N","Y","N","N","N","N","N","Daylight","Rear End","Wrong Side of Road","Other Motor Vehicle","N","N","N","N"
6549353,"N","Y","Injury (Other Visible)","N",2014,18.75,"Summer","PM","N","M","N","N","Y","N","N","N","N","N","Dusk or Dawn","Other","Wrong Side of Road","Other Object","N","N","N","N"
6549458,"N","N","Fatal","Y",2014,19.9166666666667,"Summer","N","N","Su","N","N","Y","N","N","N","N","N","Dark - Street Lights","Broadside","Unsafe Starting or Backing","Other Motor Vehicle","N","N","N","N"
6549519,"N","Y","Injury (Complaint of Pain)","N",2014,13.9166666666667,"Summer","N","N","W","N","N","Y","N","N","N","N","N","Daylight","Other","Improper Passing","Non-Collision","N","N","N","N"
6549841,"N","N","Fatal","Y",2014,16.4166666666667,"Summer","N","N","Sa","N","Y","Y","N","N","N","N","N","Daylight","Rear End","Wrong Side of Road","Other Motor Vehicle","N","N","N","N"
6549866,"N","N","Fatal","Y",2014,15,"Summer","PM","N","Tu","N","Y","Y","N","N","N","N","N","Daylight","Overturned","Automobile Right of Way","Non-Collision","N","N","N","N"
6550107,"N","Y","Injury (Complaint of Pain)","N",2014,17.25,"Spring","PM","N","W","Y","N","Y","N","N","N","N","N","Daylight","Broadside","Impeding Traffic","Other Motor Vehicle","N","N","N","N"
6550136,"N","Y","Injury (Complaint of Pain)","N",2014,15.25,"Summer","PM","N","F","Y","N","Y","N","N","N","N","N","Daylight","Broadside","Pedestrian Right of Way","Other Motor Vehicle","N","N","N","N"
6550138,"N","Y","Injury (Complaint of Pain)","N",2014,8.41666666666667,"Summer","AM","N","W","Y","N","N","Y","N","N","N","N","Daylight","Broadside","Pedestrian Violation","Other Motor Vehicle","N","N","N","N"
6550142,"N","Y","Injury (Complaint of Pain)","N",2014,14.5833333333333,"Summer","N","N","Su","N","N","Y","N","N","N","N","N","Daylight","Sideswipe","Automobile Right of Way","Other Motor Vehicle","N","N","N","N"
6550371,"N","Y","PDO (property damage only)","N",2014,15.75,"Spring","N","N","Sa","N","Y","Y","N","N","N","N","N","Daylight","Sideswipe","Wrong Side of Road","Other Motor Vehicle","N","N","N","N"
6551328,"N","N","Fatal","Y",2014,7.91666666666667,"Summer","N","N","Sa","N","Y","Y","N","N","N","N","N","Daylight","Sideswipe","Automobile Right of Way","Other Motor Vehicle","N","Y","N","N"