"CASE_ID","mc_killed","mc_injured","collision_severity","severe","accident_year","hours_since_midnight","season","rush_hour","late_night","day_of_week","intersection","state_hwy_ind","w_clear","w_cloudy","w_rainy","w_other","road_not_dry","road_condition_issue","lighting","type_of_collision","pcf_viol_category","mviw","alcohol_involved","truck_accident","pedestrian_accident","bicycle_accident"
6552812,"N","Y","Injury (Complaint of Pain)","N",2014,17.3333333333333,"Summer","PM","N","Th","Y","N","Y","N","N","N","N","N","Daylight","Other","Pedestrian Violation","Fixed Object","N","N","N","N"
6552832,"N","Y","Injury (Complaint of Pain)","N",2014,22.25,"Summer","N","N","Tu","N","N","Y","N","N","N","N","N","Dark - Street Lights","Sideswipe","Automobile Right of Way","Other Motor Vehicle","N","N","N","N"
6552991,"N","Y","PDO (property damage only)","N",2014,20.8333333333333,"Summer","N","N","F","Y","N","Y","N","N","N","N","N","Dark - Street Lights","Head-On","Pedestrian Violation","Other Motor Vehicle","N","N","N","N"
6552999,"N","Y","Injury (Complaint of Pain)","N",2014,8.5,"Summer","N","N","Su","N","N","Y","N","N","N","N","Y","Daylight","Sideswipe","Wrong Side of Road","Parked Motor Vehicle","N","N","N","N"
6553126,"N","Y","Injury (Complaint of Pain)","N",2014,9.33333333333333,"Summer","N","N","F","N","Y","Y","N","N","N","N","N","Daylight","Broadside","Pedestrian Right of Way","Other Motor Vehicle","N","N","N","N"
6553907,"N","Y","Injury (Complaint of Pain)","N",2014,11.5,"Spring","N","N","M","Y","N","Y","N","N","N","N","N","Daylight","Hit Object","Code 20","Fixed Object","N","N","N","N"
6553943,"N","Y","Injury (Complaint of Pain)","N",2014,22.1666666666667,"Spring","N","N","W","Y","N","Y","N","N","N","N","N","Dark - Street Lights","Sideswipe","Pedestrian Violation","Other Motor Vehicle","N","N","N","N"
6553980,"N","Y","Injury (Other Visible)","N",2014,18.5,"Spring","PM","N","Th","N","N","Y","N","N","N","N","N","Daylight","Broadside","Pedestrian Right of Way","Other Motor Vehicle","Y","N","N","N"
6553989,"N","Y","Injury (Other Visible)","N",2014,16.75,"Spring","PM","N","Th","N","Y","Y","N","N","N","N","N","Daylight","Rear End","Wrong Side of Road","Other Motor Vehicle","N","N","N","N"
6554243,"N","N","Fatal","Y",2014,16.25,"Spring","PM","N","F","N","Y","Y","N","N","N","N","N","Daylight","Other","Wrong Side of Road","Fixed Object","N","N","N","N"
6556047,"N","N","Fatal","Y",2014,12.5,"Summer","N","N","F","N","N","Y","N","N","N","N","N","Daylight","Sideswipe","Automobile Right of Way","Other Motor Vehicle","N","N","N","N"
6556614,"N","N","Fatal","Y",2014,17.75,"Summer","PM","N","M","N","Y","Y","N","N","N","N","N","Daylight","Rear End","Wrong Side of Road","Other Motor Vehicle","N","N","N","N"
6556619,"N","N","Fatal","Y",2014,19.5,"Summer","N","N","Su","N","Y","Y","N","N","N","N","N","Daylight","Overturned","Pedestrian Right of Way","Non-Collision","N","N","N","N"
6557212,"N","Y","Injury (Complaint of Pain)","N",2014,9.08333333333333,"Summer","N","N","Th","N","Y","N","Y","N","N","N","N","Daylight","Sideswipe","Automobile Right of Way","Other Motor Vehicle","N","N","N","N"
6557213,"N","Y","Injury (Complaint of Pain)","N",2014,14.3333333333333,"Summer","N","N","Th","N","Y","Y","N","N","N","N","N","Daylight","Sideswipe","Wrong Side of Road","Other Motor Vehicle","N","N","N","N"
6558856,"N","Y","Injury (Complaint of Pain)","N",2014,17.75,"Summer","N","N","Su","N","Y","Y","N","N","N","N","N","Daylight","Hit Object","Wrong Side of Road","Fixed Object","N","N","N","N"
6558867,"N","Y","Injury (Complaint of Pain)","N",2014,13.75,"Summer","N","N","Th","N","Y","Y","N","N","N","N","N","Daylight","Sideswipe","Automobile Right of Way","Other Motor Vehicle","N","N","N","N"
6558868,"N","Y","PDO (property damage only)","N",2014,13.9166666666667,"Summer","N","N","Th","N","Y","Y","N","N","N","N","N","Daylight","Rear End","Wrong Side of Road","Other Motor Vehicle","N","N","N","N"
6560027,"N","Y","PDO (property damage only)","N",2014,14.5833333333333,"Summer","N","N","Th","N","Y","Y","N","N","N","N","N","Daylight","Sideswipe","Automobile Right of Way","Other Motor Vehicle","N","N","N","N"
6560236,"N","Y","PDO (property damage only)","N",2014,18.3333333333333,"Summer","PM","N","Tu","N","Y","Y","N","N","N","N","N","Daylight","Sideswipe","Automobile Right of Way","Other Motor Vehicle","N","N","N","N"
6560567,"N","Y","Injury (Other Visible)","N",2014,18.0833333333333,"Summer","N","N","Sa","N","Y","Y","N","N","N","N","N","Daylight","Sideswipe","Wrong Side of Road","Other Motor Vehicle","N","N","N","N"
6561475,"N","Y","Injury (Complaint of Pain)","N",2014,23.1666666666667,"Spring","N","Y","F","N","Y","Y","N","N","N","N","N","Dark - Street Lights","Overturned","Wrong Side of Road","Non-Collision","N","N","N","N"
6561492,"N","Y","Injury (Other Visible)","N",2014,14.6666666666667,"Summer","N","N","M","N","Y","Y","N","N","N","N","N","Daylight","Head-On","Pedestrian Violation","Other Motor Vehicle","N","N","N","N"
6561682,"N","Y","Injury (Other Visible)","N",2014,12.6666666666667,"Spring","N","N","M","N","N","Y","N","N","N","N","N","Daylight","Broadside","Driving or Bicycling Under the Influence of Alcohol or Drug","Other Motor Vehicle","N","N","N","N"
6561686,"N","Y","PDO (property damage only)","N",2014,16.6666666666667,"Spring","N","N","Su","Y","N","Y","N","N","N","N","N","Daylight","Broadside","Pedestrian Violation","Bicycle","N","N","N","N"
6561687,"N","Y","Injury (Complaint of Pain)","N",2014,6.66666666666667,"Spring","N","N","Tu","Y","Y","N","Y","N","N","N","N","Daylight","Broadside","Pedestrian Violation","Non-Collision","N","N","N","N"
6563741,"N","Y","PDO (property damage only)","N",2014,18,"Summer","PM","N","Tu","N","N","Y","N","N","N","N","N","Daylight","Broadside","Pedestrian Right of Way","Other Motor Vehicle","N","N","N","N"
6563795,"N","N","Fatal","Y",2014,1.66666666666667,"Spring","N","Y","W","N","N","Y","N","N","N","N","N","Dark - Street Lights","Sideswipe","Unsafe Lane Change","Parked Motor Vehicle","N","N","N","N"
6565042,"N","Y","Injury (Complaint of Pain)","N",2014,8.23333333333333,"Spring","AM","N","W","N","Y","Y","N","N","N","N","N","Daylight","Sideswipe","Automobile Right of Way","Other Motor Vehicle","N","N","N","N"
6565168,"N","Y","Injury (Other Visible)","N",2014,10.5,"Spring","N","N","W","Y","N","Y","N","N","N","N","N","Daylight","Broadside","Pedestrian Right of Way","Other Motor Vehicle","N","N","N","N"
6565196,"N","Y","Injury (Complaint of Pain)","N",2014,9.5,"Summer","N","N","F","Y","N","Y","N","N","N","N","N","Daylight","Broadside","Pedestrian Violation","Other Motor Vehicle","N","N","N","N"
6565248,"N","Y","PDO (property damage only)","N",2014,7.35,"Summer","AM","N","W","N","Y","Y","N","N","N","N","N","Daylight","Rear End","Wrong Side of Road","Other Motor Vehicle","N","N","N","N"
6565304,"N","Y","Injury (Other Visible)","N",2014,13.75,"Spring","N","N","F","N","N","Y","N","N","N","N","N","Daylight","Rear End","Pedestrian Right of Way","Other Motor Vehicle","N","N","N","N"
6565488,"N","N","Fatal","Y",2014,21.0833333333333,"Spring","N","N","Th","N","N","Y","N","N","N","N","Y","Dark - No Street Lights","Sideswipe","Driving or Bicycling Under the Influence of Alcohol or Drug","Other Motor Vehicle","N","N","N","N"
6567681,"N","N","Fatal","Y",2014,6.75,"Summer","N","N","M","N","Y","Y","N","N","N","N","N","Daylight","Sideswipe","Pedestrian Right of Way","Other Motor Vehicle","N","N","N","N"
6567898,"N","Y","PDO (property damage only)","N",2014,16.1666666666667,"Summer","PM","N","W","N","Y","Y","N","N","N","N","N","Daylight","Sideswipe","Automobile Right of Way","Other Motor Vehicle","N","N","N","N"
6567925,"N","Y","Injury (Other Visible)","N",2014,14.5,"Spring","N","N","Th","N","Y","Y","N","N","N","N","N","Daylight","Hit Object","Wrong Side of Road","Fixed Object","N","N","N","N"
6567999,"N","Y","Injury (Other Visible)","N",2014,20.1666666666667,"Summer","N","N","Tu","Y","N","Y","N","N","N","N","N","Dark - Street Lights","Head-On","Driving or Bicycling Under the Influence of Alcohol or Drug","Parked Motor Vehicle","N","N","N","N"
6568150,"N","N","Fatal","Y",2014,8,"Summer","AM","N","W","N","Y","Y","N","N","N","N","N","Daylight","Sideswipe","Automobile Right of Way","Other Motor Vehicle","N","N","N","N"
6568322,"N","Y","Injury (Complaint of Pain)","N",2014,16.5,"Summer","PM","N","F","N","N","Y","N","N","N","N","N","Daylight","Broadside","Pedestrian Right of Way","Other Motor Vehicle","N","N","N","N"
6568337,"N","N","PDO (property damage only)","N",2014,17.5833333333333,"Summer","PM","N","W","N","N","Y","N","N","N","N","N","Daylight","Sideswipe","Driving or Bicycling Under the Influence of Alcohol or Drug","Other Motor Vehicle","N","N","N","N"
6568370,"N","Y","PDO (property damage only)","N",2014,13.1666666666667,"Summer","N","N","Su","N","N","Y","N","N","N","N","N","Daylight","Sideswipe","Pedestrian Violation","Other Motor Vehicle","N","N","N","N"
6568442,"N","Y","Injury (Complaint of Pain)","N",2014,4.2,"Summer","N","Y","Su","N","Y","Y","N","N","N","N","N","Dark - Street Lights","Hit Object","Unsafe Speed","Fixed Object","N","N","N","N"
6568574,"N","N","Fatal","Y",2014,10.5,"Summer","N","N","Sa","N","N","Y","N","N","N","N","N","Daylight","Sideswipe","Pedestrian Right of Way","Parked Motor Vehicle","N","N","N","N"
6568585,"N","Y","Injury (Complaint of Pain)","N",2014,14.8333333333333,"Summer","N","N","Su","N","N","Y","N","N","N","N","N","Daylight","Broadside","Pedestrian Violation","Other Motor Vehicle","N","N","N","N"
6568597,"N","Y","Injury (Other Visible)","N",2014,14.6666666666667,"Spring","N","N","Tu","Y","N","Y","N","N","N","N","N","Daylight","Rear End","Wrong Side of Road","Other Motor Vehicle","N","N","N","N"
6568621,"N","Y","PDO (property damage only)","N",2014,11,"Spring","N","N","F","Y","N","Y","N","N","N","N","Y","Daylight","Other","Automobile Right of Way","Other Object","N","N","N","N"
6568795,"N","Y","Injury (Complaint of Pain)","N",2014,16,"Summer","N","N","Sa","Y","N","Y","N","N","N","N","N","Daylight","Broadside","Pedestrian Violation","Other Motor Vehicle","N","N","N","N"
6568884,"N","N","Fatal","Y",2014,14.5,"Spring","N","N","Th","N","Y","Y","N","N","N","N","N","Daylight","Rear End","Wrong Side of Road","Other Motor Vehicle","N","N","N","N"
6570210,"N","Y","Injury (Other Visible)","N",2014,11.5833333333333,"Summer","N","N","Th","Y","N","Y","N","N","N","N","N","Daylight","Other","Pedestrian Violation","Other Motor Vehicle","N","N","N","N"
6570359,"N","N","Injury (Other Visible)","N",2014,18.4166666666667,"Summer","PM","N","F","N","N","Y","N","N","N","N","N","Daylight","Sideswipe","Improper Turning","Motor Vehicle on Other Roadway","N","N","N","N"
6570971,"N","Y","Injury (Other Visible)","N",2014,12.3333333333333,"Summer","N","N","Sa","Y","N","Y","N","N","N","N","N","Daylight","Broadside","Pedestrian Violation","Other Motor Vehicle","N","N","N","N"
6571488,"N","Y","Injury (Complaint of Pain)","N",2014,16.1,"Summer","PM","N","F","N","Y","Y","N","N","N","N","N","Daylight","Overturned","Wrong Side of Road","Non-Collision","N","N","N","N"
6571509,"N","Y","Injury (Complaint of Pain)","N",2014,17.4166666666667,"Summer","PM","N","M","N","Y","Y","N","N","N","N","N","Daylight","Sideswipe","Wrong Side of Road","Other Motor Vehicle","N","N","N","N"
6571510,"N","N","Fatal","Y",2014,7,"Summer","AM","N","Tu","N","Y","Y","N","N","N","N","N","Daylight","Sideswipe","Automobile Right of Way","Other Motor Vehicle","N","N","N","N"
6572081,"N","Y","PDO (property damage only)","N",2014,18.75,"Summer","N","N","Su","Y","N","Y","N","N","N","N","N","Daylight","Broadside","Pedestrian Violation","Other Motor Vehicle","N","N","N","N"
6572090,"N","Y","Injury (Complaint of Pain)","N",2014,20.5,"Summer","N","N","Th","Y","N","Y","N","N","N","N","N","Dusk or Dawn","Sideswipe","Automobile Right of Way","Other Motor Vehicle","N","N","N","N"
6572100,"N","Y","Injury (Complaint of Pain)","N",2014,17.5,"Summer","N","N","Su","N","N","Y","N","N","N","N","Y","Daylight","Sideswipe","Wrong Side of Road","Motor Vehicle on Other Roadway","N","N","N","N"
6572111,"N","Y","Injury (Complaint of Pain)","N",2014,20.8333333333333,"Summer","N","N","M","N","N","Y","N","N","N","N","N","Dark - Street Lights","Sideswipe","Automobile Right of Way","Other Motor Vehicle","Y","N","N","N"
6572153,"N","N","PDO (property damage only)","N",2014,17.4166666666667,"Summer","PM","N","Tu","N","N","Y","N","N","N","N","N","Daylight","Broadside","Unsafe Lane Change","Bicycle","N","N","Y","N"
6572159,"N","Y","Injury (Complaint of Pain)","N",2014,7.33333333333333,"Summer","AM","N","Tu","N","N","Y","N","N","N","N","Y","Daylight","Hit Object","Code 20","Other Object","N","N","N","N"
6572662,"N","Y","Injury (Complaint of Pain)","N",2014,15.3333333333333,"Summer","PM","N","Tu","N","N","Y","N","N","N","N","N","Daylight","Rear End","Wrong Side of Road","Other Motor Vehicle","N","N","N","N"
6572782,"N","Y","Injury (Complaint of Pain)","N",2014,10.1666666666667,"Summer","N","N","Sa","N","N","Y","N","N","N","N","N","Daylight","Broadside","Pedestrian Right of Way","Motor Vehicle on Other Roadway","N","N","N","N"
6572800,"N","Y","Injury (Complaint of Pain)","N",2014,20.6666666666667,"Spring","N","N","W","N","N","Y","N","N","N","N","N","Dark - Street Lights","Overturned","Pedestrian Violation","Other Object","N","N","N","N"
6573662,"N","Y","Injury (Other Visible)","N",2014,16.0833333333333,"Summer","N","N","Su","Y","N","Y","N","N","N","N","N","Daylight","Broadside","Lights","Other Motor Vehicle","N","N","N","N"
6573733,"N","Y","Injury (Complaint of Pain)","N",2014,12.5833333333333,"Spring","N","N","W","N","N","Y","N","N","N","N","N","Daylight","Sideswipe","Pedestrian Right of Way","Motor Vehicle on Other Roadway","N","N","N","N"
6573779,"N","Y","Injury (Complaint of Pain)","N",2014,0.833333333333333,"Spring","N","Y","Th","Y","N","Y","N","N","N","N","N","Dark - Street Lights","Other","Pedestrian Violation","Non-Collision","N","N","N","N"
6573947,"N","Y","PDO (property damage only)","N",2014,16.0833333333333,"Summer","PM","N","F","N","Y","Y","N","N","N","N","N","Daylight","Rear End","Pedestrian Right of Way","Other Motor Vehicle","N","N","N","N"
6575283,"N","Y","Injury (Complaint of Pain)","N",2014,12.8333333333333,"Spring","N","N","Sa","Y","N","Y","N","N","N","N","N","Daylight","Broadside","Pedestrian Violation","Other Motor Vehicle","N","N","N","N"
6575546,"N","N","Fatal","Y",2014,10.6666666666667,"Summer","N","N","M","N","Y","Y","N","N","N","N","N","Daylight","Sideswipe","Pedestrian Right of Way","Other Motor Vehicle","N","N","N","N"
6576593,"N","Y","Injury (Complaint of Pain)","N",2014,9,"Summer","AM","N","W","N","N","Y","N","N","N","N","N","Daylight","Other","Code 20","Animal","N","N","N","N"
6576622,"N","Y","Injury (Complaint of Pain)","N",2014,9.08333333333333,"Summer","N","N","Th","Y","N","Y","N","N","N","N","N","Daylight","Broadside","Pedestrian Violation","Other Motor Vehicle","N","N","N","N"
6576903,"N","Y","Injury (Complaint of Pain)","N",2014,15,"Summer","PM","N","Th","N","N","Y","N","N","N","N","N","Daylight","Sideswipe","Unsafe Lane Change","Other Motor Vehicle","N","N","N","N"
6577054,"N","Y","Injury (Other Visible)","N",2014,5.66666666666667,"Summer","N","N","F","Y","N","Y","N","N","N","N","N","Dusk or Dawn","Broadside","Driving or Bicycling Under the Influence of Alcohol or Drug","Other Motor Vehicle","N","N","N","N"
6577231,"Y","N","Injury (Severe)","Y",2014,19.3333333333333,"Summer","N","N","W","N","N","Y","N","N","N","N","N","Daylight","Hit Object","Wrong Side of Road","Fixed Object","N","N","N","N"
6577235,"N","N","PDO (property damage only)","N",2014,13.5,"Summer","N","N","Th","Y","N","Y","N","N","N","N","N","Daylight","Broadside","Lights","Other Motor Vehicle","N","N","N","N"
6577243,"N","Y","Injury (Other Visible)","N",2014,14.3333333333333,"Summer","N","N","Tu","N","N","Y","N","N","N","N","N","Daylight","Rear End","Improper Passing","Other Motor Vehicle","N","N","N","N"
6577263,"N","Y","Injury (Complaint of Pain)","N",2014,18.6666666666667,"Summer","PM","N","Tu","N","N","N","Y","N","N","N","N","Daylight","Sideswipe","Wrong Side of Road","Other Motor Vehicle","N","N","N","N"
6577690,"N","Y","Injury (Complaint of Pain)","N",2014,10.8333333333333,"Summer","N","N","Th","N","Y","Y","N","N","N","N","N","Daylight","Rear End","Wrong Side of Road","Other Motor Vehicle","N","N","N","N"
6577890,"N","N","Fatal","Y",2014,10.8333333333333,"Summer","N","N","Tu","N","N","Y","N","N","N","N","N","Daylight","Broadside","Pedestrian Violation","Other Motor Vehicle","N","N","N","N"
6577953,"N","Y","Injury (Complaint of Pain)","N",2014,9.25,"Spring","N","N","Sa","N","Y","Y","N","N","N","N","N","Daylight","Overturned","Pedestrian Right of Way","Non-Collision","N","N","N","N"
6577985,"N","Y","Injury (Complaint of Pain)","N",2014,14.75,"Spring","N","N","F","N","Y","Y","N","N","N","N","N","Daylight","Rear End","Wrong Side of Road","Other Motor Vehicle","N","N","N","N"
6578202,"N","Y","PDO (property damage only)","N",2014,22.5,"Summer","N","N","Su","Y","N","Y","N","N","N","N","N","Dark - Street Lights","Broadside","Pedestrian Right of Way","Other Motor Vehicle","N","N","N","N"
6578442,"N","Y","Injury (Other Visible)","N",2014,7.83333333333333,"Summer","AM","N","Tu","Y","N","Y","N","N","N","N","N","Daylight","Sideswipe","Driving or Bicycling Under the Influence of Alcohol or Drug","Other Motor Vehicle","N","Y","N","N"
6578559,"N","Y","Injury (Other Visible)","N",2014,20.75,"Summer","N","N","F","Y","N","Y","N","N","N","N","N","Daylight","Broadside","Pedestrian Violation","Other Motor Vehicle","N","N","N","N"
6578739,"N","Y","Injury (Complaint of Pain)","N",2014,14.9166666666667,"Summer","N","N","W","N","Y","Y","N","N","N","N","N","Daylight","Hit Object","Pedestrian Right of Way","Fixed Object","N","N","N","N"
6579024,"N","Y","Injury (Complaint of Pain)","N",2014,17.25,"Summer","N","N","Sa","Y","N","Y","N","N","N","N","N","Daylight","Broadside","Pedestrian Violation","Other Motor Vehicle","N","N","N","N"
6579034,"N","Y","Injury (Complaint of Pain)","N",2014,16.8333333333333,"Summer","PM","N","Tu","N","Y","Y","N","N","N","N","N","Daylight","Sideswipe","Wrong Side of Road","Other Motor Vehicle","N","N","N","N"
6579434,"N","Y","PDO (property damage only)","N",2014,14.8333333333333,"Summer","N","N","Tu","N","Y","Y","N","N","N","N","N","Daylight","Rear End","Wrong Side of Road","Other Motor Vehicle","N","N","N","N"
6579438,"N","Y","Injury (Complaint of Pain)","N",2014,19.05,"Summer","N","N","Tu","N","Y","Y","N","N","N","N","N","Daylight","Sideswipe","Automobile Right of Way","Other Motor Vehicle","N","N","N","N"
6580489,"N","N","Injury (Complaint of Pain)","N",2014,14.25,"Spring","N","N","Tu","N","N","Y","N","N","N","N","N","Daylight","Other","Pedestrian Right of Way","Bicycle","N","N","N","Y"
6580491,"N","Y","Injury (Complaint of Pain)","N",2014,17.6666666666667,"Spring","PM","N","F","Y","N","Y","N","N","N","N","N","Daylight","Broadside","Pedestrian Violation","Other Motor Vehicle","N","N","N","N"
6580495,"N","Y","Injury (Complaint of Pain)","N",2014,16.3333333333333,"Summer","PM","N","F","N","N","Y","N","N","N","N","N","Daylight","Hit Object","Wrong Side of Road","Fixed Object","N","N","N","N"
6580505,"N","Y","PDO (property damage only)","N",2014,23,"Spring","N","Y","Tu","N","N","Y","N","N","N","N","N","Dark - Street Lights","Broadside","Pedestrian Violation","Other Motor Vehicle","N","N","N","N"
6580513,"N","Y","PDO (property damage only)","N",2014,15.6666666666667,"Summer","PM","N","W","Y","N","Y","N","N","N","N","N","Daylight","Broadside","Pedestrian Violation","Other Motor Vehicle","N","N","N","N"
6580516,"N","Y","PDO (property damage only)","N",2014,13.0833333333333,"Summer","N","N","Th","Y","N","Y","N","N","N","N","N","Daylight","Broadside","Pedestrian Violation","Other Motor Vehicle","N","N","N","N"
6580539,"N","Y","Injury (Complaint of Pain)","N",2014,16.3333333333333,"Summer","PM","N","Th","N","N","Y","N","N","N","N","N","Daylight","Sideswipe","Pedestrian Violation","Other Motor Vehicle","N","N","N","N"
6580560,"N","Y","PDO (property damage only)","N",2014,14.6666666666667,"Summer","N","N","F","Y","Y","Y","N","N","N","N","N","Daylight","Broadside","Pedestrian Violation","Other Motor Vehicle","N","N","N","N"
6580738,"N","Y","Injury (Other Visible)","N",2014,21,"Summer","N","N","M","N","N","Y","N","N","N","N","N","Dark - Street Lights","Broadside","Pedestrian Right of Way","Other Motor Vehicle","N","N","N","N"
6580825,"N","N","Fatal","Y",2014,9,"Summer","AM","N","Tu","Y","N","Y","N","N","N","N","N","Daylight","Broadside","Pedestrian Violation","Other Motor Vehicle","N","N","N","N"
6580837,"N","N","Fatal","Y",2014,20.8333333333333,"Summer","N","N","Su","Y","N","Y","N","N","N","N","N","Dark - Street Lights","Head-On","Lights","Other Motor Vehicle","N","N","N","N"
6580882,"N","Y","PDO (property damage only)","N",2014,2.33333333333333,"Spring","N","Y","Su","Y","N","Y","N","N","N","N","N","Dark - Street Lights","Sideswipe","Pedestrian Violation","Other Motor Vehicle","N","N","N","N"
6580885,"N","Y","Injury (Complaint of Pain)","N",2014,14.8333333333333,"Spring","N","N","Th","Y","Y","Y","N","N","N","N","N","Daylight","Broadside","Lights","Other Motor Vehicle","N","N","N","N"
6580928,"N","Y","Injury (Complaint of Pain)","N",2014,18,"Spring","N","N","Sa","Y","N","Y","N","N","N","N","N","Daylight","Sideswipe","Improper Turning","Other Motor Vehicle","N","N","N","N"
6580932,"N","Y","Injury (Complaint of Pain)","N",2014,13.5833333333333,"Spring","N","N","Su","N","N","Y","N","N","N","N","N","Daylight","Sideswipe","Automobile Right of Way","Other Motor Vehicle","N","N","N","N"
6580954,"N","Y","PDO (property damage only)","N",2014,15.1666666666667,"Spring","PM","N","F","N","N","Y","N","N","N","N","N","Daylight","Sideswipe","Driving or Bicycling Under the Influence of Alcohol or Drug","Other Motor Vehicle","N","N","N","N"
6581202,"N","Y","PDO (property damage only)","N",2014,9.66666666666667,"Summer","N","N","Tu","Y","N","Y","N","N","N","N","N","Daylight","Broadside","Driving or Bicycling Under the Influence of Alcohol or Drug","Other Motor Vehicle","N","N","N","N"
6581258,"N","Y","Injury (Complaint of Pain)","N",2014,19.3333333333333,"Summer","N","N","W","N","N","Y","N","N","N","N","N","Daylight","Sideswipe","Pedestrian Right of Way","Other Motor Vehicle","N","N","N","N"
6581274,"N","Y","Injury (Complaint of Pain)","N",2014,12,"Summer","N","N","F","N","N","Y","N","N","N","N","N","Daylight","Hit Object","Wrong Side of Road","Fixed Object","N","N","N","N"
6581286,"N","Y","Injury (Complaint of Pain)","N",2014,18.75,"Spring","PM","N","M","Y","N","N","Y","N","N","N","N","Daylight","Broadside","Pedestrian Violation","Other Motor Vehicle","N","N","N","N"
6581289,"N","Y","Injury (Complaint of Pain)","N",2014,15.25,"Summer","PM","N","F","Y","N","Y","N","N","N","N","N","Daylight","Broadside","Pedestrian Violation","Other Motor Vehicle","N","N","N","N"
6581305,"N","N","Injury (Complaint of Pain)","N",2014,16.5,"Summer","PM","N","F","Y","N","Y","N","N","N","N","N","Daylight","Sideswipe","Pedestrian Violation","Other Motor Vehicle","N","N","N","N"
6581318,"N","Y","PDO (property damage only)","N",2014,16,"Spring","PM","N","Th","N","Y","Y","N","N","N","N","N","Daylight","Sideswipe","Driving or Bicycling Under the Influence of Alcohol or Drug","Other Motor Vehicle","N","N","N","N"
6581322,"N","Y","Injury (Complaint of Pain)","N",2014,16.5,"Summer","N","N","Su","Y","N","Y","N","N","N","N","N","Daylight","Broadside","Pedestrian Violation","Other Motor Vehicle","N","N","N","N"
6581323,"N","Y","Injury (Other Visible)","N",2014,21,"Summer","N","N","M","Y","N","Y","N","N","N","N","N","Dark - Street Lights","Broadside","Lights","Other Motor Vehicle","N","N","N","N"
6581334,"N","Y","PDO (property damage only)","N",2014,16.25,"Spring","PM","N","Tu","N","N","Y","N","N","N","N","N","Daylight","Broadside","Pedestrian Right of Way","Other Motor Vehicle","N","N","N","N"
6581350,"N","Y","Injury (Complaint of Pain)","N",2014,17.6666666666667,"Summer","PM","N","Th","Y","N","Y","N","N","N","N","N","Daylight","Broadside","Pedestrian Violation","Other Motor Vehicle","N","N","N","N"
6581353,"N","Y","Injury (Complaint of Pain)","N",2014,10.9166666666667,"Summer","N","N","Sa","N","N","Y","N","N","N","N","N","Daylight","Broadside","Pedestrian Violation","Other Motor Vehicle","N","N","N","N"
6581354,"N","Y","Injury (Other Visible)","N",2014,11.1666666666667,"Spring","N","N","Th","N","N","Y","N","N","N","N","N","Daylight","Sideswipe","Pedestrian Right of Way","Other Object","N","N","N","N"
6581358,"N","N","PDO (property damage only)","N",2014,10.9166666666667,"Summer","N","N","Su","N","N","Y","N","N","N","N","N","Daylight","Sideswipe","Wrong Side of Road","Other Motor Vehicle","N","N","N","N"
6581363,"N","Y","PDO (property damage only)","N",2014,22.3333333333333,"Spring","N","N","W","Y","N","Y","N","N","N","N","N","Dark - Street Lights","Other","Pedestrian Violation","Other Object","N","N","N","N"
6581388,"N","Y","Injury (Other Visible)","N",2014,14.9166666666667,"Spring","N","N","Su","Y","N","Y","N","N","N","N","N","Daylight","Broadside","Lights","Other Motor Vehicle","N","N","N","N"
6581407,"N","Y","Injury (Complaint of Pain)","N",2014,19.8333333333333,"Summer","N","N","M","N","N","Y","N","N","N","N","N","Daylight","Rear End","Wrong Side of Road","Other Motor Vehicle","N","N","N","N"
6581412,"N","Y","Injury (Complaint of Pain)","N",2014,23.25,"Summer","N","Y","Su","Y","N","Y","N","N","N","N","N","Dark - Street Lights","Head-On","Wrong Side of Road","Other Motor Vehicle","N","N","N","N"
6581432,"N","Y","Injury (Complaint of Pain)","N",2014,10.75,"Summer","N","N","Su","Y","N","Y","N","N","N","N","N","Daylight","Broadside","Pedestrian Violation","Other Motor Vehicle","N","N","N","N"
6581753,"N","Y","Injury (Complaint of Pain)","N",2014,8,"Summer","AM","N","W","N","Y","Y","N","N","N","N","N","Daylight","Sideswipe","Automobile Right of Way","Other Motor Vehicle","N","N","N","N"
6581804,"N","Y","Injury (Complaint of Pain)","N",2014,8.41666666666667,"Summer","N","N","Su","N","Y","Y","N","N","N","N","N","Daylight","Overturned","Pedestrian Right of Way","Non-Collision","N","N","N","N"
6582374,"N","Y","Injury (Complaint of Pain)","N",2014,12.5,"Summer","N","N","W","Y","N","Y","N","N","N","N","N","Daylight","Broadside","Pedestrian Violation","Bicycle","N","N","N","N"
6582427,"N","Y","PDO (property damage only)","N",2014,18.5,"Summer","N","N","Sa","N","N","Y","N","N","N","N","N","Daylight","Sideswipe","Code 20","Parked Motor Vehicle","N","N","N","N"
6582441,"N","Y","PDO (property damage only)","N",2014,9,"Summer","AM","N","W","N","Y","Y","N","N","N","N","N","Daylight","Sideswipe","Automobile Right of Way","Motor Vehicle on Other Roadway","N","N","N","N"
6582447,"N","Y","PDO (property damage only)","N",2014,15.1666666666667,"Summer","PM","N","Tu","N","N","Y","N","N","N","N","N","Daylight","Rear End","Wrong Side of Road","Other Motor Vehicle","N","N","N","N"
6582451,"N","Y","Injury (Complaint of Pain)","N",2014,16.6666666666667,"Summer","PM","N","M","N","N","Y","N","N","N","N","N","Daylight","Broadside","Automobile Right of Way","Other Motor Vehicle","N","N","N","N"