"CASE_ID","mc_killed","mc_injured","collision_severity","severe","accident_year","hours_since_midnight","season","rush_hour","late_night","day_of_week","intersection","state_hwy_ind","w_clear","w_cloudy","w_rainy","w_other","road_not_dry","road_condition_issue","lighting","type_of_collision","pcf_viol_category","mviw","alcohol_involved","truck_accident","pedestrian_accident","bicycle_accident"
6602884,"N","Y","Injury (Complaint of Pain)","N",2014,20.3333333333333,"Summer","N","N","Th","Y","N","Y","N","N","N","N","N","Dark - Street Lights","Head-On","Pedestrian Violation","Other Motor Vehicle","N","N","N","N"
6602886,"N","Y","PDO (property damage only)","N",2014,3.16666666666667,"Summer","N","Y","F","Y","N","Y","N","N","N","N","N","Dark - Street Lights","Broadside","Pedestrian Violation","Other Motor Vehicle","N","N","N","N"
6602891,"N","Y","Injury (Complaint of Pain)","N",2014,11.9166666666667,"Summer","N","N","Tu","N","N","Y","N","N","N","N","Y","Daylight","Rear End","Wrong Side of Road","Other Motor Vehicle","N","N","N","N"
6603208,"N","Y","Injury (Other Visible)","N",2014,18,"Summer","PM","N","Th","Y","N","Y","N","N","N","N","N","Daylight","Broadside","Pedestrian Violation","Other Motor Vehicle","N","N","N","N"
6603878,"N","Y","Injury (Complaint of Pain)","N",2014,6.58333333333333,"Summer","N","N","M","N","Y","Y","N","N","N","N","N","Daylight","Sideswipe","Automobile Right of Way","Other Motor Vehicle","N","N","N","N"
6604494,"N","N","Fatal","Y",2014,6.25,"Summer","N","N","F","N","Y","Y","N","N","N","N","N","Daylight","Rear End","Wrong Side of Road","Other Motor Vehicle","N","N","N","N"
6605553,"N","Y","Injury (Complaint of Pain)","N",2014,15.6666666666667,"Summer","N","N","Su","N","N","Y","N","N","N","N","N","Daylight","Broadside","Pedestrian Right of Way","Other Motor Vehicle","N","N","N","N"
6605594,"N","Y","PDO (property damage only)","N",2014,0.333333333333333,"Summer","N","Y","Tu","N","N","Y","N","N","N","N","N","Dark - Street Lights","Sideswipe","Impeding Traffic","Parked Motor Vehicle","N","N","N","N"
6605835,"N","N","Fatal","Y",2014,8.83333333333333,"Summer","AM","N","W","N","Y","Y","N","N","N","N","N","Daylight","Overturned","Automobile Right of Way","Non-Collision","N","N","N","N"
6606240,"Y","Y","Injury (Severe)","Y",2014,21.0833333333333,"Summer","N","N","Sa","Y","N","Y","N","N","N","N","N","Dark - Street Lights","Head-On","Pedestrian Violation","Other Motor Vehicle","Y","N","N","N"
6606311,"Y","N","Injury (Severe)","Y",2014,8.83333333333333,"Summer","AM","N","F","N","Y","Y","N","N","N","N","N","Daylight","Sideswipe","Wrong Side of Road","Other Motor Vehicle","N","N","N","N"
6606419,"N","Y","Injury (Other Visible)","N",2014,8.21666666666667,"Summer","AM","N","Th","N","Y","Y","N","N","N","N","N","Daylight","Hit Object","Wrong Side of Road","Other Object","N","N","N","N"
6606450,"N","Y","Injury (Complaint of Pain)","N",2014,8.75,"Summer","AM","N","W","N","Y","Y","N","N","N","N","N","Daylight","Rear End","Code 19","Other Motor Vehicle","N","N","N","N"
6606454,"N","Y","Injury (Complaint of Pain)","N",2014,14,"Summer","N","N","Tu","N","Y","Y","N","N","N","N","Y","Daylight","Overturned","Impeding Traffic","Non-Collision","N","N","N","N"
6607140,"N","Y","Injury (Other Visible)","N",2014,11,"Summer","N","N","M","N","N","Y","N","N","N","N","N","Daylight","Other","Pedestrian Violation","Parked Motor Vehicle","N","N","N","N"
6607494,"N","N","Fatal","Y",2014,15,"Summer","PM","N","F","N","Y","Y","N","N","N","N","N","Daylight","Sideswipe","Automobile Right of Way","Other Motor Vehicle","N","N","N","N"
6607694,"N","Y","Injury (Complaint of Pain)","N",2014,13,"Summer","N","N","Su","Y","N","Y","N","N","N","N","N","Daylight","Sideswipe","Pedestrian Violation","Other Motor Vehicle","N","N","N","N"
6607705,"N","Y","Injury (Complaint of Pain)","N",2014,16,"Summer","PM","N","Tu","N","Y","Y","N","N","N","N","N","Daylight","Sideswipe","Automobile Right of Way","Other Motor Vehicle","N","N","N","N"
6607708,"N","Y","Injury (Complaint of Pain)","N",2014,6.05,"Summer","N","N","W","N","Y","Y","N","N","N","N","N","Daylight","Overturned","Pedestrian Right of Way","Non-Collision","N","N","N","N"
6607861,"N","N","Fatal","Y",2014,13.25,"Summer","N","N","Su","Y","N","Y","N","N","N","N","N","Daylight","Rear End","Wrong Side of Road","Other Motor Vehicle","N","N","N","N"
6609417,"N","Y","Injury (Other Visible)","N",2014,21.3333333333333,"Summer","N","N","Sa","N","Y","Y","N","N","N","N","N","Dark - Street Lights","Hit Object","Pedestrian Right of Way","Fixed Object","N","N","N","N"
6609926,"N","Y","Injury (Complaint of Pain)","N",2014,7.66666666666667,"Summer","AM","N","F","N","Y","N","Y","N","N","N","N","Daylight","Sideswipe","Automobile Right of Way","Other Motor Vehicle","N","N","N","N"
6609934,"N","Y","Injury (Complaint of Pain)","N",2014,0.7,"Summer","N","Y","Sa","N","Y","Y","N","N","N","N","N","Dark - Street Lights","Overturned","Unsafe Speed","Non-Collision","Y","N","N","N"
6609941,"N","Y","PDO (property damage only)","N",2014,6.38333333333333,"Summer","N","N","M","N","Y","Y","N","N","N","N","N","Daylight","Sideswipe","Automobile Right of Way","Other Motor Vehicle","N","N","N","N"
6609973,"N","Y","Injury (Complaint of Pain)","N",2014,22.6666666666667,"Summer","N","N","M","N","Y","Y","N","N","N","N","N","Dark - Street Lights","Hit Object","Pedestrian Right of Way","Fixed Object","N","N","N","N"
6609985,"N","Y","Injury (Complaint of Pain)","N",2014,22.9166666666667,"Summer","N","N","Tu","N","Y","Y","N","N","N","N","N","Dark - No Street Lights","Rear End","Wrong Side of Road","Other Motor Vehicle","N","N","N","N"
6610734,"N","Y","Injury (Complaint of Pain)","N",2014,16.6333333333333,"Summer","N","N","Su","N","Y","Y","N","N","N","N","N","Daylight","Sideswipe","Automobile Right of Way","Other Motor Vehicle","N","N","N","N"
6610956,"N","N","Fatal","Y",2014,6.83333333333333,"Summer","N","N","F","N","Y","Y","N","N","N","N","N","Daylight","Rear End","Wrong Side of Road","Other Motor Vehicle","N","N","N","N"
6611748,"N","Y","Injury (Complaint of Pain)","N",2014,16.75,"Summer","PM","N","Tu","N","Y","Y","N","N","N","N","N","Daylight","Sideswipe","Wrong Side of Road","Other Motor Vehicle","N","N","N","N"
6611936,"N","Y","PDO (property damage only)","N",2014,23.6166666666667,"Summer","N","Y","F","Y","N","Y","N","N","N","N","N","Dark - Street Lights","Broadside","Unsafe Speed","Other Motor Vehicle","Y","N","N","N"
6611940,"N","Y","PDO (property damage only)","N",2014,16.25,"Summer","PM","N","M","N","N","Y","N","N","N","N","N","Daylight","Broadside","Unsafe Lane Change","Other Motor Vehicle","N","N","N","N"
6612058,"Y","N","Injury (Severe)","Y",2014,19.3333333333333,"Summer","N","N","Su","Y","N","Y","N","N","N","N","N","Daylight","Broadside","Lights","Other Motor Vehicle","Y","N","N","N"
6612098,"N","Y","Injury (Complaint of Pain)","N",2014,14.6666666666667,"Spring","N","N","F","N","N","Y","N","N","N","N","N","Daylight","Broadside","Lights","Other Motor Vehicle","N","N","N","N"
6612203,"N","Y","Injury (Other Visible)","N",2014,21.8333333333333,"Summer","N","N","Th","Y","N","Y","N","N","N","N","N","Dark - Street Lights","Broadside","Pedestrian Violation","Other Motor Vehicle","N","N","N","N"
6612292,"N","N","PDO (property damage only)","N",2014,18,"Summer","PM","N","F","N","Y","Y","N","N","N","N","N","Daylight","Sideswipe","Automobile Right of Way","Other Motor Vehicle","N","N","N","N"
6612304,"N","Y","Injury (Complaint of Pain)","N",2014,10.8333333333333,"Summer","N","N","F","N","Y","Y","N","N","N","N","N","Daylight","Hit Object","Pedestrian Right of Way","Fixed Object","N","N","N","N"
6612353,"N","Y","Injury (Complaint of Pain)","N",2014,1.58333333333333,"Summer","N","Y","Th","N","Y","Y","N","N","N","N","N","Daylight","Overturned","Pedestrian Right of Way","Non-Collision","N","N","N","N"
6612362,"N","Y","PDO (property damage only)","N",2014,16.9166666666667,"Summer","PM","N","W","N","Y","Y","N","N","N","N","N","Daylight","Sideswipe","Automobile Right of Way","Other Motor Vehicle","N","N","N","N"
6612374,"N","Y","Injury (Complaint of Pain)","N",2014,7.83333333333333,"Summer","AM","N","W","N","Y","Y","N","N","N","N","N","Daylight","Rear End","Wrong Side of Road","Other Motor Vehicle","N","N","N","N"
6612418,"N","Y","Injury (Complaint of Pain)","N",2014,18,"Summer","N","N","Sa","N","N","Y","N","N","N","N","N","Daylight","Broadside","Pedestrian Right of Way","Other Motor Vehicle","N","N","N","N"
6612430,"N","Y","PDO (property damage only)","N",2014,10.5833333333333,"Summer","N","N","M","N","N","Y","N","N","N","N","N","Daylight","Rear End","Improper Passing","Other Motor Vehicle","N","N","N","N"
6612437,"N","Y","PDO (property damage only)","N",2014,9.5,"Summer","N","N","Tu","N","N","Y","N","N","N","N","N","Daylight","Other","Automobile Right of Way","Non-Collision","N","N","N","N"
6613462,"N","Y","Injury (Other Visible)","N",2014,8.58333333333333,"Spring","AM","N","Th","Y","N","Y","N","N","N","N","N","Daylight","Broadside","Pedestrian Violation","Other Motor Vehicle","N","N","N","N"
6613476,"N","Y","Injury (Other Visible)","N",2014,15.4166666666667,"Spring","PM","N","W","N","N","Y","N","N","N","N","N","Daylight","Head-On","Wrong Side of Road","Other Motor Vehicle","N","N","N","N"
6613508,"N","Y","Injury (Other Visible)","N",2014,0.25,"Summer","N","Y","F","Y","N","Y","N","N","N","N","N","Dark - Street Lights","Broadside","Pedestrian Violation","Other Motor Vehicle","N","N","N","N"
6613551,"N","Y","Injury (Other Visible)","N",2014,4.08333333333333,"Summer","N","Y","Su","N","N","N","Y","N","N","N","N","Dark - Street Lights","Hit Object","Unsafe Speed","Fixed Object","Y","N","N","N"
6613585,"N","N","Fatal","Y",2014,10.1666666666667,"Summer","N","N","F","N","N","Y","N","N","N","N","N","Daylight","Hit Object","Pedestrian Violation","Fixed Object","N","N","N","N"
6613764,"N","Y","PDO (property damage only)","N",2014,1.5,"Summer","N","Y","Tu","Y","N","Y","N","N","N","N","N","Dark - Street Lights","Rear End","Pedestrian Right of Way","Other Motor Vehicle","N","N","N","N"
6613808,"N","Y","Injury (Other Visible)","N",2014,17.75,"Spring","PM","N","F","Y","N","Y","N","N","N","N","N","Daylight","Broadside","Code 19","Bicycle","N","N","N","N"
6613995,"N","Y","Injury (Complaint of Pain)","N",2014,11.75,"Summer","N","N","Sa","N","Y","Y","N","N","N","N","N","Daylight","Rear End","Wrong Side of Road","Other Motor Vehicle","N","N","N","N"
6614502,"N","Y","PDO (property damage only)","N",2014,12.3333333333333,"Summer","N","N","Th","Y","N","Y","N","N","N","N","Y","Daylight","Broadside","Pedestrian Right of Way","Motor Vehicle on Other Roadway","N","N","N","N"
6614738,"N","Y","Injury (Complaint of Pain)","N",2014,17,"Summer","PM","N","W","Y","Y","Y","N","N","N","N","N","Daylight","Broadside","Pedestrian Violation","Other Motor Vehicle","N","N","N","N"
6616739,"N","Y","Injury (Complaint of Pain)","N",2014,17.5,"Summer","PM","N","W","N","N","Y","N","N","N","N","N","Daylight","Head-On","Lights","Other Object","N","N","N","N"
6617077,"N","Y","Injury (Complaint of Pain)","N",2014,12.5,"Spring","N","N","Sa","N","N","Y","N","N","N","N","N","Daylight","Sideswipe","Automobile Right of Way","Other Motor Vehicle","N","N","N","N"
6617327,"N","Y","PDO (property damage only)","N",2014,18.5,"Spring","PM","N","Tu","Y","N","Y","N","N","N","N","N","Dusk or Dawn","Sideswipe","Impeding Traffic","Other Motor Vehicle","N","N","N","N"
6617351,"N","Y","Injury (Complaint of Pain)","N",2014,16.1666666666667,"Summer","PM","N","W","N","N","Y","N","N","N","N","N","Daylight","Head-On","Pedestrian Violation","Other Motor Vehicle","N","N","N","N"
6617551,"N","Y","Injury (Complaint of Pain)","N",2014,12.75,"Summer","N","N","Sa","Y","N","Y","N","N","N","N","N","Daylight","Broadside","Pedestrian Violation","Other Motor Vehicle","N","N","N","N"
6617677,"N","Y","PDO (property damage only)","N",2014,9.16666666666667,"Spring","N","N","Su","N","N","Y","N","N","N","N","N","Daylight","Broadside","Pedestrian Right of Way","Other Motor Vehicle","N","N","N","N"
6619617,"N","Y","Injury (Complaint of Pain)","N",2014,13.8333333333333,"Summer","N","N","M","N","Y","Y","N","N","N","N","N","Daylight","Sideswipe","Automobile Right of Way","Other Motor Vehicle","N","N","N","N"
6619621,"N","Y","Injury (Complaint of Pain)","N",2014,11.5833333333333,"Summer","N","N","M","Y","N","Y","N","N","N","N","N","Daylight","Broadside","Pedestrian Violation","Other Motor Vehicle","N","N","N","N"
6620008,"N","Y","Injury (Other Visible)","N",2014,22.0833333333333,"Summer","N","N","Sa","N","Y","Y","N","N","N","N","N","Dark - Street Lights","Hit Object","Pedestrian Right of Way","Fixed Object","N","N","N","N"
6620026,"N","Y","Injury (Complaint of Pain)","N",2014,20,"Summer","N","N","F","N","N","Y","N","N","N","N","N","Dark - Street Lights","Other","Pedestrian Violation","Other Object","N","N","N","N"
6620066,"N","Y","Injury (Complaint of Pain)","N",2014,22.75,"Summer","N","N","F","Y","N","Y","N","N","N","N","N","Dark - Street Lights","Broadside","Pedestrian Violation","Other Motor Vehicle","N","N","N","N"
6620182,"N","N","Fatal","Y",2014,12,"Summer","N","N","Su","N","N","Y","N","N","N","N","N","Daylight","Sideswipe","Improper Turning","Parked Motor Vehicle","N","N","N","N"
6620188,"N","Y","Injury (Other Visible)","N",2014,18.3333333333333,"Summer","N","N","Sa","N","N","Y","N","N","N","N","N","Daylight","Sideswipe","Improper Passing","Other Motor Vehicle","N","N","N","N"
6620225,"N","N","Fatal","Y",2014,23.5833333333333,"Summer","N","Y","Sa","N","N","Y","N","N","N","N","N","Dark - Street Lights","Rear End","Wrong Side of Road","Parked Motor Vehicle","N","N","N","N"
6620242,"N","Y","Injury (Complaint of Pain)","N",2014,21.3333333333333,"Summer","N","N","Tu","Y","N","Y","N","N","N","N","N","Dark - Street Lights","Broadside","Pedestrian Right of Way","Other Motor Vehicle","N","N","N","N"
6620245,"N","Y","Injury (Complaint of Pain)","N",2014,1.41666666666667,"Summer","N","Y","Tu","N","N","Y","N","N","N","N","N","Dark - Street Lights","Broadside","Pedestrian Violation","Motor Vehicle on Other Roadway","N","N","N","N"
6620258,"N","Y","PDO (property damage only)","N",2014,11.75,"Summer","N","N","W","Y","N","Y","N","N","N","N","N","Daylight","Broadside","Pedestrian Violation","Other Motor Vehicle","N","N","N","N"
6620261,"N","Y","Injury (Other Visible)","N",2014,20.9166666666667,"Summer","N","N","Su","N","N","Y","N","N","N","N","N","Dark - Street Lights","Broadside","Pedestrian Violation","Other Motor Vehicle","Y","N","N","N"
6620305,"N","Y","PDO (property damage only)","N",2014,15.3333333333333,"Summer","PM","N","Tu","Y","N","Y","N","N","N","N","N","Daylight","Sideswipe","Automobile Right of Way","Other Motor Vehicle","N","N","N","N"
6620306,"N","Y","PDO (property damage only)","N",2014,19.9166666666667,"Summer","N","N","F","N","N","Y","N","N","N","N","N","Daylight","Rear End","Pedestrian Right of Way","Other Motor Vehicle","N","N","N","N"
6620583,"N","Y","Injury (Complaint of Pain)","N",2014,7.66666666666667,"Summer","AM","N","F","Y","N","Y","N","N","N","N","N","Daylight","Broadside","Pedestrian Violation","Other Object","N","N","N","N"
6620587,"N","Y","PDO (property damage only)","N",2014,23.1666666666667,"Summer","N","Y","Th","Y","N","Y","N","N","N","N","N","Dark - Street Lights","Broadside","Lights","Other Motor Vehicle","N","N","N","N"
6621712,"N","Y","PDO (property damage only)","N",2014,10.5,"Spring","N","N","W","N","N","Y","N","N","N","N","N","Daylight","Rear End","Improper Passing","Other Motor Vehicle","N","N","N","N"
6621727,"N","Y","Injury (Complaint of Pain)","N",2014,17,"Winter","PM","N","F","N","N","Y","N","N","N","N","N","Daylight","Sideswipe","Driving or Bicycling Under the Influence of Alcohol or Drug","Other Motor Vehicle","N","N","N","N"
6621793,"N","Y","PDO (property damage only)","N",2014,5,"Spring","N","Y","Tu","Y","N","Y","N","N","N","N","N","Daylight","Sideswipe","Pedestrian Violation","Other Motor Vehicle","N","N","N","N"
6622245,"N","N","Fatal","Y",2014,8.58333333333333,"Summer","AM","N","F","N","N","Y","N","N","N","N","N","Daylight","Rear End","Wrong Side of Road","Other Motor Vehicle","N","N","N","N"
6622828,"N","Y","Injury (Complaint of Pain)","N",2014,17.5833333333333,"Summer","PM","N","W","N","N","Y","N","N","N","N","N","Daylight","Broadside","Pedestrian Violation","Other Motor Vehicle","N","N","N","N"
6622867,"N","Y","Injury (Complaint of Pain)","N",2014,8.33333333333333,"Summer","AM","N","Th","N","Y","Y","N","N","N","N","N","Daylight","Rear End","Automobile Right of Way","Other Motor Vehicle","N","N","N","N"
6622879,"N","Y","PDO (property damage only)","N",2014,22.5,"Summer","N","N","Th","N","Y","Y","N","N","N","N","N","Dark - No Street Lights","Rear End","Wrong Side of Road","Other Motor Vehicle","N","N","N","N"
6623871,"N","Y","Injury (Complaint of Pain)","N",2014,7.41666666666667,"Summer","AM","N","M","Y","N","Y","N","N","N","N","N","Daylight","Other","Automobile Right of Way","Non-Collision","N","N","N","N"
6623891,"N","Y","Injury (Complaint of Pain)","N",2014,18.3333333333333,"Summer","PM","N","Tu","N","N","Y","N","N","N","N","N","Dusk or Dawn","Other","Wrong Side of Road","Non-Collision","N","N","N","N"
6624324,"N","N","PDO (property damage only)","N",2014,15.8333333333333,"Summer","PM","N","F","Y","N","Y","N","N","N","N","N","Daylight","Broadside","Pedestrian Violation","Other Motor Vehicle","N","N","N","N"
6624439,"N","Y","PDO (property damage only)","N",2014,10.6666666666667,"Summer","N","N","Tu","N","N","Y","N","N","N","N","N","Daylight","Rear End","Code 20","Other Motor Vehicle","N","N","N","N"
6624579,"N","Y","Injury (Complaint of Pain)","N",2014,10.0833333333333,"Summer","N","N","W","N","N","Y","N","N","N","N","N","Daylight","Sideswipe","Pedestrian Right of Way","Other Motor Vehicle","N","N","N","N"
6624712,"N","N","Injury (Other Visible)","N",2014,6.16666666666667,"Summer","N","N","Su","Y","N","Y","N","N","N","N","N","Daylight","Broadside","Pedestrian Violation","Other Motor Vehicle","N","N","N","N"
6624911,"N","Y","Injury (Complaint of Pain)","N",2014,11.75,"Summer","N","N","Th","Y","N","Y","N","N","N","N","N","Daylight","Other","Pedestrian Violation","Fixed Object","N","N","N","N"
6624968,"N","Y","Injury (Complaint of Pain)","N",2014,9.5,"Summer","N","N","Th","N","Y","Y","N","N","N","N","N","Daylight","Rear End","Pedestrian Right of Way","Other Motor Vehicle","N","N","N","N"
6624997,"N","Y","Injury (Complaint of Pain)","N",2014,4.93333333333333,"Summer","N","Y","Th","N","Y","Y","N","N","N","N","N","Dark - Street Lights","Sideswipe","Wrong Side of Road","Other Motor Vehicle","N","N","N","N"
6625135,"N","Y","Injury (Complaint of Pain)","N",2014,18,"Summer","PM","N","W","N","Y","Y","N","N","N","N","N","Daylight","Sideswipe","Automobile Right of Way","Other Motor Vehicle","N","N","N","N"
6625138,"N","Y","PDO (property damage only)","N",2014,6.83333333333333,"Summer","N","N","Tu","N","Y","Y","N","N","N","N","N","Daylight","Sideswipe","Automobile Right of Way","Other Motor Vehicle","N","N","N","N"
6625142,"N","Y","PDO (property damage only)","N",2014,5.66666666666667,"Summer","N","N","M","N","Y","Y","N","N","N","N","N","Daylight","Overturned","Impeding Traffic","Fixed Object","N","N","N","N"
6625190,"N","Y","PDO (property damage only)","N",2014,13.9666666666667,"Summer","N","N","Su","N","Y","Y","N","N","N","N","N","Daylight","Rear End","Wrong Side of Road","Other Motor Vehicle","N","N","N","N"
6625870,"N","N","Fatal","Y",2014,19.0833333333333,"Summer","N","N","Tu","N","Y","Y","N","N","N","N","N","Daylight","Rear End","Wrong Side of Road","Other Motor Vehicle","N","N","N","N"
6625878,"N","N","Fatal","Y",2014,17.9166666666667,"Summer","PM","N","Tu","N","Y","Y","N","N","N","N","N","Daylight","Sideswipe","Wrong Side of Road","Other Motor Vehicle","Y","N","N","N"
6626017,"N","Y","PDO (property damage only)","N",2014,22.85,"Summer","N","N","Su","N","Y","Y","N","N","N","N","N","Dark - Street Lights","Hit Object","Pedestrian Right of Way","Fixed Object","N","N","N","N"
6626054,"N","Y","Injury (Other Visible)","N",2014,23.4333333333333,"Summer","N","Y","Su","N","Y","Y","N","N","N","N","N","Dark - Street Lights","Sideswipe","Unsafe Speed","Other Motor Vehicle","Y","N","N","N"
6626074,"N","Y","PDO (property damage only)","N",2014,15.6666666666667,"Summer","PM","N","F","N","Y","Y","N","N","N","N","N","Daylight","Hit Object","Automobile Right of Way","Fixed Object","N","N","N","N"
6627137,"N","Y","Injury (Other Visible)","N",2014,18.8333333333333,"Summer","N","N","Su","Y","N","Y","N","N","N","N","N","Dusk or Dawn","Broadside","Lights","Other Motor Vehicle","N","N","N","N"
6627151,"N","Y","PDO (property damage only)","N",2014,10.8333333333333,"Summer","N","N","F","N","N","Y","N","N","N","N","N","Daylight","Sideswipe","Automobile Right of Way","Other Motor Vehicle","N","N","N","N"
6627164,"N","Y","Injury (Other Visible)","N",2014,16.3333333333333,"Summer","N","N","Sa","Y","N","Y","N","N","N","N","N","Daylight","Broadside","Code 19","Bicycle","N","N","N","N"
6627165,"N","Y","Injury (Complaint of Pain)","N",2014,17,"Summer","N","N","Sa","N","N","Y","N","N","N","N","N","Daylight","Other","Wrong Side of Road","Other Object","N","N","N","N"
6627169,"N","Y","Injury (Complaint of Pain)","N",2014,16.3333333333333,"Summer","N","N","Sa","Y","N","Y","N","N","N","N","N","Daylight","Broadside","Pedestrian Violation","Other Motor Vehicle","N","N","N","N"
6628116,"N","Y","Injury (Complaint of Pain)","N",2014,11.8333333333333,"Summer","N","N","Tu","Y","N","Y","N","N","N","N","N","Daylight","Broadside","Pedestrian Violation","Other Motor Vehicle","N","N","N","N"
6628123,"N","Y","Injury (Other Visible)","N",2014,15,"Summer","N","N","Su","Y","N","Y","N","N","N","N","N","Daylight","Broadside","Pedestrian Violation","Other Motor Vehicle","N","N","N","N"
6628127,"N","Y","Injury (Complaint of Pain)","N",2014,19,"Summer","PM","N","W","N","N","Y","N","N","N","N","N","Dusk or Dawn","Broadside","Pedestrian Violation","Other Motor Vehicle","N","N","N","N"
6628148,"N","Y","PDO (property damage only)","N",2014,17.5833333333333,"Summer","PM","N","Tu","N","N","Y","N","N","N","N","Y","Daylight","Head-On","Unsafe Lane Change","Other Motor Vehicle","N","N","N","N"
6628156,"N","Y","Injury (Complaint of Pain)","N",2014,11.0833333333333,"Summer","N","N","Th","Y","N","Y","N","N","N","N","N","Daylight","Head-On","Pedestrian Violation","Other Motor Vehicle","N","N","N","N"
6628420,"N","N","Fatal","Y",2014,5.83333333333333,"Summer","N","N","Su","N","Y","Y","N","N","N","N","N","Dusk or Dawn","Rear End","Wrong Side of Road","Other Motor Vehicle","N","N","N","N"
6628587,"N","Y","Injury (Complaint of Pain)","N",2014,6.83333333333333,"Summer","N","N","W","N","Y","Y","N","N","N","N","N","Daylight","Hit Object","Code 20","Other Object","N","N","N","N"
6628598,"N","Y","Injury (Complaint of Pain)","N",2014,8.33333333333333,"Summer","AM","N","Tu","N","Y","Y","N","N","N","N","N","Daylight","Rear End","Automobile Right of Way","Other Motor Vehicle","N","N","N","N"
6628912,"N","Y","Injury (Complaint of Pain)","N",2014,7.66666666666667,"Summer","AM","N","M","N","Y","Y","N","N","N","N","N","Daylight","Rear End","Driving or Bicycling Under the Influence of Alcohol or Drug","Other Motor Vehicle","N","N","N","N"
6629145,"N","N","PDO (property damage only)","N",2014,12,"Summer","N","N","Tu","N","N","Y","N","N","N","N","N","Daylight","Sideswipe","Automobile Right of Way","Other Motor Vehicle","N","N","N","N"
6629191,"N","Y","Injury (Complaint of Pain)","N",2014,17.6666666666667,"Summer","PM","N","Th","N","N","Y","N","N","N","N","N","Daylight","Hit Object","Wrong Side of Road","Fixed Object","N","N","N","N"
6629194,"N","Y","PDO (property damage only)","N",2014,14.6666666666667,"Summer","N","N","M","Y","N","Y","N","N","N","N","N","Daylight","Sideswipe","Improper Turning","Other Motor Vehicle","N","N","N","N"
6629288,"N","Y","PDO (property damage only)","N",2014,17.25,"Summer","N","N","Sa","N","Y","Y","N","N","N","N","N","Daylight","Sideswipe","Automobile Right of Way","Other Motor Vehicle","N","N","N","N"
6629829,"N","Y","Injury (Complaint of Pain)","N",2014,15.75,"Summer","PM","N","Tu","N","N","Y","N","N","N","N","N","Daylight","Broadside","Impeding Traffic","Other Motor Vehicle","N","N","N","N"
6629928,"N","Y","Injury (Complaint of Pain)","N",2014,3.33333333333333,"Summer","N","Y","Sa","N","Y","Y","N","N","N","N","N","Dark - Street Lights","Overturned","Automobile Right of Way","Non-Collision","N","N","N","N"
6629976,"N","Y","Injury (Complaint of Pain)","N",2014,14.6166666666667,"Summer","N","N","Su","N","Y","Y","N","N","N","N","N","Daylight","Hit Object","Pedestrian Right of Way","Fixed Object","N","N","N","N"
6630063,"N","Y","PDO (property damage only)","N",2014,0.25,"Spring","N","Y","Th","N","N","Y","N","N","N","N","N","Dark - Street Lights","Sideswipe","Wrong Side of Road","Other Motor Vehicle","N","N","N","N"
6630510,"N","N","Fatal","Y",2014,10.5,"Fall","N","N","F","N","Y","Y","N","N","N","N","N","Daylight","Rear End","Automobile Right of Way","Other Motor Vehicle","N","N","N","N"
6630975,"N","Y","Injury (Complaint of Pain)","N",2014,0.583333333333333,"Summer","N","Y","Th","N","Y","Y","N","N","N","N","N","Dark - Street Lights","Overturned","Pedestrian Right of Way","Non-Collision","N","N","N","N"
6630978,"N","Y","Injury (Complaint of Pain)","N",2014,20.1666666666667,"Summer","N","N","Sa","N","Y","Y","N","N","N","N","N","Dark - No Street Lights","Overturned","Pedestrian Right of Way","Non-Collision","N","N","N","N"
6631003,"N","Y","Injury (Complaint of Pain)","N",2014,22,"Summer","N","N","W","N","Y","Y","N","N","N","N","N","Dark - No Street Lights","Hit Object","Pedestrian Right of Way","Fixed Object","N","N","N","N"
6631035,"N","Y","Injury (Complaint of Pain)","N",2014,16,"Summer","PM","N","F","N","Y","Y","N","N","N","N","N","Daylight","Sideswipe","Wrong Side of Road","Other Motor Vehicle","N","N","N","N"
6631126,"N","Y","Injury (Complaint of Pain)","N",2014,19,"Summer","PM","N","Th","N","Y","Y","N","N","N","N","N","Daylight","Hit Object","Driving or Bicycling Under the Influence of Alcohol or Drug","Fixed Object","N","N","N","N"
6632263,"N","Y","PDO (property damage only)","N",2014,21.75,"Summer","N","N","F","N","N","Y","N","N","N","N","N","Dark - Street Lights","Sideswipe","Automobile Right of Way","Other Motor Vehicle","Y","N","N","N"
6632307,"N","Y","Injury (Complaint of Pain)","N",2014,17,"Summer","PM","N","W","N","N","Y","N","N","N","N","N","Daylight","Sideswipe","Improper Turning","Other Motor Vehicle","N","N","N","N"
6632340,"N","Y","Injury (Complaint of Pain)","N",2014,4.33333333333333,"Summer","N","Y","Tu","N","N","Y","N","N","N","N","N","Dark - Street Lights","Rear End","Driving or Bicycling Under the Influence of Alcohol or Drug","Other Motor Vehicle","N","N","N","N"
6632593,"N","Y","Injury (Complaint of Pain)","N",2014,18.3333333333333,"Summer","N","N","Sa","N","N","Y","N","N","N","N","N","Daylight","Broadside","Improper Turning","Other Motor Vehicle","N","N","N","N"
6632597,"N","Y","Injury (Other Visible)","N",2014,0.166666666666667,"Summer","N","Y","Su","N","N","Y","N","N","N","N","N","Dark - No Street Lights","Rear End","Wrong Side of Road","Other Motor Vehicle","N","N","N","N"