"CASE_ID","mc_killed","mc_injured","collision_severity","severe","accident_year","hours_since_midnight","season","rush_hour","late_night","day_of_week","intersection","state_hwy_ind","w_clear","w_cloudy","w_rainy","w_other","road_not_dry","road_condition_issue","lighting","type_of_collision","pcf_viol_category","mviw","alcohol_involved","truck_accident","pedestrian_accident","bicycle_accident"
6632823,"N","N","Injury (Complaint of Pain)","N",2014,20.5,"Summer","N","N","Tu","N","N","Y","N","N","N","N","N","Dark - Street Lights","Rear End","Wrong Side of Road","Other Motor Vehicle","N","N","N","N"
6632849,"N","Y","Injury (Complaint of Pain)","N",2014,17.5,"Summer","PM","N","Tu","Y","N","Y","N","N","N","N","N","Daylight","Broadside","Pedestrian Violation","Other Motor Vehicle","N","N","N","N"
6633728,"N","Y","Injury (Complaint of Pain)","N",2014,15.25,"Fall","PM","N","Th","N","N","Y","N","N","N","N","N","Daylight","Sideswipe","Pedestrian Right of Way","Other Motor Vehicle","N","Y","N","N"
6634089,"N","Y","PDO (property damage only)","N",2014,18.5833333333333,"Summer","PM","N","F","Y","N","Y","N","N","N","N","N","Daylight","Sideswipe","Pedestrian Violation","Other Motor Vehicle","N","N","N","N"
6634142,"N","Y","PDO (property damage only)","N",2014,16.0833333333333,"Fall","PM","N","W","N","N","Y","N","N","N","N","N","Daylight","Broadside","Pedestrian Violation","Other Motor Vehicle","N","N","N","N"
6634146,"N","Y","Injury (Other Visible)","N",2014,15.5833333333333,"Fall","PM","N","M","N","N","Y","N","N","N","N","N","Daylight","Broadside","Pedestrian Violation","Other Motor Vehicle","N","N","N","N"
6634306,"N","N","Fatal","Y",2014,13.5,"Summer","N","N","F","N","Y","Y","N","N","N","N","N","Daylight","Sideswipe","Automobile Right of Way","Other Motor Vehicle","N","N","N","N"
6634343,"N","N","Fatal","Y",2014,10,"Summer","N","N","Th","N","Y","Y","N","N","N","N","N","Daylight","Sideswipe","Automobile Right of Way","Other Motor Vehicle","N","N","N","N"
6634530,"N","N","Fatal","Y",2014,8,"Summer","AM","N","F","N","Y","Y","N","N","N","N","N","Daylight","Rear End","Automobile Right of Way","Other Motor Vehicle","N","N","N","N"
6634549,"N","N","Fatal","Y",2014,18.7333333333333,"Summer","PM","N","W","N","Y","Y","N","N","N","N","N","Daylight","Sideswipe","Automobile Right of Way","Other Motor Vehicle","N","N","N","N"
6634598,"N","Y","PDO (property damage only)","N",2014,8.66666666666667,"Summer","AM","N","Tu","N","Y","Y","N","N","N","N","N","Daylight","Sideswipe","Automobile Right of Way","Other Motor Vehicle","N","N","N","N"
6635003,"N","Y","PDO (property damage only)","N",2014,21.1666666666667,"Summer","N","N","Su","N","N","Y","N","N","N","N","N","Dark - Street Lights","Rear End","Wrong Side of Road","Other Motor Vehicle","N","N","N","N"
6635586,"N","Y","Injury (Complaint of Pain)","N",2014,8.33333333333333,"Summer","AM","N","W","N","Y","Y","N","N","N","N","N","Daylight","Rear End","Automobile Right of Way","Other Motor Vehicle","N","N","N","N"
6635587,"N","Y","Injury (Other Visible)","N",2014,20,"Summer","N","N","Su","N","Y","Y","N","N","N","Y","Y","Dark - Street Lights","Hit Object","Unsafe Speed","Fixed Object","Y","N","N","N"
6636215,"N","Y","Injury (Complaint of Pain)","N",2014,13.0833333333333,"Summer","N","N","Tu","N","N","Y","N","N","N","N","N","Daylight","Sideswipe","Code 19","Other Motor Vehicle","N","N","N","N"
6636722,"N","Y","Injury (Other Visible)","N",2014,12.25,"Summer","N","N","Sa","N","N","Y","N","N","N","N","N","Daylight","Broadside","Pedestrian Violation","Other Motor Vehicle","N","N","N","N"
6636728,"N","Y","Injury (Complaint of Pain)","N",2014,11,"Summer","N","N","W","Y","N","Y","N","N","N","N","N","Daylight","Sideswipe","Pedestrian Right of Way","Motor Vehicle on Other Roadway","N","N","N","N"
6636732,"N","Y","Injury (Complaint of Pain)","N",2014,14.3333333333333,"Summer","N","N","Sa","Y","N","Y","N","N","N","N","N","Daylight","Broadside","Pedestrian Violation","Other Motor Vehicle","N","N","N","N"
6636755,"N","Y","Injury (Complaint of Pain)","N",2014,7.16666666666667,"Summer","N","N","Su","Y","N","Y","N","N","N","N","N","Daylight","Overturned","Wrong Side of Road","Non-Collision","N","N","N","N"
6636767,"N","Y","Injury (Complaint of Pain)","N",2014,9.25,"Summer","N","N","F","N","N","Y","N","N","N","N","N","Daylight","Rear End","Improper Passing","Other Motor Vehicle","N","N","N","N"
6636799,"N","Y","Injury (Complaint of Pain)","N",2014,14.8333333333333,"Summer","N","N","F","N","N","Y","N","N","N","N","N","Daylight","Broadside","Pedestrian Violation","Other Motor Vehicle","N","N","N","N"
6636905,"N","Y","Injury (Complaint of Pain)","N",2014,11.6666666666667,"Summer","N","N","F","N","N","Y","N","N","N","N","N","Daylight","Sideswipe","Wrong Side of Road","Other Motor Vehicle","N","N","N","N"
6636909,"N","Y","PDO (property damage only)","N",2014,21,"Summer","N","N","W","N","N","Y","N","N","N","N","N","Dark - Street Lights","Rear End","Wrong Side of Road","Other Motor Vehicle","N","N","N","N"
6636961,"N","Y","PDO (property damage only)","N",2014,12,"Summer","N","N","Su","N","N","Y","N","N","N","N","N","Daylight","Broadside","Pedestrian Violation","Other Motor Vehicle","N","N","N","N"
6636962,"N","Y","Injury (Other Visible)","N",2014,8,"Summer","AM","N","M","N","Y","Y","N","N","N","N","N","Daylight","Overturned","Pedestrian Right of Way","Other Object","N","N","N","N"
6637015,"N","Y","Injury (Complaint of Pain)","N",2014,17.8333333333333,"Summer","N","N","Su","Y","N","Y","N","N","N","N","N","Daylight","Broadside","Pedestrian Violation","Other Motor Vehicle","N","N","N","N"
6637062,"N","Y","PDO (property damage only)","N",2014,9.16666666666667,"Summer","N","N","Su","Y","N","Y","N","N","N","N","N","Daylight","Broadside","Lights","Other Motor Vehicle","N","N","N","N"
6637070,"N","Y","Injury (Complaint of Pain)","N",2014,12.6666666666667,"Summer","N","N","M","N","N","Y","N","N","N","N","Y","Daylight","Other","Wrong Side of Road","Fixed Object","N","N","N","N"
6637074,"N","Y","Injury (Complaint of Pain)","N",2014,21.0833333333333,"Summer","N","N","Sa","Y","N","Y","N","N","N","N","N","Dark - Street Lights","Head-On","Pedestrian Violation","Other Motor Vehicle","N","N","N","N"
6637086,"N","Y","Injury (Complaint of Pain)","N",2014,16.5,"Summer","PM","N","F","N","N","Y","N","N","N","N","N","Daylight","Sideswipe","Automobile Right of Way","Other Motor Vehicle","N","N","N","N"
6637104,"N","N","Fatal","Y",2014,3.5,"Fall","N","Y","Tu","N","N","Y","N","N","N","N","Y","Daylight","Broadside","Unsafe Speed","Parked Motor Vehicle","Y","N","N","N"
6637120,"N","N","Fatal","Y",2014,12.4333333333333,"Fall","N","N","Sa","N","N","N","Y","N","N","N","N","Daylight","Sideswipe","Pedestrian Right of Way","Other Motor Vehicle","N","N","N","N"
6637182,"N","Y","Injury (Complaint of Pain)","N",2014,21.9166666666667,"Summer","N","N","M","N","N","Y","N","N","N","N","N","Dark - Street Lights","Broadside","Other Improper Driving","Other Motor Vehicle","N","N","N","N"
6637202,"N","N","PDO (property damage only)","N",2014,18.6666666666667,"Summer","PM","N","Th","Y","N","Y","N","N","N","N","N","Daylight","Broadside","Pedestrian Violation","Other Motor Vehicle","N","N","N","N"
6637682,"N","Y","PDO (property damage only)","N",2014,23.25,"Summer","N","Y","W","Y","N","Y","N","N","N","N","N","Dark - Street Lights","Broadside","Pedestrian Violation","Other Motor Vehicle","N","N","N","N"
6637726,"N","Y","Injury (Complaint of Pain)","N",2014,10.4166666666667,"Summer","N","N","Th","N","N","Y","N","N","N","N","N","Daylight","Broadside","Automobile Right of Way","Other Motor Vehicle","N","N","N","N"
6637734,"N","N","Injury (Complaint of Pain)","N",2014,18.5833333333333,"Fall","PM","N","M","Y","N","Y","N","N","N","N","N","Dark - Street Lights","Sideswipe","Pedestrian Right of Way","Other Motor Vehicle","N","N","N","N"
6637746,"N","N","Injury (Other Visible)","N",2014,20.4166666666667,"Fall","N","N","Th","N","N","Y","N","N","N","N","N","Dark - Street Lights","Vehicle/Pedestrian","Hazardous Parking","Pedestrian","N","N","Y","N"
6637778,"N","N","Injury (Complaint of Pain)","N",2014,15.5833333333333,"Summer","N","N","Sa","N","N","Y","N","N","N","N","N","Daylight","Broadside","Pedestrian Violation","Other Motor Vehicle","N","N","N","N"
6637794,"N","Y","PDO (property damage only)","N",2014,15.8333333333333,"Summer","PM","N","F","N","N","Y","N","N","N","N","N","Daylight","Broadside","Pedestrian Right of Way","Other Motor Vehicle","N","N","N","N"
6640333,"N","Y","Injury (Other Visible)","N",2014,19,"Fall","PM","N","Tu","N","N","Y","N","N","N","N","N","Dark - Street Lights","Head-On","Unsafe Lane Change","Other Motor Vehicle","N","N","N","N"
6640840,"N","Y","PDO (property damage only)","N",2014,9.16666666666667,"Summer","N","N","W","N","N","Y","N","N","N","N","N","Daylight","Rear End","Driving or Bicycling Under the Influence of Alcohol or Drug","Other Motor Vehicle","N","N","N","N"
6641076,"N","Y","PDO (property damage only)","N",2014,16.4166666666667,"Fall","PM","N","W","Y","N","Y","N","N","N","N","N","Daylight","Broadside","Pedestrian Right of Way","Other Motor Vehicle","N","N","N","N"
6641663,"N","Y","PDO (property damage only)","N",2014,0,"Summer","N","Y","Su","Y","N","Y","N","N","N","N","N","Dark - Street Lights","Broadside","Pedestrian Violation","Other Motor Vehicle","N","N","N","N"
6641850,"N","Y","PDO (property damage only)","N",2014,8.58333333333333,"Spring","AM","N","Th","N","N","Y","N","N","N","N","N","Daylight","Other","Unsafe Starting or Backing","Other Motor Vehicle","N","N","N","N"
6641919,"N","Y","Injury (Complaint of Pain)","N",2014,18.5833333333333,"Spring","PM","N","Tu","N","N","Y","N","N","N","N","N","Daylight","Other","Wrong Side of Road","Non-Collision","N","N","N","N"
6642194,"N","Y","Injury (Complaint of Pain)","N",2014,3,"Summer","N","Y","Su","Y","N","Y","N","N","N","N","N","Dark - Street Lights","Broadside","Lights","Other Motor Vehicle","N","N","N","N"
6642200,"N","Y","Injury (Complaint of Pain)","N",2014,20.8333333333333,"Summer","N","N","Th","N","N","Y","N","N","N","N","N","Dark - Street Lights","Broadside","Pedestrian Violation","Other Motor Vehicle","N","N","N","N"
6642217,"N","Y","Injury (Complaint of Pain)","N",2014,7,"Summer","AM","N","Tu","N","Y","Y","N","N","N","N","N","Daylight","Rear End","Wrong Side of Road","Other Motor Vehicle","N","N","N","N"
6642227,"N","Y","Injury (Other Visible)","N",2014,13.5,"Fall","N","N","Tu","N","N","Y","N","N","N","N","N","Daylight","Broadside","Pedestrian Violation","Other Motor Vehicle","N","N","N","N"
6642248,"N","Y","PDO (property damage only)","N",2014,19.1666666666667,"Fall","N","N","Su","N","N","Y","N","N","N","N","N","Dark - Street Lights","Rear End","Wrong Side of Road","Other Motor Vehicle","N","N","N","N"
6642257,"N","Y","Injury (Complaint of Pain)","N",2014,0.166666666666667,"Fall","N","Y","M","N","N","Y","N","N","N","N","N","Dark - Street Lights","Head-On","Unsafe Speed","Other Motor Vehicle","Y","N","N","N"
6642267,"N","Y","Injury (Complaint of Pain)","N",2014,7.66666666666667,"Summer","N","N","Su","N","N","Y","N","N","N","N","N","Daylight","Broadside","Unsafe Starting or Backing","Other Motor Vehicle","N","N","N","N"
6642281,"N","Y","Injury (Complaint of Pain)","N",2014,20.8333333333333,"Summer","N","N","W","N","N","Y","N","N","N","N","N","Dark - Street Lights","Sideswipe","Automobile Right of Way","Other Motor Vehicle","N","N","N","N"
6642303,"N","Y","Injury (Complaint of Pain)","N",2014,12.5833333333333,"Summer","N","N","Sa","Y","N","Y","N","N","N","N","N","Daylight","Sideswipe","Automobile Right of Way","Other Motor Vehicle","N","N","N","N"
6642867,"N","N","Fatal","Y",2014,7.4,"Fall","AM","N","M","N","Y","Y","N","N","N","N","N","Daylight","Sideswipe","Automobile Right of Way","Other Motor Vehicle","N","N","N","N"
6643031,"N","Y","Injury (Other Visible)","N",2014,11,"Fall","N","N","Sa","Y","N","Y","N","N","N","N","N","Daylight","Broadside","Unsafe Speed","Other Motor Vehicle","Y","N","N","N"
6643110,"N","N","Fatal","Y",2014,12.8333333333333,"Summer","N","N","Tu","N","Y","Y","N","N","N","N","N","Daylight","Sideswipe","Improper Turning","Other Motor Vehicle","N","N","N","N"
6643118,"N","N","Fatal","Y",2014,10.3333333333333,"Summer","N","N","F","N","Y","Y","N","N","N","N","N","Daylight","Sideswipe","Automobile Right of Way","Other Motor Vehicle","N","N","N","N"
6643549,"N","Y","Injury (Complaint of Pain)","N",2014,22.75,"Summer","N","N","F","N","N","Y","N","N","N","N","N","Dark - Street Lights","Broadside","Pedestrian Violation","Other Motor Vehicle","Y","N","N","N"
6643774,"N","N","Fatal","Y",2014,9,"Fall","AM","N","Th","N","Y","Y","N","N","N","N","N","Daylight","Sideswipe","Automobile Right of Way","Other Motor Vehicle","N","N","N","N"
6643936,"N","Y","Injury (Complaint of Pain)","N",2014,13.4166666666667,"Fall","N","N","Th","Y","N","Y","N","N","N","N","N","Daylight","Broadside","Pedestrian Violation","Other Motor Vehicle","N","N","N","N"
6643944,"N","Y","Injury (Complaint of Pain)","N",2014,15.3333333333333,"Fall","PM","N","Tu","Y","N","Y","N","N","N","N","N","Daylight","Broadside","Pedestrian Violation","Other Motor Vehicle","N","N","N","N"
6643959,"N","Y","PDO (property damage only)","N",2014,6.83333333333333,"Fall","N","N","Tu","N","N","N","Y","N","N","N","N","Daylight","Rear End","Wrong Side of Road","Other Motor Vehicle","N","N","N","N"
6643963,"N","Y","PDO (property damage only)","N",2014,18.25,"Fall","PM","N","W","Y","N","Y","N","N","N","N","N","Daylight","Broadside","Pedestrian Violation","Other Motor Vehicle","N","N","N","N"
6643972,"N","Y","Injury (Complaint of Pain)","N",2014,18.0833333333333,"Fall","PM","N","Th","N","N","Y","N","N","N","N","N","Dark - Street Lights","Sideswipe","Pedestrian Right of Way","Other Motor Vehicle","N","N","N","N"
6643988,"N","Y","Injury (Complaint of Pain)","N",2014,14.8333333333333,"Fall","N","N","Sa","Y","N","Y","N","N","N","N","N","Daylight","Broadside","Pedestrian Violation","Other Motor Vehicle","N","N","N","N"
6643996,"N","N","PDO (property damage only)","N",2014,1.66666666666667,"Fall","N","Y","Sa","Y","N","Y","N","N","N","N","N","Dark - Street Lights","Vehicle/Pedestrian","Hazardous Parking","Pedestrian","Y","N","Y","N"
6644016,"N","Y","PDO (property damage only)","N",2014,19,"Fall","PM","N","Tu","Y","N","N","Y","N","N","N","N","Dusk or Dawn","Rear End","Wrong Side of Road","Other Motor Vehicle","N","N","N","N"
6644056,"N","Y","Injury (Complaint of Pain)","N",2014,9.5,"Fall","N","N","Tu","N","N","Y","N","N","N","N","N","Daylight","Hit Object","Wrong Side of Road","Fixed Object","N","N","N","N"
6644971,"N","N","Injury (Other Visible)","N",2014,8.75,"Summer","AM","N","Th","N","N","Y","N","N","N","N","N","Daylight","Broadside","Pedestrian Right of Way","Other Motor Vehicle","N","N","N","N"
6645051,"N","N","Fatal","Y",2014,23.3333333333333,"Fall","N","Y","F","N","N","Y","N","N","N","N","N","Dark - Street Lights","Sideswipe","Pedestrian Right of Way","Parked Motor Vehicle","Y","N","N","N"
6645057,"N","N","PDO (property damage only)","N",2014,1,"Summer","N","Y","Su","N","N","Y","N","N","N","N","N","Dark - Street Lights","Sideswipe","Wrong Side of Road","Parked Motor Vehicle","Y","N","N","N"
6645195,"N","N","Fatal","Y",2014,19.25,"Fall","N","N","F","N","N","Y","N","N","N","N","N","Dark - Street Lights","Sideswipe","Code 19","Other Motor Vehicle","N","N","N","N"
6645259,"N","N","PDO (property damage only)","N",2014,8.66666666666667,"Summer","AM","N","Th","N","Y","Y","N","N","N","N","N","Daylight","Rear End","Wrong Side of Road","Other Motor Vehicle","N","N","N","N"
6645304,"N","Y","PDO (property damage only)","N",2014,14,"Summer","N","N","Tu","Y","Y","Y","N","N","N","N","N","Daylight","Overturned","Lights","Other Motor Vehicle","Y","N","N","N"
6645703,"N","Y","PDO (property damage only)","N",2014,15.9166666666667,"Fall","PM","N","F","N","N","Y","N","N","N","N","N","Daylight","Sideswipe","Driving or Bicycling Under the Influence of Alcohol or Drug","Other Motor Vehicle","N","Y","N","N"
6645730,"N","Y","Injury (Complaint of Pain)","N",2014,8.08333333333333,"Fall","AM","N","Tu","N","N","Y","N","N","N","N","N","Daylight","Broadside","Pedestrian Violation","Other Object","N","N","N","N"
6645739,"N","Y","Injury (Complaint of Pain)","N",2014,15.25,"Summer","PM","N","Tu","Y","N","Y","N","N","N","N","N","Daylight","Sideswipe","Pedestrian Right of Way","Other Object","N","N","N","N"
6645954,"N","Y","Injury (Other Visible)","N",2014,19.6666666666667,"Summer","N","N","Th","Y","N","Y","N","N","N","N","N","Dark - Street Lights","Head-On","Pedestrian Violation","Other Motor Vehicle","N","N","N","N"
6645960,"N","Y","PDO (property damage only)","N",2014,13.8333333333333,"Summer","N","N","Tu","N","N","Y","N","N","N","N","N","Daylight","Broadside","Improper Turning","Other Motor Vehicle","N","N","N","N"
6645980,"N","Y","PDO (property damage only)","N",2014,7.83333333333333,"Fall","AM","N","Tu","N","N","Y","N","N","N","N","N","Daylight","Broadside","Pedestrian Violation","Other Motor Vehicle","N","N","N","N"
6646015,"N","Y","Injury (Complaint of Pain)","N",2014,17.3833333333333,"Summer","PM","N","W","N","Y","Y","N","N","N","N","N","Daylight","Rear End","Wrong Side of Road","Other Motor Vehicle","N","N","N","N"
6646084,"N","Y","Injury (Complaint of Pain)","N",2014,20,"Fall","N","N","W","Y","N","Y","N","N","N","N","N","Daylight","Broadside","Pedestrian Violation","Other Motor Vehicle","N","N","N","N"
6646144,"N","Y","Injury (Other Visible)","N",2014,8.25,"Fall","AM","N","F","N","N","Y","N","N","N","N","N","Daylight","Sideswipe","Improper Passing","Other Motor Vehicle","N","N","N","N"
6646156,"N","Y","Injury (Complaint of Pain)","N",2014,12.1666666666667,"Fall","N","N","W","N","N","Y","N","N","N","N","N","Daylight","Broadside","Pedestrian Violation","Other Motor Vehicle","N","N","N","N"
6646265,"N","Y","PDO (property damage only)","N",2014,23.1666666666667,"Fall","N","Y","F","N","N","Y","N","N","N","N","N","Dark - Street Lights","Sideswipe","Automobile Right of Way","Other Motor Vehicle","N","N","N","N"
6646287,"N","Y","Injury (Complaint of Pain)","N",2014,12.3333333333333,"Fall","N","N","F","N","N","Y","N","N","N","N","N","Daylight","Broadside","Pedestrian Violation","Other Motor Vehicle","N","N","N","N"
6646369,"N","Y","PDO (property damage only)","N",2014,18.1666666666667,"Fall","PM","N","F","N","N","Y","N","N","N","N","N","Daylight","Head-On","Pedestrian Violation","Other Motor Vehicle","N","N","N","N"
6646721,"N","Y","Injury (Complaint of Pain)","N",2014,20.9666666666667,"Fall","N","N","W","N","Y","Y","N","N","N","N","N","Dark - Street Lights","Hit Object","Pedestrian Right of Way","Fixed Object","N","N","N","N"
6646732,"N","Y","Injury (Complaint of Pain)","N",2014,17.6666666666667,"Fall","PM","N","Th","Y","N","Y","N","N","N","N","N","Daylight","Broadside","Pedestrian Violation","Other Motor Vehicle","N","N","N","N"
6646737,"N","Y","Injury (Complaint of Pain)","N",2014,7.33333333333333,"Fall","AM","N","Tu","N","Y","Y","N","N","N","N","N","Daylight","Sideswipe","Improper Turning","Other Motor Vehicle","N","N","N","N"
6646741,"N","Y","PDO (property damage only)","N",2014,19.5,"Fall","N","N","W","N","Y","Y","N","N","N","N","N","Dark - Street Lights","Sideswipe","Automobile Right of Way","Other Motor Vehicle","N","N","N","N"
6646748,"N","Y","Injury (Complaint of Pain)","N",2014,19.8333333333333,"Fall","N","N","M","N","N","Y","N","N","N","N","N","Dark - Street Lights","Broadside","Pedestrian Right of Way","Other Motor Vehicle","N","N","N","N"
6646759,"N","Y","Injury (Other Visible)","N",2014,8.83333333333333,"Summer","AM","N","F","Y","Y","Y","N","N","N","N","N","Daylight","Broadside","Lights","Other Motor Vehicle","N","N","N","N"
6646772,"N","Y","PDO (property damage only)","N",2014,23.6666666666667,"Fall","N","Y","Tu","N","N","Y","N","N","N","N","N","Dark - Street Lights","Rear End","Wrong Side of Road","Other Motor Vehicle","N","N","N","N"
6646796,"N","Y","PDO (property damage only)","N",2014,12.5833333333333,"Fall","N","N","Th","N","N","Y","N","N","N","N","N","Daylight","Rear End","Improper Passing","Other Motor Vehicle","N","N","N","N"
6646817,"N","Y","Injury (Other Visible)","N",2014,20,"Fall","N","N","W","N","N","Y","N","N","N","N","N","Dark - No Street Lights","Rear End","Improper Passing","Other Motor Vehicle","N","N","N","N"
6646819,"N","Y","PDO (property damage only)","N",2014,6.41666666666667,"Summer","N","N","Tu","N","N","Y","N","N","N","N","N","Dusk or Dawn","Broadside","Improper Turning","Other Motor Vehicle","N","N","N","N"
6646826,"N","Y","Injury (Complaint of Pain)","N",2014,20.5,"Fall","N","N","W","N","N","Y","N","N","N","N","N","Dark - Street Lights","Other","Wrong Side of Road","Other Object","N","N","N","N"
6646831,"N","Y","Injury (Complaint of Pain)","N",2014,15.4166666666667,"Summer","PM","N","F","N","N","Y","N","N","N","N","N","Daylight","Sideswipe","Automobile Right of Way","Other Motor Vehicle","N","N","N","N"
6646833,"N","Y","Injury (Complaint of Pain)","N",2014,21.4166666666667,"Summer","N","N","Th","Y","N","Y","N","N","N","N","N","Dark - Street Lights","Broadside","Pedestrian Violation","Other Motor Vehicle","N","N","N","N"
6646984,"N","Y","Injury (Complaint of Pain)","N",2014,23.9166666666667,"Summer","N","Y","Sa","Y","N","Y","N","N","N","N","N","Dark - Street Lights","Sideswipe","Driving or Bicycling Under the Influence of Alcohol or Drug","Other Motor Vehicle","N","N","N","N"
6647000,"N","Y","Injury (Complaint of Pain)","N",2014,1.16666666666667,"Summer","N","Y","Tu","N","N","Y","N","N","N","N","N","Dark - Street Lights","Sideswipe","Pedestrian Right of Way","Other Motor Vehicle","N","N","N","N"
6647004,"N","Y","Injury (Complaint of Pain)","N",2014,21.1666666666667,"Summer","N","N","W","N","N","Y","N","N","N","N","N","Dark - Street Lights","Broadside","Pedestrian Violation","Other Motor Vehicle","N","N","N","N"
6647020,"N","Y","PDO (property damage only)","N",2014,15,"Summer","PM","N","Th","N","N","Y","N","N","N","N","N","Daylight","Broadside","Pedestrian Right of Way","Other Motor Vehicle","N","N","N","N"
6647205,"N","Y","Injury (Complaint of Pain)","N",2014,8.25,"Summer","AM","N","Tu","N","N","Y","N","N","N","N","N","Daylight","Broadside","Pedestrian Violation","Other Motor Vehicle","N","N","N","N"
6647253,"N","Y","Injury (Complaint of Pain)","N",2014,5.5,"Fall","N","N","Th","N","N","Y","N","N","N","N","N","Dark - Street Lights","Sideswipe","Automobile Right of Way","Other Motor Vehicle","N","N","N","N"
6647299,"N","Y","Injury (Complaint of Pain)","N",2014,22.6666666666667,"Summer","N","N","Su","N","N","Y","N","N","N","N","N","Dark - Street Lights","Sideswipe","Pedestrian Right of Way","Other Motor Vehicle","N","N","N","N"
6647300,"N","Y","PDO (property damage only)","N",2014,12.3333333333333,"Summer","N","N","Th","Y","N","Y","N","N","N","N","N","Daylight","Broadside","Pedestrian Violation","Other Motor Vehicle","N","N","N","N"
6647307,"N","Y","Injury (Other Visible)","N",2014,18.0833333333333,"Summer","PM","N","F","N","N","Y","N","N","N","N","N","Daylight","Head-On","Pedestrian Violation","Other Motor Vehicle","Y","N","N","N"
6647308,"N","Y","PDO (property damage only)","N",2014,18.5833333333333,"Summer","PM","N","M","N","N","Y","N","N","N","N","N","Daylight","Broadside","Pedestrian Violation","Other Motor Vehicle","N","N","N","N"
6647320,"N","Y","PDO (property damage only)","N",2014,19.3333333333333,"Summer","N","N","W","N","N","Y","N","N","N","N","N","Daylight","Sideswipe","Driving or Bicycling Under the Influence of Alcohol or Drug","Other Motor Vehicle","N","N","N","N"
6647352,"N","Y","Injury (Complaint of Pain)","N",2014,14.5,"Summer","N","N","Sa","N","N","Y","N","N","N","N","N","Daylight","Rear End","Wrong Side of Road","Other Motor Vehicle","N","N","N","N"
6647361,"N","Y","Injury (Other Visible)","N",2014,18,"Summer","N","N","Sa","Y","N","Y","N","N","N","N","N","Daylight","Other","Wrong Side of Road","Non-Collision","N","N","N","N"
6647369,"N","Y","Injury (Other Visible)","N",2014,11.3333333333333,"Summer","N","N","F","N","N","Y","N","N","N","N","N","Daylight","Broadside","Pedestrian Right of Way","Other Motor Vehicle","N","N","N","N"
6647378,"N","Y","Injury (Complaint of Pain)","N",2014,13.75,"Summer","N","N","Sa","N","N","Y","N","N","N","N","N","Daylight","Sideswipe","Automobile Right of Way","Other Motor Vehicle","N","N","N","N"
6647397,"N","Y","PDO (property damage only)","N",2014,20,"Summer","N","N","Tu","N","N","Y","N","N","N","N","N","Dark - Street Lights","Sideswipe","Automobile Right of Way","Other Motor Vehicle","N","N","N","N"
6647405,"N","Y","PDO (property damage only)","N",2014,18.5,"Summer","PM","N","Tu","N","N","Y","N","N","N","N","N","Daylight","Sideswipe","Code 20","Other Motor Vehicle","N","N","N","N"
6647408,"N","Y","Injury (Other Visible)","N",2014,10.6666666666667,"Summer","N","N","Sa","N","Y","Y","N","N","N","N","N","Daylight","Sideswipe","Automobile Right of Way","Other Motor Vehicle","N","N","N","N"
6647413,"N","Y","Injury (Complaint of Pain)","N",2014,17.3333333333333,"Summer","PM","N","Th","Y","N","Y","N","N","N","N","N","Daylight","Sideswipe","Driving or Bicycling Under the Influence of Alcohol or Drug","Other Motor Vehicle","N","N","N","N"
6647419,"N","Y","PDO (property damage only)","N",2014,12.5833333333333,"Summer","N","N","Su","N","Y","Y","N","N","N","N","N","Daylight","Rear End","Wrong Side of Road","Other Motor Vehicle","N","N","N","N"
6647420,"N","Y","Injury (Complaint of Pain)","N",2014,18.3833333333333,"Summer","PM","N","Tu","N","Y","Y","N","N","N","N","N","Daylight","Rear End","Wrong Side of Road","Other Motor Vehicle","N","N","N","N"
6647429,"N","Y","PDO (property damage only)","N",2014,13.1666666666667,"Summer","N","N","Su","N","N","Y","N","N","N","N","N","Daylight","Rear End","Wrong Side of Road","Other Motor Vehicle","N","N","N","N"
6647432,"N","Y","PDO (property damage only)","N",2014,8.08333333333333,"Summer","AM","N","Th","N","Y","Y","N","N","N","N","N","Daylight","Rear End","Wrong Side of Road","Other Motor Vehicle","N","N","N","N"
6647497,"N","Y","Injury (Complaint of Pain)","N",2014,17.4166666666667,"Summer","PM","N","Tu","Y","N","Y","N","N","N","N","N","Daylight","Broadside","Pedestrian Violation","Other Motor Vehicle","N","N","N","N"
6647555,"N","N","Fatal","Y",2014,17.0833333333333,"Fall","PM","N","M","N","Y","Y","N","N","N","N","N","Daylight","Rear End","Wrong Side of Road","Other Motor Vehicle","N","N","N","N"
6647842,"N","Y","Injury (Other Visible)","N",2014,18.3333333333333,"Fall","PM","N","W","Y","N","Y","N","N","N","N","N","Dusk or Dawn","Broadside","Pedestrian Violation","Other Motor Vehicle","N","N","N","N"
6647870,"N","Y","Injury (Complaint of Pain)","N",2014,1.58333333333333,"Fall","N","Y","Su","Y","N","Y","N","N","N","N","N","Dark - Street Lights","Broadside","Lights","Other Motor Vehicle","N","N","N","N"
6647976,"N","Y","Injury (Complaint of Pain)","N",2014,17.6666666666667,"Summer","PM","N","Tu","Y","N","Y","N","N","N","N","N","Daylight","Other","Driving or Bicycling Under the Influence of Alcohol or Drug","Other Motor Vehicle","N","N","N","N"