"CASE_ID","mc_killed","mc_injured","collision_severity","severe","accident_year","hours_since_midnight","season","rush_hour","late_night","day_of_week","intersection","state_hwy_ind","w_clear","w_cloudy","w_rainy","w_other","road_not_dry","road_condition_issue","lighting","type_of_collision","pcf_viol_category","mviw","alcohol_involved","truck_accident","pedestrian_accident","bicycle_accident"
6688836,"N","N","Injury (Complaint of Pain)","N",2014,7.91666666666667,"Fall","AM","N","Tu","N","Y","N","Y","N","N","N","N","Daylight","Sideswipe","Automobile Right of Way","Other Motor Vehicle","N","N","N","N"
6688844,"N","N","Injury (Complaint of Pain)","N",2014,0.333333333333333,"Fall","N","Y","Th","N","Y","Y","N","N","N","N","N","Dark - Street Lights","Hit Object","Automobile Right of Way","Fixed Object","N","N","N","N"
6688880,"N","Y","PDO (property damage only)","N",2014,16.3333333333333,"Fall","N","N","Su","N","Y","Y","N","N","N","N","N","Daylight","Sideswipe","Automobile Right of Way","Other Motor Vehicle","N","N","N","N"
6688886,"N","Y","Injury (Other Visible)","N",2014,18.4166666666667,"Fall","PM","N","F","Y","N","Y","N","N","N","N","N","Dusk or Dawn","Broadside","Pedestrian Violation","Other Motor Vehicle","N","N","N","N"
6688898,"N","Y","Injury (Complaint of Pain)","N",2014,16.4666666666667,"Fall","PM","N","Tu","Y","N","Y","N","N","N","N","N","Daylight","Broadside","Pedestrian Violation","Other Motor Vehicle","N","N","N","N"
6688923,"N","Y","PDO (property damage only)","N",2014,19.1666666666667,"Fall","N","N","W","Y","N","Y","N","N","N","N","N","Dark - Street Lights","Broadside","Unsafe Starting or Backing","Other Motor Vehicle","N","N","N","N"
6688950,"N","Y","Injury (Other Visible)","N",2014,15.75,"Fall","N","N","Sa","Y","N","Y","N","N","N","N","N","Daylight","Head-On","Lights","Other Motor Vehicle","N","N","N","N"
6688966,"N","Y","PDO (property damage only)","N",2014,15.4166666666667,"Fall","PM","N","W","N","N","Y","N","N","N","N","N","Daylight","Sideswipe","Automobile Right of Way","Other Motor Vehicle","N","N","N","N"
6689017,"N","Y","Injury (Complaint of Pain)","N",2014,17,"Fall","PM","N","W","N","N","Y","N","N","N","N","N","Daylight","Broadside","Pedestrian Violation","Other Motor Vehicle","N","N","N","N"
6689018,"N","Y","Injury (Other Visible)","N",2014,18.9166666666667,"Fall","PM","N","F","N","N","Y","N","N","N","N","N","Dark - Street Lights","Vehicle/Pedestrian","Hazardous Parking","Pedestrian","N","N","Y","N"
6689036,"N","Y","Injury (Other Visible)","N",2014,0.833333333333333,"Fall","N","Y","Su","N","Y","Y","N","N","N","N","N","Dark - Street Lights","Hit Object","Pedestrian Right of Way","Fixed Object","N","N","N","N"
6689076,"N","N","Fatal","Y",2014,8.2,"Fall","AM","N","Tu","N","Y","Y","N","N","N","N","Y","Daylight","Sideswipe","Pedestrian Right of Way","Other Motor Vehicle","N","N","N","N"
6690021,"N","N","Fatal","Y",2014,17.3333333333333,"Fall","PM","N","Th","N","Y","Y","N","N","N","N","N","Daylight","Rear End","Wrong Side of Road","Other Motor Vehicle","N","N","N","N"
6690068,"N","Y","PDO (property damage only)","N",2014,19.1666666666667,"Fall","N","N","F","N","Y","Y","N","N","N","N","Y","Dusk or Dawn","Sideswipe","Wrong Side of Road","Other Motor Vehicle","N","N","N","N"
6690070,"N","Y","Injury (Complaint of Pain)","N",2014,17.65,"Fall","PM","N","Th","N","Y","Y","N","N","N","N","N","Daylight","Sideswipe","Automobile Right of Way","Other Motor Vehicle","N","N","N","N"
6690074,"N","Y","Injury (Complaint of Pain)","N",2014,16.55,"Summer","PM","N","Th","N","Y","Y","N","N","N","N","N","Daylight","Sideswipe","Pedestrian Right of Way","Other Motor Vehicle","N","N","N","N"
6690079,"N","Y","PDO (property damage only)","N",2014,15.5833333333333,"Fall","N","N","Sa","N","Y","Y","N","N","N","N","N","Daylight","Rear End","Wrong Side of Road","Other Motor Vehicle","N","N","N","N"
6690085,"N","N","Fatal","Y",2014,17.4666666666667,"Fall","PM","N","Th","N","Y","Y","N","N","N","N","N","Daylight","Sideswipe","Driving or Bicycling Under the Influence of Alcohol or Drug","Other Motor Vehicle","N","N","N","N"
6690090,"N","N","Fatal","Y",2014,18.75,"Fall","PM","N","W","N","Y","Y","N","N","N","N","N","Daylight","Rear End","Automobile Right of Way","Other Motor Vehicle","N","N","N","N"
6690282,"N","N","Fatal","Y",2014,17.9166666666667,"Fall","PM","N","F","N","Y","Y","N","N","N","N","N","Daylight","Sideswipe","Automobile Right of Way","Other Motor Vehicle","N","N","N","N"
6690578,"N","Y","Injury (Complaint of Pain)","N",2014,17.5833333333333,"Fall","PM","N","W","N","Y","Y","N","N","N","N","N","Daylight","Hit Object","Pedestrian Right of Way","Fixed Object","N","N","N","N"
6690585,"N","Y","PDO (property damage only)","N",2014,8.1,"Fall","AM","N","W","N","Y","Y","N","N","N","N","N","Daylight","Sideswipe","Wrong Side of Road","Other Motor Vehicle","N","N","N","N"
6690594,"N","Y","PDO (property damage only)","N",2014,19.3333333333333,"Fall","N","N","F","N","Y","Y","N","N","N","N","N","Dusk or Dawn","Rear End","Wrong Side of Road","Other Motor Vehicle","N","N","N","N"
6690614,"N","Y","Injury (Other Visible)","N",2014,9.58333333333333,"Fall","N","N","F","N","Y","Y","N","N","N","N","Y","Daylight","Hit Object","Wrong Side of Road","Other Object","N","N","N","N"
6690693,"N","N","PDO (property damage only)","N",2014,16.25,"Fall","N","N","Sa","N","N","Y","N","N","N","N","N","Daylight","Vehicle/Pedestrian","Traffic Signals and Signs","Pedestrian","N","N","Y","N"
6690840,"N","Y","Injury (Complaint of Pain)","N",2014,17.75,"Fall","N","N","Sa","N","N","Y","N","N","N","N","N","Daylight","Other","Improper Passing","Non-Collision","N","N","N","N"
6690869,"N","Y","Injury (Complaint of Pain)","N",2014,14.6666666666667,"Fall","N","N","W","N","N","Y","N","N","N","N","N","Daylight","Rear End","Improper Passing","Motor Vehicle on Other Roadway","Y","N","N","N"
6691071,"N","Y","PDO (property damage only)","N",2014,12.5,"Fall","N","N","Sa","N","N","Y","N","N","N","N","N","Daylight","Broadside","Pedestrian Violation","Other Motor Vehicle","N","N","N","N"
6691395,"N","Y","Injury (Complaint of Pain)","N",2014,10.8333333333333,"Fall","N","N","W","N","N","Y","N","N","N","N","N","Daylight","Head-On","Pedestrian Violation","Other Motor Vehicle","N","N","N","N"
6691440,"N","Y","Injury (Complaint of Pain)","N",2014,11.8333333333333,"Fall","N","N","W","N","N","Y","N","N","N","N","N","Daylight","Sideswipe","Improper Passing","Other Motor Vehicle","N","N","N","N"
6691720,"N","Y","PDO (property damage only)","N",2014,22.9166666666667,"Summer","N","N","Tu","Y","Y","Y","N","N","N","N","N","Dark - Street Lights","Overturned","Lights","Other Object","N","N","N","N"
6691767,"N","Y","Injury (Complaint of Pain)","N",2014,16.5,"Summer","N","N","Su","Y","N","Y","N","N","N","N","N","Daylight","Sideswipe","Pedestrian Right of Way","Other Motor Vehicle","N","N","N","N"
6691815,"N","Y","Injury (Complaint of Pain)","N",2014,22.0833333333333,"Summer","N","N","F","N","N","Y","N","N","N","N","N","Dark - Street Lights","Head-On","Pedestrian Violation","Other Motor Vehicle","N","N","N","N"
6691894,"N","Y","Injury (Complaint of Pain)","N",2014,12,"Summer","N","N","Th","N","N","Y","N","N","N","Y","Y","Daylight","Rear End","Wrong Side of Road","Parked Motor Vehicle","N","N","N","N"
6693457,"N","Y","Injury (Complaint of Pain)","N",2014,10.8333333333333,"Fall","N","N","Su","Y","N","Y","N","N","N","N","N","Daylight","Sideswipe","Code 19","Parked Motor Vehicle","N","N","N","N"
6693919,"N","Y","PDO (property damage only)","N",2014,7,"Fall","AM","N","M","N","Y","Y","N","N","N","N","N","Daylight","Rear End","Wrong Side of Road","Other Motor Vehicle","N","N","N","N"
6694112,"N","Y","PDO (property damage only)","N",2014,15.1666666666667,"Fall","PM","N","Tu","Y","Y","Y","N","N","N","N","N","Daylight","Broadside","Pedestrian Violation","Other Motor Vehicle","N","N","N","N"
6694277,"N","Y","Injury (Complaint of Pain)","N",2014,22.6666666666667,"Fall","N","N","Sa","Y","N","Y","N","N","N","N","N","Dark - Street Lights","Broadside","Pedestrian Violation","Other Motor Vehicle","N","N","N","N"
6694281,"N","Y","Injury (Other Visible)","N",2014,20.25,"Fall","N","N","F","Y","N","Y","N","N","N","N","N","Dark - Street Lights","Broadside","Pedestrian Violation","Other Motor Vehicle","N","N","N","N"
6694758,"N","Y","Injury (Complaint of Pain)","N",2014,11.4166666666667,"Fall","N","N","Su","N","N","Y","N","N","N","N","N","Daylight","Rear End","Wrong Side of Road","Other Motor Vehicle","N","N","N","N"
6694783,"N","Y","Injury (Complaint of Pain)","N",2014,19.5833333333333,"Fall","N","N","F","Y","N","Y","N","N","N","N","N","Dark - Street Lights","Head-On","Pedestrian Violation","Other Motor Vehicle","N","N","N","N"
6694790,"N","Y","Injury (Complaint of Pain)","N",2014,15.3333333333333,"Fall","PM","N","Tu","N","N","Y","N","N","N","N","N","Daylight","Overturned","Pedestrian Violation","Fixed Object","N","N","N","N"
6694814,"N","Y","Injury (Complaint of Pain)","N",2014,8.16666666666667,"Fall","AM","N","Th","Y","N","Y","N","N","N","N","N","Daylight","Broadside","Pedestrian Right of Way","Other Motor Vehicle","N","N","N","N"
6694860,"N","Y","PDO (property damage only)","N",2014,18.5,"Fall","PM","N","M","Y","N","Y","N","N","N","N","N","Dark - Street Lights","Broadside","Pedestrian Violation","Other Motor Vehicle","N","N","N","N"
6694864,"N","Y","Injury (Other Visible)","N",2014,19.6666666666667,"Fall","N","N","Th","Y","N","Y","N","N","N","N","N","Dark - Street Lights","Head-On","Pedestrian Violation","Other Motor Vehicle","N","N","N","N"
6694870,"N","Y","PDO (property damage only)","N",2014,8.16666666666667,"Fall","AM","N","W","N","N","Y","N","N","N","N","N","Daylight","Rear End","Wrong Side of Road","Other Motor Vehicle","N","N","N","N"
6695192,"N","Y","Injury (Complaint of Pain)","N",2014,16.5,"Fall","PM","N","M","N","N","Y","N","N","N","N","N","Daylight","Broadside","Lights","Pedestrian","N","N","N","N"
6695605,"N","N","Fatal","Y",2014,14.5833333333333,"Summer","N","N","Th","N","Y","Y","N","N","N","N","N","Daylight","Sideswipe","Automobile Right of Way","Non-Collision","N","N","N","N"
6695659,"N","Y","Injury (Complaint of Pain)","N",2014,11.8333333333333,"Fall","N","N","W","N","Y","Y","N","N","N","N","N","Daylight","Sideswipe","Pedestrian Right of Way","Other Motor Vehicle","N","N","N","N"
6695668,"N","Y","Injury (Complaint of Pain)","N",2014,9.33333333333333,"Fall","N","N","Tu","N","Y","Y","N","N","N","N","N","Daylight","Rear End","Wrong Side of Road","Other Motor Vehicle","N","N","N","N"
6695803,"N","N","Fatal","Y",2014,9.01666666666667,"Fall","N","N","Th","N","Y","Y","N","N","N","N","N","Daylight","Sideswipe","Automobile Right of Way","Other Motor Vehicle","N","N","N","N"
6695850,"N","N","Fatal","Y",2014,7.75,"Fall","AM","N","F","N","Y","N","Y","N","N","N","N","Daylight","Rear End","Wrong Side of Road","Other Motor Vehicle","N","N","N","N"
6696858,"N","Y","Injury (Other Visible)","N",2014,18.5,"Fall","PM","N","Tu","Y","N","Y","N","N","N","N","N","Dark - Street Lights","Head-On","Pedestrian Violation","Other Motor Vehicle","N","N","N","N"
6697417,"N","Y","PDO (property damage only)","N",2014,18.4166666666667,"Summer","PM","N","F","N","N","Y","N","N","N","N","N","Daylight","Rear End","Wrong Side of Road","Other Motor Vehicle","N","N","N","N"
6697811,"N","N","Fatal","Y",2014,0.5,"Fall","N","Y","Sa","N","N","Y","N","N","N","N","N","Daylight","Broadside","Wrong Side of Road","Parked Motor Vehicle","N","N","N","N"
6698037,"N","N","Injury (Complaint of Pain)","N",2014,18.75,"Fall","PM","N","F","N","Y","Y","N","N","N","N","N","Dark - Street Lights","Sideswipe","Automobile Right of Way","Other Motor Vehicle","N","N","N","N"
6698248,"N","Y","Injury (Other Visible)","N",2014,7.66666666666667,"Fall","AM","N","F","Y","N","Y","N","N","N","N","N","Daylight","Broadside","Pedestrian Violation","Other Motor Vehicle","N","N","N","N"
6698379,"N","Y","Injury (Other Visible)","N",2014,20.25,"Fall","N","N","F","Y","N","Y","N","N","N","N","N","Dark - Street Lights","Broadside","Pedestrian Violation","Other Motor Vehicle","N","N","N","N"
6698387,"N","Y","PDO (property damage only)","N",2014,14.25,"Fall","N","N","F","N","Y","Y","N","N","N","N","N","Daylight","Rear End","Automobile Right of Way","Other Motor Vehicle","N","N","N","N"
6698399,"N","Y","Injury (Complaint of Pain)","N",2014,19.5,"Fall","N","N","Su","N","N","Y","N","N","N","N","N","Dark - Street Lights","Broadside","Pedestrian Violation","Other Motor Vehicle","N","N","N","N"
6698462,"N","Y","PDO (property damage only)","N",2014,20,"Fall","N","N","Tu","N","Y","Y","N","N","N","N","N","Dark - Street Lights","Broadside","Pedestrian Right of Way","Other Motor Vehicle","N","N","N","N"
6698466,"N","Y","PDO (property damage only)","N",2014,7.83333333333333,"Fall","AM","N","Tu","N","Y","Y","N","N","N","N","N","Daylight","Sideswipe","Automobile Right of Way","Other Motor Vehicle","N","N","N","N"
6698934,"N","Y","Injury (Complaint of Pain)","N",2014,21,"Summer","N","N","F","Y","N","Y","N","N","N","N","N","Dark - Street Lights","Head-On","Lights","Other Motor Vehicle","N","N","N","N"
6699268,"N","Y","Injury (Other Visible)","N",2014,12.5,"Fall","N","N","Tu","N","N","Y","N","N","N","N","N","Daylight","Sideswipe","Pedestrian Right of Way","Other Motor Vehicle","N","N","N","N"
6699273,"N","Y","Injury (Complaint of Pain)","N",2014,12.5833333333333,"Fall","N","N","W","N","N","Y","N","N","N","N","Y","Daylight","Hit Object","Wrong Side of Road","Fixed Object","N","N","N","N"
6699306,"N","Y","Injury (Complaint of Pain)","N",2014,12.3333333333333,"Fall","N","N","Tu","N","N","Y","N","N","N","N","N","Daylight","Other","Wrong Side of Road","Motor Vehicle on Other Roadway","N","N","N","N"
6699311,"N","Y","Injury (Complaint of Pain)","N",2014,14.25,"Fall","N","N","Su","N","N","Y","N","N","N","N","N","Daylight","Rear End","Wrong Side of Road","Other Motor Vehicle","N","N","N","N"
6699323,"N","Y","Injury (Complaint of Pain)","N",2014,18.5,"Fall","PM","N","W","N","N","Y","N","N","N","N","N","Daylight","Broadside","Driving or Bicycling Under the Influence of Alcohol or Drug","Other Motor Vehicle","N","N","N","N"
6699360,"N","Y","Injury (Complaint of Pain)","N",2014,15.6666666666667,"Fall","PM","N","M","N","N","Y","N","N","N","N","N","Daylight","Sideswipe","Code 19","Parked Motor Vehicle","N","N","N","N"
6699365,"N","Y","Injury (Complaint of Pain)","N",2014,19,"Summer","PM","N","F","N","N","Y","N","N","N","N","N","Daylight","Sideswipe","Automobile Right of Way","Other Motor Vehicle","N","N","N","N"
6699376,"N","Y","Injury (Complaint of Pain)","N",2014,16.75,"Fall","N","N","Sa","Y","N","Y","N","N","N","N","N","Daylight","Rear End","Automobile Right of Way","Other Motor Vehicle","N","N","N","N"
6699479,"N","Y","Injury (Complaint of Pain)","N",2014,11.1666666666667,"Summer","N","N","Tu","Y","N","Y","N","N","N","N","N","Daylight","Sideswipe","Automobile Right of Way","Other Motor Vehicle","N","N","N","N"
6699497,"N","Y","Injury (Complaint of Pain)","N",2014,18.9166666666667,"Fall","PM","N","Th","Y","N","Y","N","N","N","N","N","Dark - Street Lights","Broadside","Pedestrian Violation","Other Motor Vehicle","N","N","N","N"
6699512,"N","Y","Injury (Complaint of Pain)","N",2014,14.5,"Summer","N","N","W","N","N","Y","N","N","N","N","N","Daylight","Sideswipe","Driving or Bicycling Under the Influence of Alcohol or Drug","Other Motor Vehicle","N","N","N","N"
6699519,"N","Y","PDO (property damage only)","N",2014,16.75,"Fall","N","N","Sa","N","N","Y","N","N","N","N","N","Daylight","Broadside","Pedestrian Violation","Other Motor Vehicle","N","N","N","N"
6699763,"N","N","Fatal","Y",2014,17.3,"Fall","PM","N","M","N","N","Y","N","N","N","N","N","Daylight","Rear End","Improper Passing","Other Motor Vehicle","N","N","N","N"
6700419,"N","N","Fatal","Y",2014,14,"Summer","N","N","Th","N","N","Y","N","N","N","N","N","Daylight","Sideswipe","Unsafe Lane Change","Other Motor Vehicle","N","N","N","N"
6700568,"N","Y","Injury (Other Visible)","N",2014,7.5,"Fall","AM","N","M","Y","N","Y","N","N","N","N","N","Daylight","Broadside","Pedestrian Violation","Other Motor Vehicle","N","N","N","N"
6700921,"N","N","Injury (Complaint of Pain)","N",2014,17.3333333333333,"Fall","PM","N","M","N","N","Y","N","N","N","N","N","Dusk or Dawn","Broadside","Pedestrian Violation","Other Motor Vehicle","N","N","N","N"
6700933,"N","Y","Injury (Complaint of Pain)","N",2014,17,"Fall","PM","N","W","Y","N","Y","N","N","N","N","N","Daylight","Sideswipe","Pedestrian Violation","Other Motor Vehicle","N","N","N","N"
6700957,"N","Y","Injury (Complaint of Pain)","N",2014,13.0833333333333,"Fall","N","N","F","N","N","N","Y","N","N","N","N","Daylight","Sideswipe","Automobile Right of Way","Other Motor Vehicle","N","N","N","N"
6700968,"N","N","Injury (Complaint of Pain)","N",2014,10.75,"Fall","N","N","W","N","N","Y","N","N","N","N","N","Daylight","Sideswipe","Improper Turning","Other Motor Vehicle","N","N","N","N"
6700976,"N","N","Injury (Complaint of Pain)","N",2014,11.4166666666667,"Fall","N","N","W","N","N","Y","N","N","N","N","N","Daylight","Broadside","Pedestrian Violation","Parked Motor Vehicle","N","N","N","N"
6700983,"N","Y","PDO (property damage only)","N",2014,22.8333333333333,"Fall","N","N","Th","N","N","Y","N","N","N","N","N","Dark - Street Lights","Sideswipe","Pedestrian Right of Way","Other Object","N","N","N","N"
6701003,"N","Y","Injury (Complaint of Pain)","N",2014,14.1666666666667,"Fall","N","N","Sa","Y","N","Y","N","N","N","N","N","Daylight","Sideswipe","Pedestrian Right of Way","Other Motor Vehicle","N","N","N","N"
6701009,"N","Y","Injury (Complaint of Pain)","N",2014,1.41666666666667,"Fall","N","Y","M","N","N","Y","N","N","N","N","N","Dark - Street Lights","Rear End","Improper Passing","Other Motor Vehicle","N","N","N","N"
6701020,"N","Y","Injury (Complaint of Pain)","N",2014,14.25,"Fall","N","N","F","Y","N","Y","N","N","N","N","N","Daylight","Hit Object","Other Improper Driving","Fixed Object","N","N","N","N"
6701076,"N","Y","Injury (Complaint of Pain)","N",2014,18.2333333333333,"Fall","PM","N","Tu","N","N","Y","N","N","N","N","N","Daylight","Broadside","Unsafe Starting or Backing","Other Motor Vehicle","N","N","N","N"
6701816,"N","Y","Injury (Other Visible)","N",2014,9,"Fall","N","N","Su","N","N","Y","N","N","N","N","N","Daylight","Broadside","Pedestrian Right of Way","Other Motor Vehicle","N","N","N","N"
6701824,"N","Y","PDO (property damage only)","N",2014,11.25,"Fall","N","N","Su","N","N","Y","N","N","N","N","N","Daylight","Sideswipe","Pedestrian Right of Way","Motor Vehicle on Other Roadway","N","N","N","N"
6702000,"N","Y","PDO (property damage only)","N",2014,17.1333333333333,"Fall","PM","N","F","Y","N","N","Y","N","N","N","N","Daylight","Broadside","Pedestrian Violation","Other Motor Vehicle","N","N","N","N"
6702491,"N","Y","Injury (Complaint of Pain)","N",2014,17.9166666666667,"Fall","PM","N","M","Y","N","Y","N","N","N","N","N","Daylight","Broadside","Pedestrian Right of Way","Other Motor Vehicle","N","N","N","N"
6702925,"N","N","Fatal","Y",2014,10,"Fall","N","N","W","N","N","Y","N","N","N","N","N","Daylight","Rear End","Unsafe Starting or Backing","Parked Motor Vehicle","N","N","N","N"
6703775,"N","Y","Injury (Complaint of Pain)","N",2014,14.75,"Fall","N","N","Tu","Y","N","Y","N","N","N","N","N","Daylight","Broadside","Pedestrian Violation","Other Motor Vehicle","N","N","N","N"
6703803,"N","Y","Injury (Complaint of Pain)","N",2014,16.4166666666667,"Fall","PM","N","M","N","N","Y","N","N","N","N","N","Daylight","Sideswipe","Automobile Right of Way","Other Motor Vehicle","N","N","N","N"
6704402,"N","Y","Injury (Complaint of Pain)","N",2014,20.3333333333333,"Fall","N","N","Tu","Y","N","Y","N","N","N","N","N","Dark - Street Lights","Broadside","Pedestrian Violation","Other Motor Vehicle","N","N","N","N"
6704760,"N","Y","PDO (property damage only)","N",2014,22.3333333333333,"Fall","N","N","W","N","N","Y","N","N","N","N","N","Dark - Street Lights","Broadside","Code 19","Other Motor Vehicle","N","N","N","N"
6704868,"N","N","Injury (Complaint of Pain)","N",2014,17.4166666666667,"Fall","N","N","Su","Y","N","Y","N","N","N","N","N","Daylight","Other","Pedestrian Violation","Non-Collision","N","N","N","N"
6705145,"N","N","Injury (Complaint of Pain)","N",2014,16.25,"Fall","N","N","Sa","Y","N","Y","N","N","N","N","Y","Daylight","Broadside","Lights","Pedestrian","N","N","Y","N"
6705202,"N","Y","PDO (property damage only)","N",2014,8.16666666666667,"Fall","AM","N","Tu","N","Y","Y","N","N","N","N","N","Daylight","Sideswipe","Driving or Bicycling Under the Influence of Alcohol or Drug","Other Motor Vehicle","N","N","N","N"
6705211,"N","Y","Injury (Other Visible)","N",2014,21.5,"Fall","N","N","M","Y","N","Y","N","N","N","N","N","Dark - Street Lights","Broadside","Automobile Right of Way","Other Motor Vehicle","N","N","N","N"
6705632,"N","Y","Injury (Other Visible)","N",2014,14.25,"Fall","N","N","Tu","N","N","Y","N","N","N","N","N","Daylight","Broadside","Pedestrian Violation","Other Motor Vehicle","N","N","N","N"
6705720,"N","Y","Injury (Complaint of Pain)","N",2014,18,"Summer","PM","N","F","N","Y","Y","N","N","N","N","N","Daylight","Rear End","Automobile Right of Way","Other Motor Vehicle","N","N","N","N"
6705868,"N","N","Injury (Complaint of Pain)","N",2014,18.3333333333333,"Fall","N","N","Sa","N","N","Y","N","N","N","N","N","Dark - Street Lights","Other","Pedestrian Violation","Fixed Object","N","N","N","N"
6705896,"N","Y","Injury (Complaint of Pain)","N",2014,19.25,"Fall","N","N","M","Y","N","Y","N","N","N","N","N","Dark - Street Lights","Sideswipe","Pedestrian Violation","Other Motor Vehicle","Y","N","N","N"
6706770,"N","Y","PDO (property damage only)","N",2014,16.5833333333333,"Fall","PM","N","Th","N","Y","Y","N","N","N","N","N","Daylight","Sideswipe","Automobile Right of Way","Other Motor Vehicle","N","N","N","N"
6706786,"N","Y","Injury (Complaint of Pain)","N",2014,17.5833333333333,"Fall","PM","N","W","N","Y","Y","N","N","N","N","N","Daylight","Rear End","Wrong Side of Road","Other Motor Vehicle","N","N","N","N"
6707353,"N","Y","Injury (Complaint of Pain)","N",2014,9.75,"Fall","N","N","W","N","Y","Y","N","N","N","N","N","Daylight","Sideswipe","Automobile Right of Way","Other Motor Vehicle","N","N","N","N"
6707386,"N","Y","Injury (Complaint of Pain)","N",2014,8.16666666666667,"Fall","AM","N","Tu","Y","N","Y","N","N","N","N","N","Daylight","Broadside","Pedestrian Violation","Other Motor Vehicle","N","N","N","N"
6707421,"N","Y","Injury (Complaint of Pain)","N",2014,17.5,"Fall","PM","N","Tu","N","Y","Y","N","N","N","N","N","Daylight","Sideswipe","Pedestrian Right of Way","Other Motor Vehicle","N","N","N","N"
6708379,"N","Y","Injury (Other Visible)","N",2014,21.6666666666667,"Fall","N","N","Th","Y","N","Y","N","N","N","N","N","Dark - Street Lights","Broadside","Pedestrian Violation","Other Motor Vehicle","N","N","N","N"
6708489,"N","Y","Injury (Complaint of Pain)","N",2014,17.25,"Fall","N","N","Su","N","N","Y","N","N","N","N","N","Dark - Street Lights","Broadside","Driving or Bicycling Under the Influence of Alcohol or Drug","Other Motor Vehicle","N","N","N","N"
6708494,"N","Y","Injury (Complaint of Pain)","N",2014,18.5,"Fall","PM","N","Th","N","N","Y","N","N","N","N","N","Dark - Street Lights","Sideswipe","Improper Turning","Other Motor Vehicle","Y","N","N","N"
6708498,"N","Y","PDO (property damage only)","N",2014,16.1666666666667,"Fall","PM","N","W","Y","N","Y","N","N","N","N","N","Daylight","Head-On","Pedestrian Violation","Other Motor Vehicle","N","N","N","N"
6708549,"N","Y","Injury (Complaint of Pain)","N",2014,22.1666666666667,"Fall","N","N","F","N","N","Y","N","N","N","N","N","Dark - Street Lights","Rear End","Unsafe Speed","Other Motor Vehicle","Y","N","N","N"
6708586,"N","Y","Injury (Complaint of Pain)","N",2014,15.2166666666667,"Fall","N","N","Su","N","N","Y","N","N","N","N","N","Daylight","Sideswipe","Automobile Right of Way","Other Motor Vehicle","N","N","N","N"
6709441,"N","N","PDO (property damage only)","N",2014,19.75,"Fall","N","N","M","N","N","Y","N","N","N","N","N","Dark - Street Lights","Sideswipe","Wrong Side of Road","Parked Motor Vehicle","N","N","N","N"
6709509,"N","Y","Injury (Complaint of Pain)","N",2014,23.5166666666667,"Fall","N","Y","Th","N","N","Y","N","N","N","N","N","Dark - Street Lights","Broadside","Automobile Right of Way","Other Motor Vehicle","N","N","N","N"
6709523,"N","Y","PDO (property damage only)","N",2014,11.5,"Fall","N","N","Sa","Y","N","Y","N","N","N","N","N","Daylight","Broadside","Pedestrian Violation","Other Motor Vehicle","N","N","N","N"
6709584,"N","Y","PDO (property damage only)","N",2014,7.58333333333333,"Summer","AM","N","F","N","N","Y","N","N","N","N","N","Daylight","Sideswipe","Pedestrian Violation","Other Motor Vehicle","N","N","N","N"
6709591,"N","Y","PDO (property damage only)","N",2014,9.58333333333333,"Fall","N","N","M","Y","N","Y","N","N","N","N","N","Daylight","Head-On","Pedestrian Violation","Other Motor Vehicle","N","N","N","N"
6710002,"N","Y","Injury (Complaint of Pain)","N",2014,15.8333333333333,"Fall","N","N","Su","N","N","Y","N","N","N","N","N","Daylight","Other","Lights","Non-Collision","N","N","N","N"
6710006,"N","Y","Injury (Other Visible)","N",2014,19.4166666666667,"Fall","N","N","Sa","Y","N","Y","N","N","N","N","N","Dark - Street Lights","Head-On","Pedestrian Violation","Other Motor Vehicle","N","N","N","N"
6710795,"N","Y","Injury (Other Visible)","N",2014,23,"Fall","N","Y","Su","Y","N","Y","N","N","N","N","N","Dark - Street Lights","Broadside","Lights","Other Motor Vehicle","N","N","N","N"
6710854,"N","Y","Injury (Complaint of Pain)","N",2014,17.0833333333333,"Fall","N","N","Sa","N","Y","Y","N","N","N","N","N","Daylight","Broadside","Pedestrian Violation","Other Motor Vehicle","N","N","N","N"
6711003,"N","Y","Injury (Complaint of Pain)","N",2014,17.5,"Fall","PM","N","F","Y","N","Y","N","N","N","N","N","Dark - Street Lights","Other","Pedestrian Violation","Other Motor Vehicle","N","N","N","N"
6711026,"N","Y","PDO (property damage only)","N",2014,19.3333333333333,"Fall","N","N","Su","N","N","Y","N","N","N","N","N","Dark - Street Lights","Sideswipe","Improper Turning","Other Motor Vehicle","N","N","N","N"
6711328,"N","Y","PDO (property damage only)","N",2014,6.08333333333333,"Fall","N","N","Tu","N","N","Y","N","N","N","N","N","Daylight","Rear End","Improper Passing","Other Motor Vehicle","N","N","N","N"
6711449,"N","Y","Injury (Other Visible)","N",2014,16.0833333333333,"Fall","N","N","Su","N","N","Y","N","N","N","N","N","Daylight","Sideswipe","Automobile Right of Way","Other Motor Vehicle","N","N","N","N"
6711510,"N","Y","Injury (Complaint of Pain)","N",2014,10,"Fall","N","N","Th","N","N","Y","N","N","N","N","N","Daylight","Broadside","Unsafe Lane Change","Other Motor Vehicle","N","N","N","N"
6713984,"N","N","Fatal","Y",2014,0.75,"Fall","N","Y","Sa","N","N","Y","N","N","N","N","N","Dark - Street Lights","Head-On","Pedestrian Right of Way","Parked Motor Vehicle","N","N","N","N"
6714299,"N","Y","PDO (property damage only)","N",2014,17.1666666666667,"Fall","PM","N","M","N","N","Y","N","N","N","N","N","Dark - Street Lights","Broadside","Improper Turning","Other Motor Vehicle","N","N","N","N"