"CASE_ID","mc_killed","mc_injured","collision_severity","severe","accident_year","hours_since_midnight","season","rush_hour","late_night","day_of_week","intersection","state_hwy_ind","w_clear","w_cloudy","w_rainy","w_other","road_not_dry","road_condition_issue","lighting","type_of_collision","pcf_viol_category","mviw","alcohol_involved","truck_accident","pedestrian_accident","bicycle_accident"
6714810,"N","N","Fatal","Y",2014,16.4166666666667,"Fall","PM","N","Th","N","Y","Y","N","N","N","N","N","Daylight","Sideswipe","Automobile Right of Way","Other Motor Vehicle","N","N","N","N"
6714969,"N","N","Fatal","Y",2014,11.4166666666667,"Summer","N","N","Sa","Y","N","Y","N","N","N","N","N","Daylight","Overturned","Wrong Side of Road","Fixed Object","N","N","N","N"
6715097,"N","Y","Injury (Complaint of Pain)","N",2014,12,"Fall","N","N","Th","N","N","Y","N","N","N","N","N","Daylight","Broadside","Improper Passing","Other Motor Vehicle","N","N","N","N"
6715149,"N","Y","PDO (property damage only)","N",2014,14.3333333333333,"Fall","N","N","F","N","N","Y","N","N","N","N","N","Daylight","Rear End","Wrong Side of Road","Other Motor Vehicle","N","N","N","N"
6715222,"N","Y","PDO (property damage only)","N",2014,21.75,"Fall","N","N","Su","Y","N","Y","N","N","N","N","N","Dark - Street Lights","Rear End","Wrong Side of Road","Other Motor Vehicle","N","N","N","N"
6715266,"N","Y","Injury (Complaint of Pain)","N",2014,1.83333333333333,"Fall","N","Y","Su","N","N","Y","N","N","N","N","Y","Dark - Street Lights","Sideswipe","Wrong Side of Road","Parked Motor Vehicle","N","N","N","N"
6715912,"N","N","Fatal","Y",2014,18.6666666666667,"Fall","PM","N","Tu","N","Y","Y","N","N","N","N","N","Dusk or Dawn","Sideswipe","Pedestrian Right of Way","Other Motor Vehicle","N","N","N","N"
6715940,"N","N","Fatal","Y",2014,17.5,"Fall","PM","N","F","Y","N","N","Y","N","N","N","N","Dusk or Dawn","Sideswipe","Pedestrian Right of Way","Other Motor Vehicle","N","N","N","N"
6715993,"N","N","Fatal","Y",2014,17.3666666666667,"Summer","PM","N","Th","N","N","Y","N","N","N","N","N","Daylight","Sideswipe","Pedestrian Right of Way","Other Motor Vehicle","N","N","N","N"
6716224,"N","Y","Injury (Complaint of Pain)","N",2014,13.5833333333333,"Fall","N","N","Th","Y","N","N","Y","N","N","N","N","Daylight","Other","Pedestrian Violation","Fixed Object","N","N","N","N"
6716428,"N","Y","Injury (Other Visible)","N",2014,15.8333333333333,"Fall","N","N","Su","N","N","Y","N","N","N","N","N","Daylight","Broadside","Pedestrian Violation","Other Motor Vehicle","N","N","N","N"
6716475,"N","Y","PDO (property damage only)","N",2014,14.9166666666667,"Fall","N","N","Th","N","N","Y","N","N","N","N","N","Daylight","Sideswipe","Impeding Traffic","Other Motor Vehicle","N","N","N","N"
6717386,"N","Y","Injury (Complaint of Pain)","N",2014,16.0833333333333,"Fall","N","N","Sa","N","N","Y","N","N","N","N","Y","Daylight","Sideswipe","Wrong Side of Road","Fixed Object","N","N","N","N"
6717398,"N","Y","PDO (property damage only)","N",2014,8.08333333333333,"Fall","AM","N","F","N","N","Y","N","N","N","N","N","Daylight","Head-On","Unsafe Lane Change","Other Motor Vehicle","N","N","N","N"
6717688,"N","Y","Injury (Complaint of Pain)","N",2014,18.8666666666667,"Fall","PM","N","Th","N","Y","Y","N","N","N","N","N","Dark - Street Lights","Sideswipe","Automobile Right of Way","Other Motor Vehicle","N","N","N","N"
6717747,"N","Y","Injury (Complaint of Pain)","N",2014,18,"Fall","PM","N","Tu","N","Y","Y","N","N","N","N","N","Daylight","Sideswipe","Impeding Traffic","Other Motor Vehicle","N","N","N","N"
6718027,"Y","N","Injury (Severe)","Y",2014,11.0833333333333,"Fall","N","N","Sa","N","N","Y","N","N","N","N","N","Daylight","Rear End","Wrong Side of Road","Other Motor Vehicle","N","N","N","N"
6718092,"N","Y","Injury (Other Visible)","N",2014,14.9166666666667,"Winter","N","N","Th","Y","N","Y","N","N","N","N","N","Daylight","Broadside","Pedestrian Violation","Other Motor Vehicle","N","N","N","N"
6718097,"Y","N","Injury (Severe)","Y",2014,18.25,"Winter","N","N","Sa","Y","N","Y","N","N","N","N","N","Dark - Street Lights","Broadside","Lights","Other Motor Vehicle","Y","N","N","N"
6718102,"Y","N","Injury (Severe)","Y",2014,17.3333333333333,"Winter","PM","N","M","Y","N","Y","N","N","N","N","N","Dark - Street Lights","Broadside","Lights","Other Motor Vehicle","N","N","N","N"
6718848,"N","Y","Injury (Complaint of Pain)","N",2014,21.25,"Fall","N","N","M","Y","N","N","Y","N","N","N","N","Dark - Street Lights","Broadside","Pedestrian Violation","Other Motor Vehicle","N","N","N","N"
6718852,"N","Y","PDO (property damage only)","N",2014,18,"Fall","N","N","Sa","Y","N","Y","N","N","N","N","N","Dark - Street Lights","Broadside","Pedestrian Violation","Other Motor Vehicle","N","N","N","N"
6718856,"N","Y","Injury (Complaint of Pain)","N",2014,19,"Fall","N","N","Sa","Y","Y","Y","N","N","N","N","N","Dark - Street Lights","Broadside","Pedestrian Violation","Other Motor Vehicle","N","N","N","N"
6718872,"N","Y","Injury (Complaint of Pain)","N",2014,11.5833333333333,"Fall","N","N","W","N","N","Y","N","N","N","N","N","Daylight","Head-On","Pedestrian Violation","Other Motor Vehicle","N","N","N","N"
6718876,"N","Y","PDO (property damage only)","N",2014,16.25,"Fall","N","N","Su","N","N","Y","N","N","N","N","N","Daylight","Broadside","Pedestrian Right of Way","Motor Vehicle on Other Roadway","N","N","N","N"
6720067,"N","N","Fatal","Y",2014,20.25,"Fall","N","N","F","N","N","Y","N","N","N","N","N","Dark - Street Lights","Sideswipe","Wrong Side of Road","Parked Motor Vehicle","N","N","N","N"
6720528,"N","Y","Injury (Complaint of Pain)","N",2014,1.58333333333333,"Fall","N","Y","Sa","N","N","Y","N","N","N","N","N","Dark - Street Lights","Broadside","Pedestrian Right of Way","Other Motor Vehicle","N","N","N","N"
6720798,"N","Y","Injury (Complaint of Pain)","N",2014,17.1666666666667,"Fall","N","N","Su","Y","N","Y","N","N","N","N","N","Dusk or Dawn","Broadside","Pedestrian Violation","Other Motor Vehicle","N","N","N","N"
6721134,"N","Y","PDO (property damage only)","N",2014,7.66666666666667,"Fall","AM","N","Th","N","Y","Y","N","N","N","N","N","Daylight","Sideswipe","Automobile Right of Way","Other Motor Vehicle","N","N","N","N"
6721198,"N","Y","Injury (Complaint of Pain)","N",2014,18.55,"Fall","PM","N","Tu","N","Y","Y","N","N","N","N","N","Dark - Street Lights","Sideswipe","Automobile Right of Way","Other Motor Vehicle","N","N","N","N"
6721696,"N","Y","Injury (Complaint of Pain)","N",2014,14.5,"Fall","N","N","M","N","N","Y","N","N","N","N","N","Daylight","Sideswipe","Automobile Right of Way","Other Motor Vehicle","N","N","N","N"
6721704,"N","Y","Injury (Complaint of Pain)","N",2014,8.33333333333333,"Fall","AM","N","Tu","N","N","Y","N","N","N","N","N","Daylight","Other","Lights","Non-Collision","N","N","N","N"
6721709,"N","Y","PDO (property damage only)","N",2014,11,"Fall","N","N","F","Y","N","Y","N","N","N","N","N","Daylight","Overturned","Lights","Other Object","N","N","N","N"
6721733,"N","Y","Injury (Complaint of Pain)","N",2014,17.6666666666667,"Fall","N","N","Su","N","N","Y","N","N","N","N","N","Dark - Street Lights","Sideswipe","Improper Turning","Other Motor Vehicle","N","N","N","N"
6721736,"N","Y","PDO (property damage only)","N",2014,17.9166666666667,"Fall","PM","N","Th","Y","N","Y","N","N","N","N","N","Dusk or Dawn","Broadside","Pedestrian Right of Way","Other Motor Vehicle","N","N","N","N"
6721780,"N","Y","Injury (Complaint of Pain)","N",2014,0.5,"Fall","N","Y","Sa","Y","N","N","Y","Y","N","Y","N","Dark - Street Lights","Broadside","Unsafe Speed","Other Motor Vehicle","Y","N","N","N"
6721784,"N","Y","Injury (Other Visible)","N",2014,16.8333333333333,"Fall","N","N","Sa","Y","N","Y","N","N","N","N","N","Daylight","Broadside","Pedestrian Violation","Other Motor Vehicle","N","N","N","N"
6721829,"N","Y","PDO (property damage only)","N",2014,20.6666666666667,"Fall","N","N","M","Y","N","Y","N","N","N","N","N","Dark - No Street Lights","Sideswipe","Lights","Other Motor Vehicle","N","N","N","N"
6721951,"N","Y","PDO (property damage only)","N",2014,18,"Fall","PM","N","F","Y","N","Y","N","N","N","N","N","Dusk or Dawn","Head-On","Driving or Bicycling Under the Influence of Alcohol or Drug","Other Motor Vehicle","N","N","N","N"
6721958,"N","N","Fatal","Y",2014,16.8333333333333,"Fall","PM","N","F","N","Y","Y","N","N","N","N","N","Daylight","Sideswipe","Automobile Right of Way","Other Motor Vehicle","N","N","N","N"
6721968,"N","Y","Injury (Other Visible)","N",2014,6.5,"Fall","N","N","M","Y","N","Y","N","N","N","N","N","Dusk or Dawn","Head-On","Pedestrian Violation","Other Motor Vehicle","N","N","N","N"
6721997,"N","Y","Injury (Complaint of Pain)","N",2014,20.9,"Fall","N","N","Su","N","Y","Y","N","N","N","N","N","Dark - Street Lights","Rear End","Wrong Side of Road","Other Motor Vehicle","N","N","N","N"
6722000,"N","Y","PDO (property damage only)","N",2014,22.1666666666667,"Fall","N","N","W","N","N","Y","N","N","N","N","N","Dark - Street Lights","Broadside","Pedestrian Violation","Other Motor Vehicle","N","N","N","N"
6722042,"N","Y","Injury (Complaint of Pain)","N",2014,18.0833333333333,"Fall","PM","N","Th","Y","N","Y","N","N","N","N","N","Dusk or Dawn","Broadside","Pedestrian Violation","Other Motor Vehicle","N","N","N","N"
6722056,"N","Y","Injury (Complaint of Pain)","N",2014,23.1666666666667,"Fall","N","Y","Sa","N","Y","Y","N","N","N","N","N","Dark - Street Lights","Overturned","Unsafe Speed","Non-Collision","N","N","N","N"
6723107,"N","Y","Injury (Complaint of Pain)","N",2014,15.4166666666667,"Fall","N","N","Sa","N","N","Y","N","N","N","N","N","Daylight","Sideswipe","Code 20","Other Motor Vehicle","N","N","N","N"
6723197,"N","N","Fatal","Y",2014,18.0833333333333,"Fall","PM","N","Th","N","Y","Y","N","N","N","N","N","Dark - Street Lights","Sideswipe","Automobile Right of Way","Other Motor Vehicle","N","N","N","N"
6723363,"N","Y","PDO (property damage only)","N",2014,8.06666666666667,"Fall","AM","N","Tu","N","Y","Y","N","N","N","N","N","Daylight","Sideswipe","Wrong Side of Road","Other Motor Vehicle","N","N","N","N"
6723378,"N","Y","Injury (Complaint of Pain)","N",2014,0.166666666666667,"Fall","N","Y","F","N","Y","Y","N","N","N","N","N","Dark - Street Lights","Hit Object","Pedestrian Right of Way","Fixed Object","N","N","N","N"
6723386,"N","N","PDO (property damage only)","N",2014,6.58333333333333,"Fall","N","N","W","N","Y","Y","N","N","N","N","N","Dark - No Street Lights","Sideswipe","Automobile Right of Way","Other Motor Vehicle","N","N","N","N"
6723409,"N","Y","PDO (property damage only)","N",2014,17.3333333333333,"Fall","PM","N","F","N","Y","N","Y","N","N","N","N","Daylight","Sideswipe","Automobile Right of Way","Other Motor Vehicle","N","N","N","N"
6724072,"N","Y","Injury (Complaint of Pain)","N",2014,14.5,"Fall","N","N","M","N","N","Y","N","N","N","N","N","Daylight","Other","Wrong Side of Road","Motor Vehicle on Other Roadway","N","N","N","N"
6724367,"N","Y","Injury (Complaint of Pain)","N",2014,0.0166666666666667,"Fall","N","Y","Su","N","Y","Y","N","N","N","N","N","Dark - Street Lights","Hit Object","Pedestrian Right of Way","Fixed Object","N","N","N","N"
6724843,"N","Y","Injury (Complaint of Pain)","N",2014,18.5833333333333,"Fall","PM","N","Th","N","Y","Y","N","N","N","N","N","Dark - No Street Lights","Sideswipe","Automobile Right of Way","Other Motor Vehicle","N","N","N","N"
6725061,"N","Y","Injury (Complaint of Pain)","N",2014,6,"Fall","N","N","F","N","Y","Y","N","N","N","N","N","Daylight","Rear End","Wrong Side of Road","Other Motor Vehicle","N","N","N","N"
6725086,"N","Y","Injury (Complaint of Pain)","N",2014,12.65,"Fall","N","N","M","N","Y","Y","N","N","N","N","N","Daylight","Rear End","Wrong Side of Road","Other Motor Vehicle","N","N","N","N"
6725098,"N","Y","Injury (Complaint of Pain)","N",2014,15.6666666666667,"Fall","PM","N","Tu","N","Y","Y","N","N","N","N","N","Daylight","Overturned","Code 20","Non-Collision","N","N","N","N"
6725101,"N","Y","Injury (Complaint of Pain)","N",2014,18.3333333333333,"Fall","PM","N","Tu","N","Y","Y","N","N","N","N","N","Dark - Street Lights","Sideswipe","Wrong Side of Road","Other Motor Vehicle","N","N","N","N"
6725468,"N","Y","Injury (Other Visible)","N",2014,17.8333333333333,"Fall","PM","N","M","N","N","Y","N","N","N","N","N","Dark - Street Lights","Broadside","Pedestrian Violation","Other Motor Vehicle","N","N","N","N"
6725508,"N","Y","Injury (Complaint of Pain)","N",2014,15,"Fall","PM","N","F","Y","N","Y","N","N","N","N","N","Daylight","Overturned","Wrong Side of Road","Non-Collision","N","N","N","N"
6725512,"N","Y","Injury (Other Visible)","N",2014,15.5,"Fall","PM","N","Tu","N","N","Y","N","N","N","N","N","Daylight","Broadside","Pedestrian Violation","Other Motor Vehicle","N","N","N","N"
6725521,"N","Y","PDO (property damage only)","N",2014,16.5,"Fall","PM","N","W","N","Y","Y","N","N","N","N","N","Daylight","Rear End","Wrong Side of Road","Other Motor Vehicle","N","N","N","N"
6725548,"N","Y","Injury (Complaint of Pain)","N",2014,19.4166666666667,"Fall","N","N","M","N","Y","Y","N","N","N","N","N","Dark - Street Lights","Rear End","Wrong Side of Road","Other Motor Vehicle","N","N","N","N"
6725840,"N","N","Fatal","Y",2014,16.0833333333333,"Fall","PM","N","Th","N","Y","Y","N","N","N","N","N","Daylight","Sideswipe","Impeding Traffic","Other Motor Vehicle","N","N","N","N"
6726010,"N","Y","PDO (property damage only)","N",2014,18.75,"Summer","PM","N","Th","Y","N","Y","N","N","N","N","N","Daylight","Broadside","Lights","Other Motor Vehicle","N","N","N","N"
6726061,"N","Y","Injury (Complaint of Pain)","N",2014,22.0833333333333,"Summer","N","N","F","Y","N","Y","N","N","N","N","N","Dark - Street Lights","Broadside","Pedestrian Violation","Other Motor Vehicle","N","N","N","N"
6726322,"N","Y","Injury (Complaint of Pain)","N",2014,8.5,"Fall","AM","N","W","N","N","Y","N","N","N","N","N","Daylight","Rear End","Automobile Right of Way","Other Motor Vehicle","N","N","N","N"
6726354,"N","Y","Injury (Complaint of Pain)","N",2014,14,"Fall","N","N","F","Y","N","Y","N","N","N","N","N","Daylight","Broadside","Pedestrian Right of Way","Other Motor Vehicle","N","N","N","N"
6726368,"N","Y","PDO (property damage only)","N",2014,9.75,"Fall","N","N","Su","Y","Y","Y","N","N","N","N","N","Daylight","Broadside","Pedestrian Right of Way","Motor Vehicle on Other Roadway","N","N","N","N"
6726370,"N","Y","Injury (Complaint of Pain)","N",2014,17,"Fall","PM","N","W","N","N","Y","N","N","N","N","N","Daylight","Rear End","Improper Passing","Other Motor Vehicle","N","N","N","N"
6726452,"N","Y","PDO (property damage only)","N",2014,18,"Fall","PM","N","M","N","N","Y","N","N","N","N","N","Dark - Street Lights","Other","Code 20","Other Object","N","N","N","N"
6726467,"N","Y","PDO (property damage only)","N",2014,17.3333333333333,"Fall","PM","N","Tu","Y","N","Y","N","N","N","N","N","Dark - Street Lights","Head-On","Pedestrian Violation","Other Motor Vehicle","N","N","N","N"
6726476,"N","N","PDO (property damage only)","N",2014,11.6666666666667,"Fall","N","N","Th","N","N","Y","N","N","N","N","N","Daylight","Broadside","Pedestrian Violation","Other Motor Vehicle","Y","N","N","N"
6727265,"N","N","Fatal","Y",2014,7.16666666666667,"Fall","AM","N","W","N","Y","Y","N","N","N","N","N","Daylight","Rear End","Wrong Side of Road","Other Motor Vehicle","N","N","N","N"
6730042,"N","N","Fatal","Y",2014,14.9166666666667,"Fall","N","N","Th","N","Y","Y","N","N","N","N","N","Daylight","Rear End","Wrong Side of Road","Other Motor Vehicle","N","N","N","N"
6730066,"N","N","Fatal","Y",2014,12.6666666666667,"Fall","N","N","Su","N","Y","Y","N","N","N","N","N","Daylight","Rear End","Wrong Side of Road","Other Motor Vehicle","N","N","N","N"
6731019,"N","Y","Injury (Other Visible)","N",2014,13,"Fall","N","N","Tu","N","N","Y","N","N","N","N","N","Daylight","Broadside","Pedestrian Violation","Other Motor Vehicle","N","N","N","N"
6731175,"N","Y","Injury (Complaint of Pain)","N",2014,17,"Fall","PM","N","Tu","Y","N","Y","N","N","N","N","N","Dusk or Dawn","Broadside","Pedestrian Violation","Other Motor Vehicle","N","N","N","N"
6731191,"N","Y","Injury (Complaint of Pain)","N",2014,17.6666666666667,"Fall","PM","N","W","N","N","Y","N","N","N","N","N","Dark - Street Lights","Head-On","Pedestrian Violation","Other Motor Vehicle","N","N","N","N"
6731333,"N","Y","PDO (property damage only)","N",2014,16.4166666666667,"Fall","PM","N","W","N","Y","Y","N","N","N","N","N","Daylight","Sideswipe","Automobile Right of Way","Other Motor Vehicle","N","N","N","N"
6731358,"N","Y","Injury (Complaint of Pain)","N",2014,14.6666666666667,"Fall","N","N","Th","N","Y","Y","N","N","N","N","N","Daylight","Rear End","Wrong Side of Road","Other Motor Vehicle","N","N","N","N"
6731453,"N","Y","PDO (property damage only)","N",2014,15.9166666666667,"Fall","N","N","Sa","N","Y","Y","N","N","N","N","N","Daylight","Other","Pedestrian Violation","Non-Collision","N","N","N","N"
6731505,"N","Y","Injury (Other Visible)","N",2014,22.25,"Fall","N","N","Th","N","N","Y","N","N","N","Y","N","Dark - Street Lights","Broadside","Pedestrian Right of Way","Other Motor Vehicle","N","N","N","N"
6731817,"N","Y","PDO (property damage only)","N",2014,13.9166666666667,"Fall","N","N","W","N","N","Y","N","N","N","N","N","Daylight","Broadside","Pedestrian Violation","Other Motor Vehicle","N","N","N","N"
6731891,"N","Y","Injury (Complaint of Pain)","N",2014,16.5,"Fall","PM","N","F","N","Y","Y","N","N","N","N","N","Dusk or Dawn","Sideswipe","Automobile Right of Way","Other Motor Vehicle","N","N","N","N"
6732542,"N","Y","Injury (Complaint of Pain)","N",2014,15,"Fall","N","N","Su","N","Y","Y","N","N","N","N","N","Daylight","Hit Object","Pedestrian Right of Way","Fixed Object","N","N","N","N"
6732564,"N","Y","Injury (Other Visible)","N",2014,19.6666666666667,"Fall","N","N","Sa","Y","N","Y","N","N","N","N","N","Dark - Street Lights","Head-On","Pedestrian Violation","Other Motor Vehicle","N","N","N","N"
6732636,"N","Y","Injury (Complaint of Pain)","N",2014,11.25,"Fall","N","N","F","Y","N","Y","N","N","N","N","N","Daylight","Broadside","Pedestrian Violation","Other Motor Vehicle","N","N","N","N"
6734723,"N","Y","Injury (Complaint of Pain)","N",2014,11.3333333333333,"Fall","N","N","F","N","N","N","Y","N","N","N","N","Daylight","Broadside","Pedestrian Violation","Other Motor Vehicle","N","N","N","N"
6735186,"N","N","Fatal","Y",2014,17.2333333333333,"Fall","PM","N","M","N","Y","Y","N","N","N","N","N","Daylight","Sideswipe","Automobile Right of Way","Other Motor Vehicle","N","N","N","N"
6735879,"N","N","Injury (Complaint of Pain)","N",2014,16,"Fall","PM","N","W","Y","N","Y","N","N","N","N","N","Dusk or Dawn","Head-On","Pedestrian Violation","Other Motor Vehicle","N","N","N","N"
6735958,"N","Y","Injury (Other Visible)","N",2014,4.5,"Fall","N","Y","Tu","Y","N","N","Y","N","N","Y","N","Dark - Street Lights","Broadside","Pedestrian Violation","Other Motor Vehicle","N","N","N","N"
6736187,"N","N","Fatal","Y",2014,18.9166666666667,"Fall","N","N","Sa","N","N","Y","N","N","N","N","N","Dark - No Street Lights","Hit Object","Unsafe Speed","Fixed Object","Y","N","N","N"
6736201,"N","N","Fatal","Y",2014,13.5,"Fall","N","N","Su","N","N","N","N","Y","N","Y","N","Daylight","Other","Unsafe Starting or Backing","Parked Motor Vehicle","N","N","N","N"
6736220,"N","Y","Injury (Other Visible)","N",2014,21.8333333333333,"Fall","N","N","W","N","N","Y","N","N","N","N","N","Dark - Street Lights","Head-On","Pedestrian Right of Way","Other Motor Vehicle","N","N","N","N"
6736257,"N","N","Fatal","Y",2014,20.3333333333333,"Fall","N","N","W","N","N","N","N","Y","N","Y","N","Dark - Street Lights","Broadside","Unsafe Starting or Backing","Other Motor Vehicle","N","N","N","N"
6736336,"N","Y","Injury (Other Visible)","N",2014,14.6666666666667,"Fall","N","N","F","N","N","Y","N","N","N","N","N","Daylight","Sideswipe","Code 19","Parked Motor Vehicle","N","N","N","N"
6736340,"N","Y","Injury (Other Visible)","N",2014,19.6666666666667,"Fall","N","N","Th","Y","N","N","Y","N","N","N","N","Dark - Street Lights","Broadside","Pedestrian Violation","Other Motor Vehicle","N","N","N","N"
6736413,"N","Y","Injury (Complaint of Pain)","N",2014,0.333333333333333,"Fall","N","Y","Th","N","Y","Y","N","N","N","N","N","Dark - Street Lights","Sideswipe","Automobile Right of Way","Other Motor Vehicle","N","N","N","N"
6736433,"N","Y","PDO (property damage only)","N",2014,7.75,"Fall","AM","N","F","N","Y","Y","N","N","N","N","N","Daylight","Sideswipe","Automobile Right of Way","Other Motor Vehicle","N","N","N","N"
6736436,"N","Y","Injury (Complaint of Pain)","N",2014,18.6666666666667,"Fall","PM","N","F","Y","N","Y","N","N","N","N","N","Dark - Street Lights","Rear End","Pedestrian Right of Way","Other Motor Vehicle","N","N","N","N"
6736449,"N","N","Injury (Complaint of Pain)","N",2014,7.75,"Fall","AM","N","Tu","N","Y","Y","N","N","N","N","N","Daylight","Sideswipe","Automobile Right of Way","Other Motor Vehicle","N","N","N","N"
6736453,"N","Y","PDO (property damage only)","N",2014,0.0333333333333333,"Fall","N","Y","W","N","Y","Y","N","N","N","N","N","Dark - Street Lights","Hit Object","Pedestrian Right of Way","Fixed Object","N","N","N","N"
6736464,"N","Y","PDO (property damage only)","N",2014,19.3333333333333,"Fall","N","N","W","Y","N","Y","N","N","N","N","N","Dark - Street Lights","Broadside","Pedestrian Violation","Other Motor Vehicle","N","N","N","N"
6736605,"N","Y","PDO (property damage only)","N",2014,13.8333333333333,"Summer","N","N","Tu","N","N","Y","N","N","N","N","N","Daylight","Sideswipe","Wrong Side of Road","Other Motor Vehicle","N","N","N","N"
6737052,"N","Y","PDO (property damage only)","N",2014,8.83333333333333,"Fall","N","N","Su","Y","N","Y","N","N","N","N","Y","Daylight","Broadside","Lights","Other Motor Vehicle","N","N","N","N"
6737078,"N","Y","PDO (property damage only)","N",2014,1.5,"Fall","N","Y","Th","Y","N","Y","N","N","N","N","N","Dark - Street Lights","Broadside","Unsafe Speed","Other Motor Vehicle","Y","N","N","N"
6737084,"N","Y","PDO (property damage only)","N",2014,11.75,"Fall","N","N","Sa","Y","N","Y","N","N","N","N","N","Daylight","Broadside","Pedestrian Violation","Other Motor Vehicle","N","N","N","N"
6737122,"N","Y","PDO (property damage only)","N",2014,17.25,"Fall","PM","N","W","Y","N","Y","N","N","N","N","N","Dusk or Dawn","Broadside","Pedestrian Violation","Other Motor Vehicle","N","N","N","N"
6737228,"N","Y","Injury (Other Visible)","N",2014,13.1666666666667,"Fall","N","N","W","Y","N","N","Y","N","N","N","N","Daylight","Broadside","Lights","Other Motor Vehicle","N","N","N","N"
6737232,"N","Y","Injury (Complaint of Pain)","N",2014,13.6666666666667,"Fall","N","N","Sa","N","N","Y","N","N","N","N","N","Daylight","Other","Pedestrian Right of Way","Other Motor Vehicle","N","N","N","N"
6737289,"N","Y","Injury (Complaint of Pain)","N",2014,15.5833333333333,"Fall","N","N","Su","N","N","N","N","Y","N","Y","N","Daylight","Sideswipe","Automobile Right of Way","Other Motor Vehicle","N","N","N","N"
6737294,"N","Y","PDO (property damage only)","N",2014,15.8333333333333,"Fall","PM","N","Tu","N","N","Y","N","N","N","N","N","Daylight","Broadside","Pedestrian Violation","Other Motor Vehicle","N","N","N","N"
6737297,"N","Y","Injury (Complaint of Pain)","N",2014,12.6666666666667,"Fall","N","N","F","Y","N","Y","N","N","N","N","N","Daylight","Broadside","Pedestrian Right of Way","Other Motor Vehicle","N","N","N","N"
6737485,"N","Y","Injury (Other Visible)","N",2014,20.5,"Fall","N","N","M","Y","N","Y","N","N","N","N","N","Dark - Street Lights","Broadside","Pedestrian Violation","Other Motor Vehicle","N","N","N","N"
6737493,"N","Y","Injury (Complaint of Pain)","N",2014,16.9166666666667,"Fall","PM","N","F","Y","N","Y","N","N","N","N","N","Daylight","Broadside","Pedestrian Violation","Other Motor Vehicle","N","N","N","N"
6738322,"N","Y","Injury (Complaint of Pain)","N",2014,11.6666666666667,"Fall","N","N","Su","N","N","N","N","Y","N","Y","N","Daylight","Broadside","Pedestrian Violation","Other Motor Vehicle","N","N","N","N"
6738324,"N","Y","Injury (Complaint of Pain)","N",2014,14.75,"Fall","N","N","W","N","N","Y","N","N","N","N","N","Daylight","Other","Wrong Side of Road","Other Object","N","N","N","N"
6738326,"N","Y","Injury (Other Visible)","N",2014,14.4166666666667,"Fall","N","N","M","N","N","Y","N","N","N","N","N","Daylight","Broadside","Pedestrian Violation","Other Motor Vehicle","N","N","N","N"
6738347,"N","Y","Injury (Complaint of Pain)","N",2014,18.9166666666667,"Fall","N","N","Su","Y","N","N","N","Y","N","Y","N","Dark - Street Lights","Broadside","Pedestrian Violation","Motor Vehicle on Other Roadway","N","N","N","N"
6738397,"N","Y","Injury (Complaint of Pain)","N",2014,17.3333333333333,"Fall","PM","N","Tu","N","N","Y","N","N","N","N","N","Dusk or Dawn","Sideswipe","Pedestrian Right of Way","Other Motor Vehicle","N","N","N","N"
6738486,"N","Y","PDO (property damage only)","N",2014,8,"Fall","AM","N","Th","N","N","Y","N","N","N","N","N","Daylight","Sideswipe","Automobile Right of Way","Other Motor Vehicle","N","N","N","N"
6738533,"N","Y","PDO (property damage only)","N",2014,13.4166666666667,"Fall","N","N","Su","N","Y","Y","N","N","N","N","N","Daylight","Hit Object","Wrong Side of Road","Fixed Object","N","N","N","N"
6738549,"N","Y","PDO (property damage only)","N",2014,14.9166666666667,"Fall","N","N","Sa","Y","N","Y","N","N","N","N","N","Daylight","Broadside","Pedestrian Violation","Other Motor Vehicle","N","N","N","N"
6738711,"N","Y","Injury (Other Visible)","N",2014,23.25,"Fall","N","Y","Th","N","N","Y","N","N","N","N","N","Dark - Street Lights","Head-On","Other Improper Driving","Other Motor Vehicle","N","N","N","N"
6738896,"N","Y","Injury (Complaint of Pain)","N",2014,17.1666666666667,"Fall","PM","N","Tu","Y","N","Y","N","N","N","N","N","Dark - Street Lights","Broadside","Pedestrian Violation","Other Motor Vehicle","N","N","N","N"
6738933,"N","Y","Injury (Complaint of Pain)","N",2014,8.5,"Fall","N","N","Sa","N","Y","Y","Y","N","N","N","N","Daylight","Rear End","Wrong Side of Road","Other Motor Vehicle","N","N","N","N"
6738943,"N","Y","Injury (Complaint of Pain)","N",2014,12,"Fall","N","N","Th","N","N","Y","N","N","N","N","N","Daylight","Sideswipe","Automobile Right of Way","Other Motor Vehicle","N","N","N","N"
6738959,"N","Y","Injury (Complaint of Pain)","N",2014,20,"Fall","N","N","M","Y","N","Y","N","N","N","N","N","Dark - Street Lights","Broadside","Pedestrian Violation","Other Motor Vehicle","N","N","N","N"
6738960,"N","Y","Injury (Other Visible)","N",2014,17.9166666666667,"Fall","N","N","Su","Y","N","Y","N","N","N","N","N","Dark - Street Lights","Broadside","Pedestrian Violation","Other Motor Vehicle","N","N","N","N"
6739066,"N","Y","Injury (Complaint of Pain)","N",2014,7.41666666666667,"Fall","AM","N","W","Y","N","Y","N","N","N","N","N","Daylight","Broadside","Pedestrian Violation","Other Motor Vehicle","N","N","N","N"
6739094,"N","Y","Injury (Complaint of Pain)","N",2014,11.0166666666667,"Fall","N","N","M","Y","N","Y","N","N","N","N","N","Daylight","Head-On","Pedestrian Violation","Other Object","N","N","N","N"