"CASE_ID","mc_killed","mc_injured","collision_severity","severe","accident_year","hours_since_midnight","season","rush_hour","late_night","day_of_week","intersection","state_hwy_ind","w_clear","w_cloudy","w_rainy","w_other","road_not_dry","road_condition_issue","lighting","type_of_collision","pcf_viol_category","mviw","alcohol_involved","truck_accident","pedestrian_accident","bicycle_accident"
6739098,"N","Y","PDO (property damage only)","N",2014,22.5,"Fall","N","N","Th","N","N","N","N","Y","N","Y","N","Dark - Street Lights","Rear End","Wrong Side of Road","Other Motor Vehicle","N","N","N","N"
6739126,"N","Y","Injury (Complaint of Pain)","N",2014,1.91666666666667,"Fall","N","Y","Tu","N","N","Y","N","N","N","N","N","Dark - Street Lights","Broadside","Unsafe Speed","Other Motor Vehicle","Y","N","N","N"
6739290,"N","Y","PDO (property damage only)","N",2014,8.08333333333333,"Fall","AM","N","F","N","N","Y","N","N","N","N","N","Daylight","Broadside","Pedestrian Violation","Other Motor Vehicle","N","N","N","N"
6739717,"N","Y","Injury (Other Visible)","N",2014,2.33333333333333,"Fall","N","Y","M","Y","N","Y","N","N","N","N","N","Dark - Street Lights","Broadside","Pedestrian Violation","Other Motor Vehicle","N","N","N","N"
6739719,"N","Y","Injury (Complaint of Pain)","N",2014,17.5,"Fall","N","N","Sa","Y","N","Y","N","N","N","N","N","Dusk or Dawn","Head-On","Pedestrian Violation","Other Motor Vehicle","N","N","N","N"
6741612,"N","Y","Injury (Complaint of Pain)","N",2014,7.75,"Fall","N","N","Sa","Y","N","Y","N","N","N","N","N","Daylight","Broadside","Pedestrian Violation","Other Motor Vehicle","N","N","N","N"
6741675,"N","N","Injury (Complaint of Pain)","N",2014,5.75,"Fall","N","N","M","N","N","N","Y","N","N","N","N","Dark - Street Lights","Sideswipe","Unsafe Speed","Parked Motor Vehicle","N","N","N","N"
6741982,"N","Y","Injury (Other Visible)","N",2014,13.5,"Fall","N","N","Tu","N","N","Y","N","N","N","N","Y","Daylight","Hit Object","Wrong Side of Road","Animal","N","N","N","N"
6742352,"N","Y","Injury (Complaint of Pain)","N",2014,13.3333333333333,"Fall","N","N","M","Y","N","Y","N","N","N","N","Y","Daylight","Other","Wrong Side of Road","Non-Collision","N","N","N","N"
6742360,"N","Y","Injury (Other Visible)","N",2014,18.6666666666667,"Fall","PM","N","Th","N","N","Y","N","N","N","N","N","Dark - Street Lights","Broadside","Pedestrian Violation","Other Motor Vehicle","N","N","N","N"
6742737,"N","Y","Injury (Complaint of Pain)","N",2014,13.6666666666667,"Fall","N","N","W","Y","N","Y","N","N","N","N","N","Daylight","Other","Pedestrian Violation","Other Motor Vehicle","N","Y","N","N"
6742855,"N","N","Fatal","Y",2014,13.5166666666667,"Fall","N","N","M","N","N","Y","N","N","N","N","N","Daylight","Other","Unsafe Starting or Backing","Parked Motor Vehicle","N","Y","N","N"
6743245,"N","N","Injury (Other Visible)","N",2014,12.25,"Fall","N","N","F","N","Y","Y","N","N","N","N","N","Daylight","Hit Object","Automobile Right of Way","Fixed Object","N","N","N","N"
6743246,"N","Y","PDO (property damage only)","N",2014,17.3333333333333,"Fall","PM","N","F","N","Y","Y","N","N","N","N","N","Daylight","Sideswipe","Pedestrian Right of Way","Other Motor Vehicle","N","N","N","N"
6743255,"N","Y","Injury (Complaint of Pain)","N",2014,17.6666666666667,"Fall","PM","N","Tu","N","Y","Y","N","N","N","N","N","Daylight","Sideswipe","Automobile Right of Way","Other Motor Vehicle","N","N","N","N"
6743260,"N","Y","Injury (Complaint of Pain)","N",2014,9,"Fall","AM","N","Tu","N","Y","N","Y","N","N","N","N","Daylight","Overturned","Wrong Side of Road","Fixed Object","N","N","N","N"
6743275,"N","Y","Injury (Other Visible)","N",2014,11.6166666666667,"Fall","N","N","Sa","N","Y","Y","N","N","N","N","N","Daylight","Rear End","Wrong Side of Road","Other Motor Vehicle","N","N","N","N"
6744053,"N","N","Fatal","Y",2014,19.75,"Fall","N","N","Sa","N","N","Y","N","N","N","N","N","Dark - Street Lights","Head-On","Wrong Side of Road","Parked Motor Vehicle","N","N","N","N"
6744245,"N","Y","Injury (Complaint of Pain)","N",2014,12.4166666666667,"Fall","N","N","Tu","Y","N","N","Y","N","N","N","N","Daylight","Broadside","Pedestrian Violation","Other Motor Vehicle","N","N","N","N"
6744296,"N","Y","PDO (property damage only)","N",2014,18,"Fall","PM","N","Th","N","N","Y","N","N","N","N","N","Dark - Street Lights","Broadside","Pedestrian Violation","Other Motor Vehicle","N","N","N","N"
6744316,"N","Y","Injury (Complaint of Pain)","N",2014,18.75,"Fall","N","N","Sa","N","N","Y","N","N","N","N","N","Dark - Street Lights","Sideswipe","Pedestrian Right of Way","Other Motor Vehicle","N","N","N","N"
6745214,"N","Y","Injury (Complaint of Pain)","N",2014,15.5,"Fall","PM","N","Tu","Y","N","Y","N","N","N","N","N","Daylight","Broadside","Pedestrian Violation","Other Motor Vehicle","N","N","N","N"
6745217,"N","Y","PDO (property damage only)","N",2014,8.33333333333333,"Fall","AM","N","F","Y","N","Y","N","N","N","N","N","Daylight","Broadside","Pedestrian Violation","Other Motor Vehicle","N","N","N","N"
6745726,"N","N","Fatal","Y",2014,17,"Fall","PM","N","F","N","N","Y","N","N","N","N","N","Dark - Street Lights","Sideswipe","Wrong Side of Road","Parked Motor Vehicle","N","N","N","N"
6745883,"N","N","Fatal","Y",2014,2.16666666666667,"Fall","N","Y","M","N","Y","Y","N","N","N","N","N","Dark - Street Lights","Sideswipe","Driving or Bicycling Under the Influence of Alcohol or Drug","Other Motor Vehicle","N","Y","N","N"
6746033,"N","N","Fatal","Y",2014,8.33333333333333,"Fall","AM","N","Th","N","Y","Y","N","N","N","N","N","Daylight","Sideswipe","Automobile Right of Way","Other Motor Vehicle","N","N","N","N"
6746473,"N","N","Fatal","Y",2014,14.0833333333333,"Fall","N","N","Su","N","Y","Y","N","N","N","N","N","Daylight","Sideswipe","Pedestrian Right of Way","Other Motor Vehicle","N","N","N","N"
6746713,"N","N","Fatal","Y",2014,15.8333333333333,"Fall","PM","N","W","N","Y","Y","N","N","N","N","N","Daylight","Sideswipe","Pedestrian Right of Way","Other Motor Vehicle","N","N","N","N"
6746835,"N","Y","Injury (Other Visible)","N",2014,20.9166666666667,"Fall","N","N","Tu","Y","N","Y","N","N","N","N","N","Dark - No Street Lights","Broadside","Pedestrian Violation","Other Motor Vehicle","N","N","N","N"
6746847,"N","Y","PDO (property damage only)","N",2014,16.1666666666667,"Fall","PM","N","Tu","Y","N","Y","N","N","N","N","N","Daylight","Sideswipe","Lights","Other Motor Vehicle","N","N","N","N"
6746912,"N","Y","Injury (Complaint of Pain)","N",2014,16.3333333333333,"Fall","N","N","Sa","N","N","Y","N","N","N","N","N","Daylight","Hit Object","Wrong Side of Road","Fixed Object","N","N","N","N"
6746936,"N","N","PDO (property damage only)","N",2014,20.5,"Fall","N","N","F","N","N","Y","N","N","N","N","N","Dark - Street Lights","Rear End","Improper Passing","Other Motor Vehicle","N","N","N","N"
6746982,"N","N","Fatal","Y",2014,10.1666666666667,"Fall","N","N","Tu","N","Y","Y","N","N","N","N","N","Daylight","Sideswipe","Automobile Right of Way","Other Motor Vehicle","N","N","N","N"
6748179,"N","Y","Injury (Complaint of Pain)","N",2014,11.5833333333333,"Fall","N","N","M","N","Y","Y","N","N","N","N","Y","Daylight","Overturned","Wrong Side of Road","Non-Collision","N","N","N","N"
6748857,"N","Y","Injury (Complaint of Pain)","N",2014,21.5,"Fall","N","N","F","N","N","Y","N","N","N","N","N","Dark - Street Lights","Rear End","Wrong Side of Road","Other Motor Vehicle","N","N","N","N"
6749010,"N","Y","Injury (Complaint of Pain)","N",2014,20.3333333333333,"Fall","N","N","Su","N","N","Y","N","N","N","Y","Y","Dark - Street Lights","Other","Pedestrian Right of Way","Non-Collision","N","N","N","N"
6749050,"N","Y","Injury (Complaint of Pain)","N",2014,7.75,"Fall","AM","N","F","N","N","Y","N","N","N","N","N","Daylight","Sideswipe","Pedestrian Right of Way","Other Motor Vehicle","N","N","N","N"
6749131,"N","Y","Injury (Complaint of Pain)","N",2014,5.58333333333333,"Fall","N","N","Th","N","Y","Y","N","N","N","N","N","Dusk or Dawn","Sideswipe","Automobile Right of Way","Other Motor Vehicle","N","N","N","N"
6749135,"N","Y","Injury (Complaint of Pain)","N",2014,0.666666666666667,"Fall","N","Y","Tu","N","Y","Y","N","N","N","N","N","Dark - Street Lights","Hit Object","Pedestrian Right of Way","Fixed Object","N","N","N","N"
6749136,"N","Y","Injury (Complaint of Pain)","N",2014,18.2166666666667,"Fall","PM","N","M","N","Y","Y","N","N","N","N","N","Dark - No Street Lights","Sideswipe","Automobile Right of Way","Other Motor Vehicle","N","N","N","N"
6749138,"N","Y","PDO (property damage only)","N",2014,11.3333333333333,"Fall","N","N","Sa","N","Y","Y","N","N","N","N","N","Daylight","Rear End","Wrong Side of Road","Other Motor Vehicle","N","N","N","N"
6749148,"N","Y","Injury (Complaint of Pain)","N",2014,12.75,"Fall","N","N","Th","N","Y","Y","N","N","N","N","N","Daylight","Sideswipe","Wrong Side of Road","Other Motor Vehicle","N","N","N","N"
6749784,"N","N","Fatal","Y",2014,11.6666666666667,"Fall","N","N","M","Y","N","Y","N","N","N","N","N","Daylight","Other","Pedestrian Violation","Non-Collision","N","N","N","N"
6749988,"N","Y","PDO (property damage only)","N",2014,8.11666666666667,"Fall","AM","N","W","N","Y","Y","N","N","N","N","N","Daylight","Rear End","Automobile Right of Way","Other Motor Vehicle","N","N","N","N"
6750170,"N","N","Fatal","Y",2014,9,"Fall","N","N","Sa","N","N","Y","N","N","N","N","N","Daylight","Sideswipe","Wrong Side of Road","Other Motor Vehicle","N","N","N","N"
6750276,"N","Y","Injury (Complaint of Pain)","N",2014,2.31666666666667,"Winter","N","Y","Tu","Y","N","N","N","Y","N","Y","N","Dark - Street Lights","Hit Object","Unsafe Lane Change","Fixed Object","N","N","N","N"
6750405,"N","Y","Injury (Other Visible)","N",2014,22.6666666666667,"Fall","N","N","Sa","N","N","Y","N","N","N","N","N","Dark - Street Lights","Sideswipe","Pedestrian Violation","Other Motor Vehicle","N","N","N","N"
6752159,"N","N","Fatal","Y",2014,0.75,"Winter","N","Y","Th","N","N","N","Y","N","N","N","N","Dark - Street Lights","Rear End","Wrong Side of Road","Parked Motor Vehicle","N","N","N","N"
6752270,"N","Y","Injury (Complaint of Pain)","N",2014,11.9166666666667,"Winter","N","N","Tu","Y","N","Y","N","N","N","N","N","Daylight","Broadside","Pedestrian Violation","Other Motor Vehicle","N","N","N","N"
6752273,"N","Y","Injury (Complaint of Pain)","N",2014,22.9166666666667,"Winter","N","N","W","Y","N","Y","N","N","N","N","N","Dark - Street Lights","Broadside","Unsafe Speed","Other Motor Vehicle","Y","N","N","N"
6752951,"N","Y","PDO (property damage only)","N",2014,19.6666666666667,"Fall","N","N","Th","Y","N","Y","N","N","N","N","N","Dark - Street Lights","Head-On","Pedestrian Violation","Other Motor Vehicle","N","N","N","N"
6753304,"N","Y","Injury (Complaint of Pain)","N",2014,15.3333333333333,"Fall","PM","N","F","N","Y","Y","N","N","N","N","N","Daylight","Overturned","Pedestrian Right of Way","Non-Collision","N","N","N","N"
6753869,"N","N","Fatal","Y",2014,14.75,"Fall","N","N","Tu","N","Y","Y","N","N","N","N","N","Daylight","Sideswipe","Automobile Right of Way","Other Motor Vehicle","N","N","N","N"
6754052,"N","Y","Injury (Other Visible)","N",2014,0.916666666666667,"Winter","N","Y","Sa","N","Y","Y","N","N","N","N","N","Dark - Street Lights","Hit Object","Pedestrian Right of Way","Fixed Object","N","N","N","N"
6754211,"N","Y","PDO (property damage only)","N",2014,6.25,"Fall","N","N","M","N","Y","Y","N","N","N","N","N","Dusk or Dawn","Overturned","Pedestrian Right of Way","Non-Collision","N","N","N","N"
6754490,"N","Y","Injury (Other Visible)","N",2014,14.9166666666667,"Fall","N","N","Th","N","N","N","Y","N","N","N","N","Daylight","Rear End","Wrong Side of Road","Other Motor Vehicle","N","Y","N","N"
6755631,"N","Y","Injury (Complaint of Pain)","N",2014,23.5,"Winter","N","Y","M","Y","N","Y","N","N","N","N","N","Dark - Street Lights","Broadside","Pedestrian Violation","Other Motor Vehicle","N","N","N","N"
6755640,"N","Y","Injury (Complaint of Pain)","N",2014,10.75,"Fall","N","N","Th","Y","N","N","Y","N","N","N","N","Daylight","Broadside","Pedestrian Violation","Other Motor Vehicle","N","N","N","N"
6755676,"N","Y","Injury (Complaint of Pain)","N",2014,13.5833333333333,"Fall","N","N","Su","N","N","Y","N","N","N","N","N","Daylight","Rear End","Wrong Side of Road","Other Motor Vehicle","N","N","N","N"
6755774,"N","Y","PDO (property damage only)","N",2014,22,"Winter","N","N","M","N","N","Y","N","N","N","N","N","Dark - Street Lights","Sideswipe","Automobile Right of Way","Other Motor Vehicle","N","N","N","N"
6755786,"N","Y","Injury (Other Visible)","N",2014,20.3333333333333,"Fall","N","N","M","N","N","Y","N","N","N","N","N","Dark - Street Lights","Broadside","Pedestrian Right of Way","Other Motor Vehicle","N","N","N","N"
6756529,"N","N","Fatal","Y",2014,9.66666666666667,"Fall","N","N","Th","N","Y","N","Y","N","N","N","N","Daylight","Sideswipe","Automobile Right of Way","Motor Vehicle on Other Roadway","N","N","N","N"
6756550,"N","N","Fatal","Y",2014,11.75,"Fall","N","N","Su","N","Y","Y","N","N","N","N","N","Daylight","Sideswipe","Automobile Right of Way","Other Motor Vehicle","N","N","N","N"
6758684,"N","Y","Injury (Complaint of Pain)","N",2014,23.3333333333333,"Fall","N","Y","M","N","N","Y","N","N","N","N","N","Dark - Street Lights","Head-On","Pedestrian Violation","Other Motor Vehicle","N","N","N","N"
6758827,"N","N","Fatal","Y",2014,7.25,"Fall","AM","N","M","N","Y","Y","N","N","N","N","N","Daylight","Rear End","Wrong Side of Road","Other Motor Vehicle","N","N","N","N"
6758964,"N","Y","Injury (Complaint of Pain)","N",2014,0.583333333333333,"Fall","N","Y","Th","N","N","Y","N","N","N","N","N","Dark - Street Lights","Rear End","Unsafe Speed","Other Motor Vehicle","Y","N","N","N"
6758965,"N","N","Injury (Complaint of Pain)","N",2014,7.66666666666667,"Fall","AM","N","M","Y","N","Y","N","N","N","N","N","Daylight","Broadside","Pedestrian Violation","Other Motor Vehicle","N","N","N","N"
6758997,"N","Y","Injury (Complaint of Pain)","N",2014,20.25,"Fall","N","N","Tu","N","N","Y","N","N","N","N","N","Dark - Street Lights","Other","Wrong Side of Road","Fixed Object","N","N","N","N"
6759013,"N","Y","Injury (Complaint of Pain)","N",2014,21.8333333333333,"Fall","N","N","Su","Y","N","Y","N","N","N","N","N","Dark - Street Lights","Rear End","Pedestrian Violation","Parked Motor Vehicle","N","N","N","N"
6759021,"N","Y","PDO (property damage only)","N",2014,16.5833333333333,"Fall","PM","N","F","N","N","Y","N","N","N","N","N","Daylight","Sideswipe","Automobile Right of Way","Other Motor Vehicle","N","N","N","N"
6759213,"N","Y","PDO (property damage only)","N",2014,8,"Fall","AM","N","F","N","N","Y","N","N","N","N","N","Daylight","Rear End","Improper Passing","Other Motor Vehicle","N","N","N","N"
6759223,"N","Y","Injury (Complaint of Pain)","N",2014,13.8333333333333,"Fall","N","N","Sa","Y","N","Y","N","N","N","N","N","Daylight","Broadside","Pedestrian Violation","Other Motor Vehicle","N","N","N","N"
6759238,"N","Y","Injury (Complaint of Pain)","N",2014,17.5,"Fall","PM","N","M","N","N","Y","N","N","N","N","N","Dusk or Dawn","Head-On","Pedestrian Violation","Other Motor Vehicle","N","N","N","N"
6759251,"N","Y","Injury (Complaint of Pain)","N",2014,9.58333333333333,"Fall","N","N","Sa","N","N","Y","N","N","N","N","N","Daylight","Overturned","Wrong Side of Road","Fixed Object","N","N","N","N"
6760981,"N","Y","Injury (Other Visible)","N",2014,1.18333333333333,"Fall","N","Y","W","N","Y","Y","N","N","N","N","N","Dark - No Street Lights","Overturned","Wrong Side of Road","Non-Collision","N","N","N","N"
6761258,"N","Y","Injury (Complaint of Pain)","N",2014,6.63333333333333,"Fall","N","N","Th","N","Y","Y","N","N","N","N","N","Dusk or Dawn","Sideswipe","Pedestrian Right of Way","Other Motor Vehicle","N","N","N","N"
6763707,"N","Y","PDO (property damage only)","N",2014,18.6666666666667,"Fall","PM","N","Tu","N","N","Y","N","N","N","N","N","Dark - Street Lights","Broadside","Pedestrian Violation","Other Motor Vehicle","N","N","N","N"
6763711,"N","Y","PDO (property damage only)","N",2014,18,"Fall","PM","N","Th","Y","N","Y","N","N","N","N","N","Dark - Street Lights","Head-On","Pedestrian Violation","Other Motor Vehicle","N","N","N","N"
6763719,"N","Y","Injury (Complaint of Pain)","N",2014,6.75,"Fall","N","N","Sa","Y","N","Y","N","N","N","Y","N","Daylight","Broadside","Pedestrian Violation","Other Motor Vehicle","N","N","N","N"
6764004,"N","Y","PDO (property damage only)","N",2014,22.8333333333333,"Winter","N","N","Th","Y","N","Y","N","N","N","N","N","Dark - Street Lights","Broadside","Pedestrian Violation","Other Motor Vehicle","N","N","N","N"
6764015,"N","Y","Injury (Other Visible)","N",2014,15.5,"Fall","PM","N","W","Y","N","Y","N","N","N","N","N","Daylight","Broadside","Pedestrian Violation","Other Motor Vehicle","N","N","N","N"
6765258,"N","Y","Injury (Complaint of Pain)","N",2014,17,"Fall","N","N","Su","Y","N","Y","N","N","N","N","N","Dark - Street Lights","Broadside","Pedestrian Violation","Other Motor Vehicle","N","N","N","N"
6765486,"N","N","Injury (Complaint of Pain)","N",2014,13.5833333333333,"Fall","N","N","Tu","N","N","Y","N","N","N","N","N","Daylight","Broadside","Hazardous Parking","Pedestrian","N","N","Y","N"
6765651,"N","Y","Injury (Complaint of Pain)","N",2014,9.83333333333333,"Winter","N","N","F","Y","N","Y","N","N","N","N","N","Daylight","Other","Pedestrian Violation","Other Object","N","N","N","N"
6766179,"N","Y","PDO (property damage only)","N",2014,18.5833333333333,"Fall","N","N","Sa","N","Y","Y","N","N","N","N","N","Dark - Street Lights","Sideswipe","Automobile Right of Way","Other Motor Vehicle","N","N","N","N"
6766234,"N","Y","Injury (Complaint of Pain)","N",2014,17.3333333333333,"Fall","N","N","Sa","N","Y","Y","N","N","N","N","N","Dark - No Street Lights","Overturned","Wrong Side of Road","Non-Collision","N","N","N","N"
6766238,"N","Y","Injury (Complaint of Pain)","N",2014,15.8333333333333,"Fall","PM","N","F","N","N","Y","N","N","N","N","N","Daylight","Rear End","Automobile Right of Way","Other Motor Vehicle","N","N","N","N"
6766643,"N","N","Fatal","Y",2014,19,"Fall","N","N","Su","N","N","Y","N","N","N","N","N","Dark - Street Lights","Sideswipe","Wrong Side of Road","Other Motor Vehicle","N","N","N","N"
6767328,"N","Y","Injury (Complaint of Pain)","N",2014,7.66666666666667,"Winter","AM","N","Tu","Y","N","Y","N","N","N","N","N","Daylight","Broadside","Pedestrian Violation","Other Motor Vehicle","N","N","N","N"
6767520,"N","Y","Injury (Complaint of Pain)","N",2014,14.6666666666667,"Fall","N","N","M","N","N","Y","N","N","N","N","N","Daylight","Head-On","Pedestrian Violation","Other Motor Vehicle","N","N","N","N"
6767539,"N","Y","Injury (Complaint of Pain)","N",2014,19.25,"Winter","N","N","Th","Y","N","Y","N","N","N","N","N","Dark - Street Lights","Broadside","Pedestrian Violation","Other Motor Vehicle","N","N","N","N"
6767540,"N","Y","Injury (Complaint of Pain)","N",2014,22.75,"Winter","N","N","W","N","N","Y","N","N","N","N","N","Dark - Street Lights","Other","Pedestrian Violation","Fixed Object","N","N","N","N"
6767546,"N","Y","PDO (property damage only)","N",2014,18.3333333333333,"Winter","PM","N","Th","Y","N","Y","N","N","N","N","Y","Dark - Street Lights","Head-On","Pedestrian Violation","Other Motor Vehicle","N","N","N","N"
6767554,"N","N","Injury (Complaint of Pain)","N",2014,23.9166666666667,"Winter","N","Y","Th","N","N","Y","N","N","N","N","N","Dark - Street Lights","Hit Object","Unsafe Speed","Other Object","Y","N","N","N"
6767555,"N","Y","Injury (Complaint of Pain)","N",2014,15.75,"Winter","N","N","Sa","N","N","N","Y","N","N","N","N","Daylight","Sideswipe","Automobile Right of Way","Other Motor Vehicle","N","N","N","N"
6767584,"N","Y","Injury (Other Visible)","N",2014,17.8333333333333,"Fall","PM","N","Th","Y","N","Y","N","N","N","N","N","Dark - Street Lights","Broadside","Pedestrian Right of Way","Other Motor Vehicle","N","N","N","N"
6768228,"N","Y","Injury (Other Visible)","N",2014,18.25,"Fall","PM","N","W","Y","N","Y","N","N","N","N","N","Dusk or Dawn","Head-On","Pedestrian Violation","Other Motor Vehicle","N","N","N","N"
6768657,"N","Y","PDO (property damage only)","N",2014,8.75,"Fall","AM","N","Tu","N","Y","Y","N","N","N","N","N","Daylight","Rear End","Wrong Side of Road","Other Motor Vehicle","N","N","N","N"
6770428,"N","Y","Injury (Other Visible)","N",2014,17.25,"Fall","PM","N","Tu","N","Y","Y","N","N","N","N","N","Dusk or Dawn","Overturned","Wrong Side of Road","Non-Collision","N","N","N","N"
6770908,"N","Y","Injury (Other Visible)","N",2014,16.6666666666667,"Fall","N","N","Su","Y","N","N","Y","N","N","N","N","Dusk or Dawn","Broadside","Pedestrian Violation","Other Motor Vehicle","N","N","N","N"
6770990,"N","Y","PDO (property damage only)","N",2014,12.0833333333333,"Winter","N","N","Th","N","Y","Y","N","N","N","N","N","Daylight","Sideswipe","Pedestrian Right of Way","Other Motor Vehicle","N","N","N","N"
6771030,"N","Y","PDO (property damage only)","N",2014,14.75,"Winter","N","N","Su","N","N","N","Y","N","N","N","N","Daylight","Hit Object","Pedestrian Right of Way","Other Object","N","N","N","N"
6771114,"N","Y","Injury (Complaint of Pain)","N",2014,14.5833333333333,"Winter","N","N","Tu","Y","N","Y","N","N","N","N","N","Daylight","Other","Pedestrian Right of Way","Non-Collision","N","N","N","N"
6771256,"N","Y","Injury (Complaint of Pain)","N",2014,12.5,"Fall","N","N","Th","N","N","Y","N","N","N","N","N","Daylight","Broadside","Pedestrian Violation","Other Motor Vehicle","N","N","N","N"
6771275,"N","Y","PDO (property damage only)","N",2014,17.8333333333333,"Fall","PM","N","F","N","N","Y","N","N","N","N","N","Dark - Street Lights","Head-On","Pedestrian Right of Way","Other Motor Vehicle","N","N","N","N"
6771337,"N","Y","Injury (Complaint of Pain)","N",2014,19.5,"Fall","N","N","Tu","N","N","Y","N","N","N","N","N","Dark - Street Lights","Sideswipe","Pedestrian Violation","Other Motor Vehicle","N","N","N","N"
6772129,"N","Y","PDO (property damage only)","N",2014,15.5,"Fall","PM","N","Th","Y","N","N","Y","N","N","N","N","Daylight","Other","Driving or Bicycling Under the Influence of Alcohol or Drug","Non-Collision","N","N","N","N"
6772139,"N","Y","Injury (Other Visible)","N",2014,13.8333333333333,"Fall","N","N","Sa","Y","N","Y","N","N","N","N","N","Daylight","Sideswipe","Pedestrian Right of Way","Other Motor Vehicle","N","N","N","N"
6772179,"N","Y","PDO (property damage only)","N",2014,15.75,"Fall","PM","N","M","N","N","Y","N","N","N","N","N","Daylight","Sideswipe","Pedestrian Right of Way","Other Motor Vehicle","N","N","N","N"
6772180,"N","Y","Injury (Complaint of Pain)","N",2014,21.1666666666667,"Winter","N","N","M","N","N","N","Y","N","N","N","N","Dark - Street Lights","Sideswipe","Automobile Right of Way","Other Motor Vehicle","N","N","N","N"
6772490,"N","Y","PDO (property damage only)","N",2014,17.6666666666667,"Winter","PM","N","Th","N","Y","Y","N","N","N","N","N","Daylight","Sideswipe","Automobile Right of Way","Other Motor Vehicle","N","N","N","N"
6772531,"N","N","Fatal","Y",2014,8.15,"Winter","N","N","Su","N","Y","N","Y","N","N","Y","Y","Daylight","Overturned","Code 20","Fixed Object","N","N","N","N"
6774173,"N","Y","Injury (Complaint of Pain)","N",2014,7.33333333333333,"Fall","AM","N","Tu","N","Y","Y","N","N","N","N","N","Daylight","Sideswipe","Automobile Right of Way","Other Motor Vehicle","N","N","N","N"
6774189,"N","Y","PDO (property damage only)","N",2014,17.6666666666667,"Fall","PM","N","Th","N","Y","Y","N","N","N","N","N","Daylight","Hit Object","Pedestrian Right of Way","Fixed Object","N","N","N","N"
6774284,"N","N","Fatal","Y",2014,14.75,"Winter","N","N","Sa","N","Y","Y","N","N","N","N","N","Daylight","Sideswipe","Automobile Right of Way","Other Motor Vehicle","N","N","N","N"
6774391,"N","Y","Injury (Complaint of Pain)","N",2014,16.75,"Fall","PM","N","F","N","Y","Y","N","N","N","N","N","Daylight","Hit Object","Wrong Side of Road","Fixed Object","N","N","N","N"
6774393,"N","N","Injury (Complaint of Pain)","N",2014,9.66666666666667,"Fall","N","N","Th","N","Y","Y","N","N","N","N","N","Daylight","Rear End","Automobile Right of Way","Other Motor Vehicle","N","N","N","N"
6774394,"N","Y","PDO (property damage only)","N",2014,8.16666666666667,"Fall","AM","N","Th","N","Y","Y","N","N","N","N","N","Daylight","Sideswipe","Automobile Right of Way","Other Motor Vehicle","N","N","N","N"
6774400,"N","Y","Injury (Complaint of Pain)","N",2014,9.41666666666667,"Fall","N","N","Sa","N","Y","Y","N","N","N","N","N","Daylight","Hit Object","Pedestrian Right of Way","Fixed Object","N","N","N","N"
6774769,"N","Y","Injury (Complaint of Pain)","N",2014,17.6666666666667,"Fall","PM","N","M","Y","N","Y","N","N","N","N","N","Dark - Street Lights","Broadside","Code 19","Other Motor Vehicle","N","N","N","N"
6775059,"N","Y","Injury (Complaint of Pain)","N",2014,18.0833333333333,"Fall","PM","N","F","N","Y","Y","N","N","N","N","N","Daylight","Rear End","Pedestrian Right of Way","Other Motor Vehicle","N","N","N","N"
6775235,"N","Y","PDO (property damage only)","N",2014,14.9166666666667,"Fall","N","N","W","N","N","Y","N","N","N","N","N","Daylight","Rear End","Improper Passing","Other Motor Vehicle","N","N","N","N"
6775944,"N","N","Fatal","Y",2014,19.0833333333333,"Winter","N","N","F","N","Y","Y","N","N","N","N","N","Dark - Street Lights","Rear End","Pedestrian Right of Way","Other Motor Vehicle","N","N","N","N"
6776477,"N","N","Fatal","Y",2014,7.5,"Fall","AM","N","Tu","N","Y","Y","N","N","N","N","N","Daylight","Rear End","Automobile Right of Way","Other Motor Vehicle","N","N","N","N"
6776805,"N","N","Fatal","Y",2014,19.0833333333333,"Fall","N","N","M","N","Y","Y","N","N","N","N","N","Dusk or Dawn","Hit Object","Pedestrian Right of Way","Fixed Object","N","N","N","N"
6777043,"N","Y","PDO (property damage only)","N",2014,6.5,"Fall","N","N","Th","N","Y","Y","N","N","N","N","N","Daylight","Sideswipe","Automobile Right of Way","Other Motor Vehicle","N","N","N","N"
6777047,"N","Y","Injury (Complaint of Pain)","N",2014,6.56666666666667,"Fall","N","N","Tu","N","Y","Y","N","N","N","N","N","Daylight","Rear End","Wrong Side of Road","Other Motor Vehicle","N","N","N","N"
6778003,"N","N","Fatal","Y",2014,0.25,"Fall","N","Y","W","N","Y","Y","N","N","N","N","N","Dark - Street Lights","Overturned","Wrong Side of Road","Other Motor Vehicle","N","N","N","N"
6778016,"N","N","Fatal","Y",2014,18.1666666666667,"Winter","PM","N","Th","N","Y","N","Y","N","N","N","N","Dark - Street Lights","Sideswipe","Pedestrian Right of Way","Other Motor Vehicle","N","N","N","N"
6778335,"N","Y","PDO (property damage only)","N",2014,14,"Winter","N","N","Th","N","Y","N","Y","N","N","N","N","Daylight","Rear End","Wrong Side of Road","Other Motor Vehicle","N","N","N","N"
6778401,"N","Y","Injury (Complaint of Pain)","N",2014,10.8333333333333,"Winter","N","N","M","N","Y","Y","N","N","N","N","N","Daylight","Rear End","Automobile Right of Way","Other Motor Vehicle","N","N","N","N"
6778753,"N","N","Fatal","Y",2014,11.8333333333333,"Fall","N","N","Th","N","Y","N","Y","N","N","N","N","Daylight","Hit Object","Pedestrian Right of Way","Other Object","N","N","N","N"