"CASE_ID","mc_killed","mc_injured","collision_severity","severe","accident_year","hours_since_midnight","season","rush_hour","late_night","day_of_week","intersection","state_hwy_ind","w_clear","w_cloudy","w_rainy","w_other","road_not_dry","road_condition_issue","lighting","type_of_collision","pcf_viol_category","mviw","alcohol_involved","truck_accident","pedestrian_accident","bicycle_accident"
6793562,"N","Y","Injury (Complaint of Pain)","N",2015,21.4166666666667,"Winter","N","N","Tu","N","N","Y","N","N","N","N","N","Dark - Street Lights","Sideswipe","Pedestrian Right of Way","Parked Motor Vehicle","N","N","N","N"
6794255,"N","Y","PDO (property damage only)","N",2015,16.6666666666667,"Winter","PM","N","F","Y","N","Y","N","N","N","N","N","Daylight","Broadside","Pedestrian Violation","Other Motor Vehicle","N","N","N","N"
6794261,"N","Y","Injury (Complaint of Pain)","N",2015,14.4166666666667,"Winter","N","N","M","Y","N","Y","N","N","N","N","N","Daylight","Broadside","Pedestrian Violation","Motor Vehicle on Other Roadway","N","N","N","N"
6794351,"N","Y","Injury (Complaint of Pain)","N",2015,17.5833333333333,"Winter","PM","N","F","N","Y","Y","N","N","N","N","N","Daylight","Sideswipe","Automobile Right of Way","Other Motor Vehicle","N","N","N","N"
6794359,"N","Y","Injury (Complaint of Pain)","N",2015,22.2,"Winter","N","N","W","N","Y","Y","N","N","N","N","N","Dark - Street Lights","Overturned","Automobile Right of Way","Other Motor Vehicle","N","N","N","N"
6794371,"N","Y","Injury (Complaint of Pain)","N",2015,7.83333333333333,"Winter","AM","N","W","N","Y","Y","N","N","N","N","N","Daylight","Overturned","Wrong Side of Road","Non-Collision","N","N","N","N"
6795100,"N","Y","PDO (property damage only)","N",2015,17.25,"Winter","PM","N","Th","N","N","Y","N","N","N","N","N","Dark - Street Lights","Broadside","Pedestrian Right of Way","Other Motor Vehicle","N","N","N","N"
6795756,"N","Y","Injury (Complaint of Pain)","N",2015,11.8333333333333,"Winter","N","N","Th","Y","N","Y","N","N","N","N","N","Daylight","Broadside","Pedestrian Violation","Other Motor Vehicle","N","N","N","N"
6795774,"N","Y","Injury (Complaint of Pain)","N",2015,8.16666666666667,"Winter","AM","N","Th","N","N","Y","N","N","N","N","N","Daylight","Sideswipe","Automobile Right of Way","Other Motor Vehicle","N","N","N","N"
6796401,"N","N","Fatal","Y",2015,13.0833333333333,"Winter","N","N","W","N","N","Y","N","N","N","N","N","Daylight","Sideswipe","Wrong Side of Road","Parked Motor Vehicle","N","N","N","N"
6797449,"N","Y","PDO (property damage only)","N",2015,8.33333333333333,"Winter","AM","N","Th","Y","N","Y","N","N","N","N","N","Daylight","Broadside","Lights","Other Motor Vehicle","N","N","N","N"
6797471,"N","Y","PDO (property damage only)","N",2015,16.8333333333333,"Winter","PM","N","W","N","N","Y","N","N","N","N","N","Daylight","Broadside","Pedestrian Violation","Other Motor Vehicle","N","N","N","N"
6797472,"N","Y","Injury (Complaint of Pain)","N",2015,18.25,"Winter","PM","N","F","Y","N","Y","N","N","N","N","N","Daylight","Broadside","Pedestrian Right of Way","Other Motor Vehicle","N","N","N","N"
6799076,"N","Y","Injury (Complaint of Pain)","N",2015,13.4166666666667,"Winter","N","N","Th","N","N","Y","N","N","N","N","N","Daylight","Other","Unsafe Starting or Backing","Motor Vehicle on Other Roadway","N","N","N","N"
6799298,"N","Y","PDO (property damage only)","N",2015,17,"Winter","PM","N","F","N","N","Y","N","N","N","N","N","Daylight","Head-On","Unsafe Lane Change","Other Motor Vehicle","N","N","N","N"
6799612,"N","Y","Injury (Complaint of Pain)","N",2015,12,"Winter","N","N","Th","N","N","Y","N","N","N","N","N","Daylight","Rear End","Automobile Right of Way","Other Motor Vehicle","N","N","N","N"
6799791,"N","Y","Injury (Other Visible)","N",2015,16,"Winter","PM","N","Th","Y","N","Y","N","N","N","N","N","Daylight","Overturned","Pedestrian Violation","Other Motor Vehicle","N","N","N","N"
6799797,"N","Y","PDO (property damage only)","N",2015,18.0833333333333,"Winter","N","N","Sa","N","N","Y","N","N","N","N","N","Dark - Street Lights","Broadside","Lights","Other Motor Vehicle","N","N","N","N"
6800405,"N","Y","PDO (property damage only)","N",2015,17.75,"Winter","N","N","Sa","N","Y","Y","N","N","N","N","N","Dark - Street Lights","Overturned","Unsafe Speed","Fixed Object","Y","N","N","N"
6801084,"N","Y","Injury (Other Visible)","N",2015,18.7833333333333,"Winter","PM","N","Th","N","Y","Y","N","N","N","N","N","Dark - Street Lights","Sideswipe","Automobile Right of Way","Other Motor Vehicle","N","N","N","N"
6801090,"N","Y","PDO (property damage only)","N",2015,18.25,"Winter","PM","N","Tu","N","Y","Y","N","N","N","N","N","Dark - No Street Lights","Sideswipe","Pedestrian Right of Way","Other Motor Vehicle","N","N","N","N"
6803032,"N","Y","Injury (Complaint of Pain)","N",2015,22.5833333333333,"Winter","N","N","Su","Y","N","Y","N","N","N","N","N","Dark - Street Lights","Broadside","Lights","Other Motor Vehicle","N","N","N","N"
6803084,"N","Y","Injury (Other Visible)","N",2015,19,"Winter","PM","N","F","Y","N","Y","N","N","N","N","N","Dark - Street Lights","Broadside","Pedestrian Violation","Other Motor Vehicle","N","N","N","N"
6803085,"N","Y","Injury (Complaint of Pain)","N",2015,13.7333333333333,"Winter","N","N","Sa","N","N","Y","N","N","N","N","N","Daylight","Other","Pedestrian Right of Way","Non-Collision","N","N","N","N"
6803091,"N","Y","Injury (Other Visible)","N",2015,9.5,"Winter","N","N","W","Y","N","Y","N","N","N","N","N","Daylight","Broadside","Pedestrian Violation","Other Motor Vehicle","N","N","N","N"
6803109,"N","N","Injury (Complaint of Pain)","N",2015,12.0833333333333,"Winter","N","N","Sa","N","N","Y","N","N","N","N","N","Daylight","Other","Driving or Bicycling Under the Influence of Alcohol or Drug","Non-Collision","N","N","N","N"
6803119,"N","Y","PDO (property damage only)","N",2015,18.5,"Winter","PM","N","Th","N","N","Y","N","N","N","N","N","Dark - Street Lights","Sideswipe","Automobile Right of Way","Other Motor Vehicle","N","N","N","N"
6803321,"N","N","Fatal","Y",2015,18.5,"Winter","PM","N","F","N","Y","Y","N","N","N","N","N","Dark - No Street Lights","Rear End","Wrong Side of Road","Other Motor Vehicle","N","N","N","N"
6803350,"N","N","Fatal","Y",2015,18.25,"Winter","PM","N","Tu","N","Y","Y","N","N","N","N","N","Dark - Street Lights","Sideswipe","Automobile Right of Way","Other Motor Vehicle","N","N","N","N"
6803663,"N","Y","Injury (Complaint of Pain)","N",2015,9.16666666666667,"Winter","N","N","Th","N","Y","Y","N","N","N","N","N","Daylight","Sideswipe","Automobile Right of Way","Other Motor Vehicle","N","N","N","N"
6803671,"N","Y","Injury (Complaint of Pain)","N",2015,13.5,"Winter","N","N","W","N","Y","Y","N","N","N","N","N","Daylight","Overturned","Automobile Right of Way","Non-Collision","N","N","N","N"
6803675,"N","Y","PDO (property damage only)","N",2015,8.08333333333333,"Winter","AM","N","F","N","Y","Y","N","N","N","N","N","Daylight","Sideswipe","Automobile Right of Way","Other Motor Vehicle","N","N","N","N"
6803677,"N","Y","Injury (Complaint of Pain)","N",2015,18.1333333333333,"Winter","N","N","Sa","N","Y","Y","N","N","N","N","N","Dark - No Street Lights","Overturned","Pedestrian Right of Way","Fixed Object","N","N","N","N"
6803730,"N","Y","Injury (Complaint of Pain)","N",2015,8.88333333333333,"Winter","AM","N","Tu","N","Y","Y","N","N","N","N","N","Daylight","Overturned","Pedestrian Right of Way","Fixed Object","N","N","N","N"
6806863,"N","Y","PDO (property damage only)","N",2015,15.5,"Winter","N","N","Sa","N","Y","Y","N","N","N","N","N","Daylight","Rear End","Wrong Side of Road","Other Motor Vehicle","N","N","N","N"
6807570,"N","N","Injury (Complaint of Pain)","N",2015,21.1666666666667,"Winter","N","N","Su","Y","N","N","Y","N","N","N","N","Dark - No Street Lights","Head-On","Unsafe Speed","Other Motor Vehicle","Y","N","N","N"
6808321,"N","Y","Injury (Complaint of Pain)","N",2015,9.58333333333333,"Winter","N","N","M","N","Y","Y","N","N","N","N","N","Daylight","Rear End","Automobile Right of Way","Other Motor Vehicle","N","N","N","N"
6808322,"N","Y","PDO (property damage only)","N",2015,8.16666666666667,"Winter","AM","N","W","N","Y","Y","N","N","N","N","N","Daylight","Sideswipe","Automobile Right of Way","Other Motor Vehicle","N","N","N","N"
6808336,"N","Y","PDO (property damage only)","N",2015,17.1666666666667,"Winter","PM","N","M","N","N","N","N","Y","N","Y","N","Dark - Street Lights","Other","Pedestrian Right of Way","Other Motor Vehicle","N","N","N","N"
6808387,"N","Y","PDO (property damage only)","N",2015,8.25,"Winter","N","N","Sa","N","N","Y","N","N","N","N","Y","Daylight","Hit Object","Impeding Traffic","Fixed Object","N","N","N","N"
6808521,"N","Y","PDO (property damage only)","N",2015,11.25,"Winter","N","N","Th","N","N","Y","N","N","N","N","N","Daylight","Broadside","Unsafe Lane Change","Other Motor Vehicle","N","N","N","N"
6808783,"N","Y","PDO (property damage only)","N",2015,13.6666666666667,"Winter","N","N","Su","N","N","Y","N","N","N","N","N","Daylight","Broadside","Pedestrian Right of Way","Other Motor Vehicle","N","N","N","N"
6808785,"N","Y","Injury (Complaint of Pain)","N",2015,15,"Winter","PM","N","W","N","N","Y","N","N","N","N","N","Daylight","Sideswipe","Automobile Right of Way","Other Motor Vehicle","N","N","N","N"
6808798,"N","Y","PDO (property damage only)","N",2015,10,"Winter","N","N","W","N","N","Y","N","N","N","N","N","Daylight","Rear End","Wrong Side of Road","Parked Motor Vehicle","N","N","N","N"
6809183,"N","Y","Injury (Complaint of Pain)","N",2015,8.5,"Winter","N","N","Su","N","N","Y","N","N","N","N","N","Daylight","Broadside","Other Improper Driving","Other Motor Vehicle","N","N","N","N"
6809355,"N","Y","PDO (property damage only)","N",2015,1.91666666666667,"Winter","N","Y","Su","N","N","N","N","Y","N","Y","N","Dark - Street Lights","Rear End","Wrong Side of Road","Other Motor Vehicle","N","N","N","N"
6809382,"N","N","Fatal","Y",2015,15.6666666666667,"Winter","PM","N","F","Y","N","N","N","Y","N","Y","N","Daylight","Broadside","Impeding Traffic","Other Object","Y","N","N","N"
6809634,"N","Y","Injury (Other Visible)","N",2015,17.9166666666667,"Winter","PM","N","F","N","N","Y","N","N","N","N","N","Dark - Street Lights","Broadside","Impeding Traffic","Other Motor Vehicle","N","N","N","N"
6809682,"N","Y","Injury (Complaint of Pain)","N",2015,13.1666666666667,"Winter","N","N","Su","N","N","Y","N","N","N","Y","Y","Daylight","Other","Code 20","Fixed Object","N","N","N","N"
6809707,"N","Y","Injury (Other Visible)","N",2015,8.25,"Winter","AM","N","F","N","N","Y","N","N","N","N","N","Daylight","Rear End","Wrong Side of Road","Other Motor Vehicle","N","N","N","N"
6809719,"N","Y","Injury (Other Visible)","N",2015,23.9166666666667,"Winter","N","Y","W","N","N","Y","N","N","N","N","N","Dark - Street Lights","Hit Object","Wrong Side of Road","Fixed Object","N","N","N","N"
6809747,"N","Y","PDO (property damage only)","N",2015,10.4166666666667,"Winter","N","N","F","Y","N","Y","N","N","N","N","N","Daylight","Sideswipe","Pedestrian Violation","Other Motor Vehicle","N","N","N","N"
6809759,"N","N","PDO (property damage only)","N",2015,13.5833333333333,"Winter","N","N","M","N","N","Y","N","N","N","N","N","Daylight","Hit Object","Unsafe Starting or Backing","Other Motor Vehicle","N","N","N","N"
6809765,"N","Y","Injury (Complaint of Pain)","N",2015,16.9166666666667,"Winter","N","N","Su","N","N","Y","N","N","N","N","N","Daylight","Broadside","Pedestrian Right of Way","Other Motor Vehicle","N","N","N","N"
6809785,"N","Y","Injury (Other Visible)","N",2015,10.5,"Winter","N","N","Sa","N","N","N","Y","Y","N","Y","N","Daylight","Broadside","Pedestrian Violation","Other Motor Vehicle","N","N","N","N"
6809809,"N","Y","PDO (property damage only)","N",2015,15.5,"Winter","PM","N","F","Y","N","Y","N","N","N","N","N","Daylight","Broadside","Pedestrian Right of Way","Other Motor Vehicle","N","N","N","N"
6809825,"N","Y","PDO (property damage only)","N",2015,8.75,"Winter","AM","N","W","N","N","Y","N","N","N","Y","N","Daylight","Other","Wrong Side of Road","Fixed Object","N","N","N","N"
6809862,"N","Y","Injury (Complaint of Pain)","N",2015,18.6666666666667,"Winter","PM","N","Th","N","N","Y","N","N","N","N","N","Dark - Street Lights","Other","Wrong Side of Road","Other Object","N","N","N","N"
6809863,"N","Y","Injury (Complaint of Pain)","N",2015,14.8333333333333,"Winter","N","N","W","N","N","Y","N","N","N","N","N","Daylight","Rear End","Wrong Side of Road","Parked Motor Vehicle","N","N","N","N"
6809887,"N","N","PDO (property damage only)","N",2015,10,"Winter","N","N","Su","Y","N","N","N","Y","N","Y","Y","Daylight","Broadside","Pedestrian Right of Way","Other Motor Vehicle","N","N","N","N"
6810421,"N","N","Fatal","Y",2015,19,"Winter","N","N","Su","Y","N","Y","N","N","N","N","N","Dark - Street Lights","Broadside","Pedestrian Violation","Other Motor Vehicle","N","N","N","N"
6810487,"N","Y","Injury (Complaint of Pain)","N",2015,19,"Winter","PM","N","F","N","N","Y","N","N","N","N","N","Dark - Street Lights","Head-On","Wrong Side of Road","Fixed Object","N","N","N","N"
6810503,"N","Y","Injury (Other Visible)","N",2015,20.75,"Winter","N","N","M","Y","N","Y","N","N","N","N","N","Dark - Street Lights","Head-On","Pedestrian Right of Way","Other Motor Vehicle","N","N","N","N"
6810514,"N","Y","Injury (Complaint of Pain)","N",2015,8.5,"Winter","N","N","Sa","Y","N","Y","N","N","N","N","N","Daylight","Sideswipe","Pedestrian Violation","Other Motor Vehicle","N","N","N","N"
6810541,"N","Y","Injury (Other Visible)","N",2015,17.3333333333333,"Winter","N","N","Sa","Y","N","Y","N","N","N","N","N","Dark - Street Lights","Broadside","Pedestrian Violation","Motor Vehicle on Other Roadway","N","N","N","N"
6811862,"N","Y","Injury (Other Visible)","N",2015,9.16666666666667,"Winter","N","N","Tu","N","Y","Y","N","N","N","N","N","Daylight","Rear End","Wrong Side of Road","Other Motor Vehicle","N","N","N","N"
6814249,"N","Y","Injury (Complaint of Pain)","N",2015,10.5833333333333,"Winter","N","N","Th","N","Y","Y","N","N","N","N","N","Daylight","Sideswipe","Wrong Side of Road","Other Motor Vehicle","N","N","N","N"
6814888,"N","N","Fatal","Y",2015,15.5,"Winter","PM","N","M","N","N","N","Y","N","N","N","N","Daylight","Sideswipe","Unsafe Lane Change","Other Motor Vehicle","N","N","N","N"
6815103,"N","Y","Injury (Other Visible)","N",2015,13.55,"Spring","N","N","Tu","N","Y","Y","N","N","N","N","N","Daylight","Rear End","Wrong Side of Road","Other Motor Vehicle","N","N","N","N"
6815699,"N","Y","Injury (Complaint of Pain)","N",2015,19.5833333333333,"Winter","N","N","Th","Y","N","N","Y","N","N","N","N","Dark - Street Lights","Broadside","Lights","Other Motor Vehicle","N","N","N","N"
6815711,"N","Y","Injury (Complaint of Pain)","N",2015,20.1666666666667,"Winter","N","N","F","Y","N","Y","N","N","N","N","N","Dark - Street Lights","Head-On","Pedestrian Violation","Other Motor Vehicle","N","N","N","N"
6815873,"N","Y","Injury (Complaint of Pain)","N",2015,17.4166666666667,"Winter","PM","N","Tu","N","N","Y","N","N","N","N","N","Dark - Street Lights","Sideswipe","Unsafe Lane Change","Other Motor Vehicle","N","N","N","N"
6815885,"N","Y","Injury (Complaint of Pain)","N",2015,10.9166666666667,"Winter","N","N","M","N","N","Y","N","N","N","N","N","Daylight","Broadside","Pedestrian Right of Way","Non-Collision","N","N","N","N"
6816957,"N","Y","Injury (Other Visible)","N",2015,17.5,"Winter","PM","N","Th","N","N","N","Y","N","N","N","N","Daylight","Broadside","Pedestrian Violation","Other Motor Vehicle","N","N","N","N"
6817795,"N","Y","Injury (Complaint of Pain)","N",2015,16,"Winter","PM","N","Th","N","N","Y","N","N","N","N","N","Daylight","Sideswipe","Pedestrian Right of Way","Other Motor Vehicle","N","N","N","N"
6817808,"N","Y","Injury (Complaint of Pain)","N",2015,11.5,"Winter","N","N","W","N","N","Y","N","N","N","N","N","Daylight","Sideswipe","Automobile Right of Way","Motor Vehicle on Other Roadway","N","N","N","N"
6818000,"N","N","Fatal","Y",2015,11,"Winter","N","N","Su","N","N","Y","N","N","N","N","N","Daylight","Broadside","Wrong Side of Road","Parked Motor Vehicle","N","N","N","N"
6818004,"N","Y","Injury (Complaint of Pain)","N",2015,13.25,"Winter","N","N","W","Y","N","Y","N","N","N","N","N","Daylight","Broadside","Pedestrian Violation","Other Motor Vehicle","N","N","N","N"
6818423,"N","Y","Injury (Complaint of Pain)","N",2015,9.66666666666667,"Winter","N","N","Tu","N","Y","N","Y","N","N","N","N","Daylight","Sideswipe","Wrong Side of Road","Other Motor Vehicle","N","N","N","N"
6819188,"N","Y","Injury (Other Visible)","N",2015,17.5833333333333,"Winter","PM","N","W","Y","N","Y","N","N","N","N","N","Dusk or Dawn","Sideswipe","Pedestrian Violation","Other Motor Vehicle","N","N","N","N"
6819209,"N","Y","PDO (property damage only)","N",2015,16.4166666666667,"Winter","PM","N","Th","Y","N","Y","N","N","N","N","N","Daylight","Broadside","Pedestrian Violation","Other Motor Vehicle","N","N","N","N"
6820182,"N","Y","Injury (Complaint of Pain)","N",2015,7,"Winter","AM","N","M","N","Y","Y","N","N","N","N","N","Daylight","Sideswipe","Automobile Right of Way","Other Motor Vehicle","N","N","N","N"
6820209,"N","N","Fatal","Y",2015,14.8333333333333,"Winter","N","N","F","N","Y","Y","N","N","N","N","N","Daylight","Sideswipe","Automobile Right of Way","Other Motor Vehicle","N","N","N","N"
6820484,"N","Y","Injury (Complaint of Pain)","N",2015,9.16666666666667,"Winter","N","N","W","N","N","Y","N","N","N","N","N","Daylight","Broadside","Lights","Motor Vehicle on Other Roadway","N","N","N","N"
6820735,"N","Y","Injury (Complaint of Pain)","N",2015,12.1666666666667,"Winter","N","N","M","Y","N","Y","N","N","N","N","N","Daylight","Broadside","Lights","Other Motor Vehicle","N","N","N","N"
6820883,"N","Y","Injury (Complaint of Pain)","N",2015,10.75,"Winter","N","N","Su","Y","N","Y","N","N","N","N","N","Daylight","Broadside","Pedestrian Right of Way","Other Motor Vehicle","N","N","N","N"
6821409,"N","Y","Injury (Other Visible)","N",2015,18.5833333333333,"Winter","PM","N","M","Y","N","Y","N","N","N","N","N","Dark - Street Lights","Broadside","Pedestrian Violation","Other Motor Vehicle","N","N","N","N"
6821423,"N","Y","Injury (Complaint of Pain)","N",2015,11.6666666666667,"Winter","N","N","Tu","Y","N","Y","N","N","N","N","N","Daylight","Broadside","Pedestrian Violation","Other Motor Vehicle","N","N","N","N"
6821425,"N","Y","Injury (Other Visible)","N",2015,7.83333333333333,"Winter","AM","N","M","Y","N","Y","N","N","N","N","N","Daylight","Broadside","Lights","Other Motor Vehicle","N","N","N","N"
6821476,"N","Y","PDO (property damage only)","N",2015,9.66666666666667,"Winter","N","N","M","N","N","Y","N","N","N","N","N","Daylight","Hit Object","Wrong Side of Road","Fixed Object","N","N","N","N"
6822144,"N","Y","Injury (Complaint of Pain)","N",2015,17,"Winter","N","N","Su","Y","N","Y","N","N","N","N","N","Dusk or Dawn","Head-On","Pedestrian Violation","Other Motor Vehicle","N","N","N","N"
6822229,"N","Y","Injury (Other Visible)","N",2015,11.5,"Winter","N","N","Sa","N","N","Y","N","N","N","N","N","Daylight","Broadside","Unsafe Lane Change","Other Motor Vehicle","N","N","N","N"
6823050,"N","Y","Injury (Other Visible)","N",2015,8.66666666666667,"Winter","AM","N","W","N","N","Y","N","N","N","N","N","Daylight","Broadside","Pedestrian Violation","Other Motor Vehicle","N","N","N","N"
6823106,"N","Y","Injury (Complaint of Pain)","N",2015,12.8333333333333,"Winter","N","N","Sa","Y","N","N","Y","N","N","N","N","Daylight","Broadside","Pedestrian Violation","Other Motor Vehicle","N","N","N","N"
6823361,"N","Y","PDO (property damage only)","N",2015,10.1666666666667,"Winter","N","N","Th","N","Y","Y","N","N","N","N","N","Daylight","Rear End","Wrong Side of Road","Other Motor Vehicle","N","N","N","N"
6823370,"N","Y","PDO (property damage only)","N",2015,8.5,"Winter","AM","N","Tu","N","Y","N","Y","N","N","N","N","Daylight","Sideswipe","Automobile Right of Way","Other Motor Vehicle","N","N","N","N"
6823386,"N","N","Injury (Complaint of Pain)","N",2015,8.41666666666667,"Winter","AM","N","Tu","N","Y","Y","N","N","N","N","N","Daylight","Sideswipe","Wrong Side of Road","Other Motor Vehicle","N","N","N","N"
6823394,"N","Y","PDO (property damage only)","N",2015,9.83333333333333,"Winter","N","N","W","N","Y","Y","N","N","N","N","N","Daylight","Rear End","Wrong Side of Road","Other Motor Vehicle","N","N","N","N"
6823401,"N","Y","Injury (Complaint of Pain)","N",2015,10,"Winter","N","N","F","N","Y","Y","N","N","N","N","Y","Daylight","Overturned","Code 20","Non-Collision","N","N","N","N"
6823405,"N","Y","Injury (Complaint of Pain)","N",2015,10.75,"Winter","N","N","Su","N","Y","Y","N","N","N","N","N","Daylight","Sideswipe","Automobile Right of Way","Other Motor Vehicle","N","N","N","N"
6823422,"N","N","PDO (property damage only)","N",2015,18,"Winter","PM","N","M","Y","N","N","N","Y","N","Y","N","Dark - Street Lights","Head-On","Pedestrian Violation","Other Motor Vehicle","N","N","N","N"
6823568,"N","Y","Injury (Complaint of Pain)","N",2015,13.25,"Winter","N","N","Tu","N","N","Y","N","N","N","N","N","Daylight","Other","Wrong Side of Road","Other Object","N","N","N","N"
6824047,"N","N","Fatal","Y",2015,17.8333333333333,"Winter","PM","N","M","N","Y","N","N","Y","N","Y","N","Dark - Street Lights","Overturned","Pedestrian Right of Way","Non-Collision","N","N","N","N"
6824071,"N","N","Fatal","Y",2015,14.5,"Winter","N","N","Sa","N","N","Y","N","N","N","N","N","Daylight","Sideswipe","Automobile Right of Way","Other Motor Vehicle","N","N","N","N"
6824301,"N","Y","Injury (Other Visible)","N",2015,15.25,"Winter","PM","N","F","Y","N","Y","N","N","N","N","N","Daylight","Other","Code 19","Fixed Object","N","N","N","N"
6824302,"N","Y","Injury (Complaint of Pain)","N",2015,15,"Winter","PM","N","Tu","Y","N","Y","N","N","N","N","N","Daylight","Broadside","Pedestrian Violation","Other Motor Vehicle","N","N","N","N"
6824303,"N","Y","PDO (property damage only)","N",2015,21.6666666666667,"Winter","N","N","M","N","N","Y","N","N","N","N","N","Dark - Street Lights","Broadside","Pedestrian Violation","Other Motor Vehicle","N","N","N","N"
6824306,"N","Y","Injury (Complaint of Pain)","N",2015,17.8333333333333,"Winter","PM","N","Th","Y","N","Y","N","N","N","N","N","Dark - Street Lights","Broadside","Pedestrian Violation","Other Motor Vehicle","N","N","N","N"
6824323,"N","Y","Injury (Complaint of Pain)","N",2015,15.25,"Winter","PM","N","M","N","N","Y","N","N","N","N","N","Daylight","Overturned","Wrong Side of Road","Fixed Object","N","N","N","N"
6824335,"N","Y","Injury (Complaint of Pain)","N",2015,8.91666666666667,"Winter","AM","N","F","N","N","Y","N","N","N","N","N","Daylight","Head-On","Pedestrian Violation","Other Motor Vehicle","N","N","N","N"
6824384,"N","Y","PDO (property damage only)","N",2015,22.3333333333333,"Winter","N","N","Th","N","N","Y","N","N","N","N","N","Dark - Street Lights","Other","Unsafe Starting or Backing","Other Motor Vehicle","N","N","N","N"
6824388,"N","Y","Injury (Complaint of Pain)","N",2015,23.5833333333333,"Winter","N","Y","Th","N","N","Y","N","N","N","N","N","Dark - Street Lights","Hit Object","Pedestrian Right of Way","Fixed Object","N","N","N","N"
6824396,"N","Y","Injury (Complaint of Pain)","N",2015,20.5,"Winter","N","N","Sa","N","N","Y","N","N","N","N","N","Dark - Street Lights","Sideswipe","Automobile Right of Way","Other Motor Vehicle","N","N","N","N"
6824400,"N","Y","Injury (Complaint of Pain)","N",2015,12.3333333333333,"Winter","N","N","Tu","N","N","Y","N","N","N","N","N","Daylight","Broadside","Pedestrian Violation","Other Motor Vehicle","N","N","N","N"
6824619,"N","N","PDO (property damage only)","N",2015,15.0166666666667,"Winter","PM","N","M","N","N","Y","N","N","N","N","N","Daylight","Rear End","Unsafe Speed","Other Motor Vehicle","Y","N","N","N"
6824620,"N","N","PDO (property damage only)","N",2015,15,"Winter","PM","N","M","Y","N","Y","N","N","N","N","N","Daylight","Broadside","Unsafe Speed","Other Motor Vehicle","Y","N","N","N"
6825457,"N","N","Fatal","Y",2015,21.25,"Winter","N","N","W","N","N","Y","N","N","N","N","N","Dark - Street Lights","Rear End","Wrong Side of Road","Parked Motor Vehicle","N","N","N","N"
6829214,"N","Y","Injury (Other Visible)","N",2015,13.1666666666667,"Winter","N","N","Tu","Y","N","Y","N","N","N","N","N","Daylight","Broadside","Pedestrian Violation","Other Motor Vehicle","N","N","N","N"
6829216,"N","Y","Injury (Complaint of Pain)","N",2015,12.6666666666667,"Winter","N","N","M","N","N","Y","N","N","N","N","N","Daylight","Rear End","Pedestrian Violation","Other Motor Vehicle","N","N","N","N"
6829217,"N","Y","Injury (Complaint of Pain)","N",2015,19.3333333333333,"Winter","N","N","F","N","N","Y","N","N","N","N","N","Dark - Street Lights","Broadside","Pedestrian Violation","Other Motor Vehicle","N","N","N","N"
6829221,"N","Y","Injury (Complaint of Pain)","N",2015,6.5,"Winter","N","N","Tu","N","N","Y","N","N","N","N","N","Daylight","Other","Pedestrian Right of Way","Other Motor Vehicle","N","N","N","N"
6829225,"N","Y","Injury (Complaint of Pain)","N",2015,20.0833333333333,"Winter","N","N","Tu","N","N","Y","N","N","N","N","N","Dark - Street Lights","Sideswipe","Automobile Right of Way","Other Motor Vehicle","N","N","N","N"
6829230,"N","Y","PDO (property damage only)","N",2015,15.75,"Winter","PM","N","M","N","N","Y","N","N","N","N","N","Daylight","Rear End","Wrong Side of Road","Other Motor Vehicle","N","N","N","N"
6829235,"N","Y","Injury (Complaint of Pain)","N",2015,12.5,"Winter","N","N","M","N","N","Y","N","N","N","N","N","Daylight","Broadside","Pedestrian Violation","Other Motor Vehicle","N","N","N","N"
6829237,"N","Y","Injury (Complaint of Pain)","N",2015,9.83333333333333,"Winter","N","N","Tu","Y","N","Y","N","N","N","N","N","Daylight","Rear End","Automobile Right of Way","Other Motor Vehicle","N","N","N","N"
6829260,"N","Y","PDO (property damage only)","N",2015,18.4,"Winter","PM","N","W","Y","N","Y","N","N","N","N","N","Dark - Street Lights","Broadside","Pedestrian Violation","Other Motor Vehicle","N","N","N","N"
6829275,"N","Y","Injury (Complaint of Pain)","N",2015,19.5,"Winter","N","N","W","Y","N","Y","N","N","N","N","N","Dark - Street Lights","Other","Lights","Fixed Object","N","N","N","N"
6829308,"N","Y","Injury (Complaint of Pain)","N",2015,12.8333333333333,"Winter","N","N","Tu","N","N","Y","N","N","N","N","N","Daylight","Broadside","Pedestrian Violation","Other Motor Vehicle","N","Y","N","N"
6829316,"N","Y","PDO (property damage only)","N",2015,8.16666666666667,"Winter","AM","N","Tu","Y","N","Y","N","N","N","N","N","Daylight","Broadside","Pedestrian Violation","Other Motor Vehicle","N","N","N","N"
6832113,"N","Y","PDO (property damage only)","N",2015,20.6666666666667,"Winter","N","N","F","N","N","Y","N","N","N","N","N","Dark - Street Lights","Sideswipe","Automobile Right of Way","Other Motor Vehicle","N","N","N","N"
6832133,"N","Y","PDO (property damage only)","N",2015,22,"Winter","N","N","W","N","N","Y","N","N","N","N","N","Dark - Street Lights","Sideswipe","Automobile Right of Way","Other Motor Vehicle","N","N","N","N"
6832153,"N","Y","PDO (property damage only)","N",2015,22.75,"Winter","N","N","W","N","N","Y","N","N","N","N","N","Dark - No Street Lights","Overturned","Wrong Side of Road","Other Object","N","N","N","N"