"CASE_ID","mc_killed","mc_injured","collision_severity","severe","accident_year","hours_since_midnight","season","rush_hour","late_night","day_of_week","intersection","state_hwy_ind","w_clear","w_cloudy","w_rainy","w_other","road_not_dry","road_condition_issue","lighting","type_of_collision","pcf_viol_category","mviw","alcohol_involved","truck_accident","pedestrian_accident","bicycle_accident"
6978814,"N","N","PDO (property damage only)","N",2015,0.916666666666667,"Summer","N","Y","W","N","N","Y","N","N","N","N","N","Dark - Street Lights","Sideswipe","Impeding Traffic","Parked Motor Vehicle","N","N","N","N"
6978826,"N","Y","PDO (property damage only)","N",2015,13.5,"Summer","N","N","M","N","N","Y","N","N","N","N","N","Daylight","Rear End","Impeding Traffic","Other Motor Vehicle","N","N","N","N"
6979334,"N","N","Fatal","Y",2015,6.75,"Summer","N","N","Sa","N","N","Y","N","N","N","N","N","Daylight","Rear End","Wrong Side of Road","Parked Motor Vehicle","N","N","N","N"
6979701,"N","Y","PDO (property damage only)","N",2015,12.6666666666667,"Summer","N","N","Sa","N","N","Y","N","N","N","N","N","Daylight","Rear End","Improper Passing","Other Motor Vehicle","N","N","N","N"
6979977,"N","Y","PDO (property damage only)","N",2015,23,"Spring","N","Y","Sa","N","N","Y","N","N","N","N","N","Dark - Street Lights","Other","Impeding Traffic","Other Motor Vehicle","N","N","N","N"
6980749,"N","Y","Injury (Complaint of Pain)","N",2015,12.05,"Spring","N","N","M","N","Y","Y","N","N","N","N","N","Daylight","Rear End","Wrong Side of Road","Other Motor Vehicle","N","N","N","N"
6981405,"N","Y","PDO (property damage only)","N",2015,13,"Summer","N","N","W","Y","N","Y","N","N","N","N","N","Daylight","Broadside","Lights","Other Motor Vehicle","N","N","N","N"
6982190,"N","Y","PDO (property damage only)","N",2015,5.58333333333333,"Summer","N","N","M","N","N","N","Y","N","N","N","N","Daylight","Sideswipe","Automobile Right of Way","Other Motor Vehicle","N","N","N","N"
6982486,"N","Y","Injury (Complaint of Pain)","N",2015,19.3333333333333,"Summer","N","N","Th","Y","N","Y","N","N","N","N","N","Daylight","Rear End","Pedestrian Violation","Other Motor Vehicle","N","N","N","N"
6982496,"N","Y","Injury (Other Visible)","N",2015,20.0833333333333,"Summer","N","N","F","N","N","Y","N","N","N","N","N","Daylight","Broadside","Pedestrian Violation","Other Motor Vehicle","N","N","N","N"
6982510,"N","N","PDO (property damage only)","N",2015,12.6666666666667,"Summer","N","N","Tu","N","N","Y","N","N","N","N","N","Daylight","Rear End","Wrong Side of Road","Other Motor Vehicle","N","N","N","N"
6982521,"N","Y","Injury (Complaint of Pain)","N",2015,1.66666666666667,"Summer","N","Y","Su","N","N","Y","N","N","N","N","N","Dark - Street Lights","Sideswipe","Automobile Right of Way","Other Motor Vehicle","N","N","N","N"
6982612,"N","Y","PDO (property damage only)","N",2015,17.5,"Summer","PM","N","Th","Y","N","Y","N","N","N","N","N","Daylight","Broadside","Pedestrian Violation","Other Motor Vehicle","N","N","N","N"
6982617,"N","Y","Injury (Complaint of Pain)","N",2015,22.5833333333333,"Summer","N","N","F","Y","N","Y","N","N","N","N","N","Dark - Street Lights","Sideswipe","Automobile Right of Way","Other Motor Vehicle","N","N","N","N"
6982619,"Y","N","Injury (Severe)","Y",2015,22.75,"Summer","N","N","W","Y","N","Y","N","N","N","N","N","Dark - Street Lights","Broadside","Pedestrian Violation","Other Motor Vehicle","N","N","N","N"
6982631,"N","Y","PDO (property damage only)","N",2015,20.8333333333333,"Summer","N","N","W","Y","N","Y","N","N","N","N","N","Dark - Street Lights","Broadside","Pedestrian Violation","Other Motor Vehicle","N","N","N","N"
6982801,"N","Y","PDO (property damage only)","N",2015,21.6666666666667,"Summer","N","N","W","N","N","Y","N","N","N","N","N","Dark - Street Lights","Rear End","Wrong Side of Road","Other Motor Vehicle","N","N","N","N"
6982822,"N","Y","PDO (property damage only)","N",2015,10.5,"Summer","N","N","F","N","N","Y","N","N","N","N","N","Daylight","Rear End","Unsafe Starting or Backing","Other Motor Vehicle","N","N","N","N"
6982839,"N","Y","PDO (property damage only)","N",2015,20.4166666666667,"Summer","N","N","Sa","Y","N","Y","N","N","N","N","N","Dark - Street Lights","Other","Pedestrian Violation","Fixed Object","N","N","N","N"
6982992,"N","N","Fatal","Y",2015,18,"Summer","PM","N","Tu","N","N","Y","N","N","N","N","N","Dark - Street Lights","Broadside","Wrong Side of Road","Parked Motor Vehicle","N","N","N","N"
6984367,"N","Y","Injury (Complaint of Pain)","N",2015,18.5833333333333,"Spring","N","N","Sa","N","Y","Y","N","N","N","N","N","Daylight","Rear End","Wrong Side of Road","Other Motor Vehicle","N","N","N","N"
6988117,"N","Y","Injury (Complaint of Pain)","N",2015,7.41666666666667,"Summer","AM","N","Th","N","Y","Y","N","N","N","N","N","Daylight","Rear End","Wrong Side of Road","Other Motor Vehicle","N","N","N","N"
6988126,"N","Y","PDO (property damage only)","N",2015,16.25,"Summer","PM","N","M","N","Y","Y","N","N","N","N","N","Daylight","Sideswipe","Automobile Right of Way","Other Motor Vehicle","N","N","N","N"
6988191,"N","Y","PDO (property damage only)","N",2015,10.5833333333333,"Summer","N","N","Tu","Y","N","Y","N","N","N","N","N","Daylight","Head-On","Pedestrian Right of Way","Other Motor Vehicle","N","N","N","N"
6988315,"N","N","Fatal","Y",2015,1.5,"Summer","N","Y","Th","N","N","Y","N","N","N","N","N","Dark - Street Lights","Sideswipe","Wrong Side of Road","Parked Motor Vehicle","N","N","N","N"
6988319,"N","N","Fatal","Y",2015,1.58333333333333,"Summer","N","Y","Th","N","N","Y","N","N","N","N","N","Dark - Street Lights","Broadside","Pedestrian Right of Way","Parked Motor Vehicle","N","N","N","N"
6988336,"N","N","Fatal","Y",2015,10.3333333333333,"Summer","N","N","F","N","N","Y","N","N","N","N","N","Daylight","Sideswipe","Improper Turning","Parked Motor Vehicle","N","N","N","N"
6988511,"N","Y","PDO (property damage only)","N",2015,22,"Summer","N","N","W","N","N","Y","N","N","N","N","N","Dark - Street Lights","Rear End","Wrong Side of Road","Other Motor Vehicle","N","N","N","N"
6988515,"N","Y","Injury (Complaint of Pain)","N",2015,19.0833333333333,"Summer","N","N","W","N","Y","Y","N","N","N","N","N","Daylight","Broadside","Pedestrian Violation","Other Motor Vehicle","N","N","N","N"
6988732,"N","Y","Injury (Complaint of Pain)","N",2015,10,"Spring","N","N","W","N","N","Y","N","N","N","N","N","Daylight","Sideswipe","Pedestrian Violation","Other Motor Vehicle","N","N","N","N"
6988768,"N","Y","Injury (Complaint of Pain)","N",2015,15.0833333333333,"Spring","PM","N","F","N","N","Y","N","N","N","N","Y","Daylight","Other","Wrong Side of Road","Other Object","N","N","N","N"
6988779,"N","Y","Injury (Complaint of Pain)","N",2015,14.5,"Spring","N","N","F","N","N","Y","N","N","N","N","N","Daylight","Sideswipe","Automobile Right of Way","Other Motor Vehicle","N","N","N","N"
6988799,"N","Y","PDO (property damage only)","N",2015,18.4166666666667,"Spring","PM","N","W","N","N","Y","N","N","N","N","N","Daylight","Broadside","Pedestrian Violation","Other Motor Vehicle","N","N","N","N"
6988895,"N","N","Fatal","Y",2015,14.5,"Summer","N","N","Sa","N","N","Y","N","N","N","N","N","Daylight","Sideswipe","Wrong Side of Road","Parked Motor Vehicle","N","N","N","N"
6989097,"N","N","Fatal","Y",2015,9.58333333333333,"Spring","N","N","Tu","N","Y","Y","N","N","N","N","N","Daylight","Sideswipe","Pedestrian Right of Way","Other Motor Vehicle","N","N","N","N"
6989105,"N","N","Fatal","Y",2015,7,"Spring","AM","N","W","N","Y","Y","N","N","N","N","N","Daylight","Sideswipe","Pedestrian Right of Way","Other Motor Vehicle","N","N","N","N"
6989616,"N","Y","Injury (Complaint of Pain)","N",2015,21.3333333333333,"Summer","N","N","W","Y","N","Y","N","N","N","N","N","Dark - Street Lights","Broadside","Wrong Side of Road","Other Motor Vehicle","N","N","N","N"
6990611,"N","N","Injury (Complaint of Pain)","N",2015,7.5,"Summer","N","N","Su","N","N","Y","N","N","N","N","N","Daylight","Head-On","Unsafe Speed","Parked Motor Vehicle","N","N","N","N"
6990775,"N","Y","Injury (Complaint of Pain)","N",2015,10.3333333333333,"Summer","N","N","Th","N","N","Y","N","N","N","N","N","Daylight","Broadside","Pedestrian Right of Way","Other Motor Vehicle","N","N","N","N"
6990905,"N","Y","Injury (Other Visible)","N",2015,8,"Summer","AM","N","Tu","Y","N","Y","N","N","N","N","N","Daylight","Broadside","Pedestrian Violation","Other Motor Vehicle","N","N","N","N"
6991175,"N","N","Fatal","Y",2015,17.6666666666667,"Summer","PM","N","M","N","N","Y","N","N","N","N","N","Daylight","Sideswipe","Automobile Right of Way","Other Motor Vehicle","N","N","N","N"
6991864,"N","Y","Injury (Complaint of Pain)","N",2015,22.8333333333333,"Summer","N","N","Th","N","N","Y","N","N","N","N","N","Dark - Street Lights","Rear End","Unsafe Speed","Other Motor Vehicle","Y","N","N","N"
6991868,"N","Y","Injury (Complaint of Pain)","N",2015,20.8333333333333,"Summer","N","N","Th","N","N","Y","N","N","N","N","N","Dark - Street Lights","Other","Wrong Side of Road","Other Object","N","N","N","N"
6991876,"N","Y","Injury (Complaint of Pain)","N",2015,8.16666666666667,"Summer","AM","N","Tu","N","N","Y","N","N","N","N","N","Daylight","Broadside","Improper Turning","Other Motor Vehicle","N","N","N","N"
6991888,"N","Y","Injury (Complaint of Pain)","N",2015,8.08333333333333,"Summer","AM","N","Tu","N","N","Y","N","N","N","N","N","Daylight","Rear End","Wrong Side of Road","Other Motor Vehicle","N","N","N","N"
6991890,"N","N","PDO (property damage only)","N",2015,15.6666666666667,"Summer","PM","N","W","N","N","N","Y","N","N","N","N","Daylight","Rear End","Wrong Side of Road","Other Motor Vehicle","N","N","N","N"
6991913,"N","Y","Injury (Complaint of Pain)","N",2015,12,"Summer","N","N","Sa","N","N","Y","N","N","N","N","N","Daylight","Sideswipe","Automobile Right of Way","Other Motor Vehicle","N","N","N","N"
6992123,"N","Y","PDO (property damage only)","N",2015,16.6666666666667,"Spring","PM","N","Th","Y","N","Y","N","N","N","N","N","Daylight","Sideswipe","Automobile Right of Way","Other Motor Vehicle","N","N","N","N"
6992142,"N","Y","Injury (Complaint of Pain)","N",2015,17.9166666666667,"Summer","PM","N","W","Y","N","Y","N","N","N","N","N","Daylight","Broadside","Impeding Traffic","Other Motor Vehicle","N","N","N","N"
6992787,"N","Y","Injury (Complaint of Pain)","N",2015,17.9166666666667,"Summer","PM","N","W","Y","N","Y","N","N","N","N","N","Daylight","Broadside","Pedestrian Violation","Other Motor Vehicle","N","N","N","N"
6992812,"N","Y","PDO (property damage only)","N",2015,18.3333333333333,"Summer","PM","N","Th","N","Y","Y","N","N","N","N","N","Daylight","Rear End","Wrong Side of Road","Other Motor Vehicle","N","Y","N","N"
6993137,"N","Y","Injury (Complaint of Pain)","N",2015,14.25,"Summer","N","N","F","N","Y","Y","N","N","N","N","N","Daylight","Hit Object","Wrong Side of Road","Fixed Object","N","N","N","N"
6993671,"N","Y","Injury (Complaint of Pain)","N",2015,21.4166666666667,"Summer","N","N","F","Y","N","Y","N","N","N","N","N","Dark - Street Lights","Broadside","Pedestrian Violation","Other Motor Vehicle","N","N","N","N"
6993949,"N","Y","PDO (property damage only)","N",2015,7.91666666666667,"Summer","AM","N","Tu","N","Y","Y","N","N","N","N","N","Daylight","Sideswipe","Automobile Right of Way","Other Motor Vehicle","N","N","N","N"
6993954,"N","Y","Injury (Complaint of Pain)","N",2015,17.5,"Summer","PM","N","Th","N","N","Y","N","N","N","N","N","Daylight","Sideswipe","Wrong Side of Road","Fixed Object","N","N","N","N"
6993970,"N","Y","Injury (Complaint of Pain)","N",2015,19.8333333333333,"Spring","N","N","Sa","N","N","Y","N","N","N","N","N","Daylight","Sideswipe","Improper Turning","Other Motor Vehicle","N","N","N","N"
6994039,"N","Y","Injury (Complaint of Pain)","N",2015,16.0833333333333,"Winter","PM","N","Tu","N","Y","Y","N","N","N","N","N","Daylight","Rear End","Automobile Right of Way","Other Motor Vehicle","N","N","N","N"
6994924,"N","Y","PDO (property damage only)","N",2015,13.3333333333333,"Summer","N","N","Tu","N","N","Y","N","N","N","N","N","Daylight","Hit Object","Wrong Side of Road","Fixed Object","N","N","N","N"
6994925,"N","Y","Injury (Complaint of Pain)","N",2015,17.3333333333333,"Summer","PM","N","W","N","N","Y","N","N","N","N","N","Daylight","Sideswipe","Pedestrian Right of Way","Other Motor Vehicle","N","N","N","N"
6994990,"N","Y","Injury (Complaint of Pain)","N",2015,15.4666666666667,"Winter","N","N","Su","N","Y","Y","N","N","N","N","N","Daylight","Rear End","Automobile Right of Way","Other Motor Vehicle","N","N","N","N"
6995625,"N","Y","PDO (property damage only)","N",2015,17.75,"Spring","N","N","Sa","N","N","Y","N","N","N","N","N","Daylight","Broadside","Pedestrian Violation","Other Motor Vehicle","N","N","N","N"
6995688,"N","Y","Injury (Complaint of Pain)","N",2015,5.5,"Spring","N","N","Th","Y","N","Y","N","N","N","N","N","Daylight","Broadside","Lights","Other Motor Vehicle","N","N","N","N"
6995698,"N","Y","Injury (Complaint of Pain)","N",2015,6.25,"Summer","N","N","M","N","N","Y","N","N","N","N","N","Daylight","Other","Wrong Side of Road","Non-Collision","N","N","N","N"
6995714,"N","Y","Injury (Complaint of Pain)","N",2015,9.83333333333333,"Summer","N","N","Su","Y","N","Y","N","N","N","N","Y","Daylight","Broadside","Pedestrian Violation","Other Motor Vehicle","N","N","N","N"
6995718,"N","N","Injury (Complaint of Pain)","N",2015,13.75,"Summer","N","N","Sa","N","N","Y","N","N","N","N","N","Daylight","Sideswipe","Impeding Traffic","Other Motor Vehicle","N","N","N","N"
6995719,"N","Y","Injury (Complaint of Pain)","N",2015,1.16666666666667,"Summer","N","Y","Tu","Y","Y","Y","N","N","N","N","N","Dark - Street Lights","Broadside","Pedestrian Violation","Other Motor Vehicle","N","N","N","N"
6995769,"N","Y","Injury (Complaint of Pain)","N",2015,19.0833333333333,"Summer","N","N","Th","N","N","Y","N","N","N","N","N","Daylight","Rear End","Pedestrian Right of Way","Other Motor Vehicle","N","N","N","N"
6995776,"N","Y","Injury (Complaint of Pain)","N",2015,15.9166666666667,"Summer","N","N","Su","Y","N","N","N","Y","N","Y","N","Daylight","Sideswipe","Pedestrian Violation","Other Motor Vehicle","N","N","N","N"
6995851,"N","Y","PDO (property damage only)","N",2015,14.5,"Summer","N","N","Su","N","Y","Y","N","N","N","N","N","Daylight","Rear End","Wrong Side of Road","Other Motor Vehicle","N","N","N","N"
6995886,"N","Y","PDO (property damage only)","N",2015,17.6666666666667,"Summer","N","N","Su","Y","N","Y","N","N","N","N","N","Daylight","Broadside","Pedestrian Right of Way","Other Motor Vehicle","Y","N","N","N"
6995898,"N","Y","PDO (property damage only)","N",2015,13.0833333333333,"Summer","N","N","F","Y","N","Y","N","N","N","N","N","Daylight","Broadside","Lights","Other Motor Vehicle","N","N","N","N"
6995906,"N","Y","Injury (Complaint of Pain)","N",2015,12.75,"Summer","N","N","Th","N","N","Y","N","N","N","N","N","Daylight","Sideswipe","Automobile Right of Way","Other Motor Vehicle","N","N","N","N"
6995911,"N","Y","Injury (Complaint of Pain)","N",2015,9.91666666666667,"Summer","N","N","Sa","N","N","Y","N","N","N","N","N","Daylight","Rear End","Impeding Traffic","Other Motor Vehicle","N","N","N","N"
6995917,"N","Y","Injury (Complaint of Pain)","N",2015,18.9166666666667,"Summer","PM","N","Th","N","N","Y","N","N","N","N","N","Daylight","Sideswipe","Pedestrian Violation","Other Motor Vehicle","N","N","N","N"
6996101,"N","Y","Injury (Complaint of Pain)","N",2015,10.9166666666667,"Summer","N","N","Tu","N","N","Y","N","N","N","N","Y","Daylight","Other","Wrong Side of Road","Other Object","N","N","N","N"
6996125,"N","Y","Injury (Complaint of Pain)","N",2015,17,"Summer","PM","N","M","Y","N","Y","N","N","N","N","N","Daylight","Sideswipe","Pedestrian Right of Way","Other Motor Vehicle","N","N","N","N"
6996338,"N","N","Fatal","Y",2015,23.5,"Summer","N","Y","Su","N","N","Y","N","N","N","N","N","Dark - Street Lights","Rear End","Wrong Side of Road","Parked Motor Vehicle","N","N","N","N"
6996604,"N","Y","Injury (Complaint of Pain)","N",2015,15.4166666666667,"Winter","PM","N","W","N","Y","Y","N","N","N","N","N","Daylight","Overturned","Code 20","Non-Collision","N","N","N","N"
6996704,"N","Y","Injury (Complaint of Pain)","N",2015,20.0833333333333,"Winter","N","N","W","N","Y","Y","N","N","N","N","N","Dark - No Street Lights","Overturned","Wrong Side of Road","Non-Collision","Y","N","N","N"
6996737,"N","Y","Injury (Other Visible)","N",2015,15,"Winter","PM","N","M","N","Y","Y","N","N","N","N","N","Daylight","Broadside","Automobile Right of Way","Other Motor Vehicle","N","N","N","N"
6996761,"N","Y","Injury (Complaint of Pain)","N",2015,13.3333333333333,"Winter","N","N","Tu","N","Y","Y","N","N","N","N","N","Daylight","Rear End","Automobile Right of Way","Motor Vehicle on Other Roadway","N","N","N","N"
6996797,"N","Y","Injury (Complaint of Pain)","N",2015,16,"Winter","N","N","Su","N","Y","Y","N","N","N","N","N","Daylight","Rear End","Automobile Right of Way","Other Motor Vehicle","N","N","N","N"
6996832,"N","Y","Injury (Complaint of Pain)","N",2015,17.05,"Winter","PM","N","F","N","Y","Y","N","N","N","N","N","Dusk or Dawn","Rear End","Wrong Side of Road","Other Motor Vehicle","Y","N","N","N"
6997119,"N","Y","Injury (Complaint of Pain)","N",2015,12.1666666666667,"Spring","N","N","Sa","N","N","Y","N","N","N","N","N","Daylight","Other","Automobile Right of Way","Other Motor Vehicle","N","N","N","N"
6997168,"N","Y","PDO (property damage only)","N",2015,6.75,"Winter","N","N","Th","N","Y","N","Y","N","N","N","N","Daylight","Sideswipe","Pedestrian Right of Way","Other Motor Vehicle","N","N","N","N"
6997781,"N","Y","Injury (Complaint of Pain)","N",2015,6.25,"Summer","N","N","F","N","N","Y","N","N","N","N","N","Daylight","Broadside","Pedestrian Violation","Other Motor Vehicle","N","N","N","N"
6997784,"N","Y","Injury (Complaint of Pain)","N",2015,11.4166666666667,"Summer","N","N","W","Y","N","N","Y","N","N","N","N","Daylight","Broadside","Pedestrian Violation","Other Motor Vehicle","N","N","N","N"
6997785,"N","Y","Injury (Other Visible)","N",2015,16.4166666666667,"Summer","PM","N","F","N","N","Y","N","N","N","N","N","Daylight","Rear End","Wrong Side of Road","Other Motor Vehicle","N","N","N","N"
6998293,"N","Y","Injury (Other Visible)","N",2015,0.583333333333333,"Summer","N","Y","Tu","Y","Y","Y","N","N","N","N","N","Dark - Street Lights","Broadside","Pedestrian Violation","Other Motor Vehicle","N","N","N","N"
6998300,"N","Y","Injury (Complaint of Pain)","N",2015,2.58333333333333,"Winter","N","Y","W","Y","N","Y","N","N","N","N","N","Dark - Street Lights","Head-On","Unsafe Speed","Fixed Object","Y","N","N","N"
6998594,"N","Y","Injury (Complaint of Pain)","N",2015,8.25,"Summer","AM","N","F","Y","Y","Y","N","N","N","N","N","Daylight","Broadside","Pedestrian Right of Way","Other Motor Vehicle","N","Y","N","N"
6998831,"N","N","Injury (Complaint of Pain)","N",2015,15.75,"Winter","N","N","Su","N","N","N","Y","N","N","N","N","Daylight","Rear End","Wrong Side of Road","Parked Motor Vehicle","N","N","N","N"
6999221,"N","Y","Injury (Other Visible)","N",2015,9.91666666666667,"Spring","N","N","M","N","Y","Y","N","N","N","N","N","Daylight","Rear End","Automobile Right of Way","Other Motor Vehicle","N","N","N","N"
6999699,"N","N","Fatal","Y",2015,10.55,"Summer","N","N","Th","N","Y","Y","N","N","N","N","N","Daylight","Sideswipe","Wrong Side of Road","Other Motor Vehicle","N","N","N","N"
6999925,"N","Y","Injury (Complaint of Pain)","N",2015,13.8333333333333,"Spring","N","N","Tu","N","Y","N","Y","N","N","N","N","Daylight","Rear End","Impeding Traffic","Other Motor Vehicle","N","N","N","N"
6999929,"N","Y","PDO (property damage only)","N",2015,18.4166666666667,"Summer","PM","N","Th","N","Y","Y","N","N","N","N","N","Daylight","Sideswipe","Automobile Right of Way","Other Motor Vehicle","N","N","N","N"
6999970,"N","Y","PDO (property damage only)","N",2015,14.25,"Spring","N","N","F","N","Y","Y","N","N","N","N","N","Daylight","Sideswipe","Automobile Right of Way","Other Motor Vehicle","N","N","N","N"
7000131,"N","N","PDO (property damage only)","N",2015,14.3333333333333,"Spring","N","N","Th","Y","N","Y","N","N","N","N","N","Daylight","Broadside","Pedestrian Violation","Other Motor Vehicle","N","N","N","N"
7000373,"N","N","PDO (property damage only)","N",2015,18,"Spring","N","N","Sa","N","Y","Y","N","N","N","N","N","Daylight","Rear End","Wrong Side of Road","Other Motor Vehicle","N","N","N","N"
7000428,"N","Y","Injury (Complaint of Pain)","N",2015,11.5833333333333,"Summer","N","N","M","N","N","Y","N","N","N","N","N","Daylight","Broadside","Pedestrian Violation","Other Motor Vehicle","N","N","N","N"
7000599,"N","Y","Injury (Complaint of Pain)","N",2015,12.6666666666667,"Summer","N","N","F","Y","N","Y","N","N","N","N","N","Daylight","Broadside","Pedestrian Violation","Other Motor Vehicle","N","N","N","N"
7000619,"N","Y","PDO (property damage only)","N",2015,14.3333333333333,"Summer","N","N","Sa","Y","N","Y","N","N","N","N","N","Daylight","Broadside","Pedestrian Violation","Other Motor Vehicle","N","N","N","N"
7000625,"N","Y","PDO (property damage only)","N",2015,11.9166666666667,"Summer","N","N","Sa","Y","N","Y","N","N","N","N","N","Daylight","Broadside","Pedestrian Violation","Other Motor Vehicle","N","N","N","N"
7000676,"N","Y","Injury (Complaint of Pain)","N",2015,18.25,"Summer","PM","N","M","N","N","Y","N","N","N","N","N","Daylight","Overturned","Impeding Traffic","Fixed Object","N","N","N","N"
7000714,"N","Y","Injury (Other Visible)","N",2015,7.83333333333333,"Summer","AM","N","M","N","N","Y","N","N","N","N","N","Daylight","Sideswipe","Impeding Traffic","Other Motor Vehicle","N","N","N","N"
7000767,"N","Y","PDO (property damage only)","N",2015,5.33333333333333,"Spring","N","N","M","N","N","Y","N","N","N","N","N","Dusk or Dawn","Rear End","Wrong Side of Road","Other Motor Vehicle","N","N","N","N"
7000775,"N","Y","PDO (property damage only)","N",2015,10.5833333333333,"Spring","N","N","Th","N","N","Y","N","N","N","N","N","Daylight","Sideswipe","Automobile Right of Way","Other Motor Vehicle","N","N","N","N"
7001143,"N","Y","PDO (property damage only)","N",2015,18.25,"Summer","PM","N","M","Y","N","Y","N","N","N","N","N","Daylight","Sideswipe","Lights","Other Motor Vehicle","N","N","N","N"
7001151,"N","Y","Injury (Other Visible)","N",2015,12.25,"Summer","N","N","Tu","Y","N","Y","N","N","N","N","N","Daylight","Rear End","Wrong Side of Road","Other Motor Vehicle","N","N","N","N"
7001190,"N","Y","Injury (Complaint of Pain)","N",2015,13,"Summer","N","N","Sa","Y","N","Y","N","N","N","N","N","Daylight","Broadside","Pedestrian Right of Way","Other Object","N","N","N","N"
7001838,"N","Y","Injury (Complaint of Pain)","N",2015,16.75,"Spring","PM","N","Th","N","Y","Y","N","N","N","N","N","Daylight","Rear End","Wrong Side of Road","Other Motor Vehicle","N","N","N","N"
7002133,"N","N","Injury (Complaint of Pain)","N",2015,13.6666666666667,"Summer","N","N","Sa","N","N","N","Y","N","N","N","N","Daylight","Broadside","Pedestrian Violation","Other Motor Vehicle","N","N","N","N"
7004161,"N","Y","Injury (Complaint of Pain)","N",2015,10,"Summer","N","N","Tu","N","Y","N","Y","N","N","N","N","Daylight","Rear End","Automobile Right of Way","Other Motor Vehicle","N","N","N","N"
7004802,"N","Y","Injury (Complaint of Pain)","N",2015,23.3333333333333,"Spring","N","Y","M","N","Y","Y","N","N","N","N","N","Dark - Street Lights","Hit Object","Pedestrian Right of Way","Fixed Object","N","N","N","N"
7005393,"N","Y","Injury (Complaint of Pain)","N",2015,17.1666666666667,"Summer","PM","N","Tu","N","N","Y","N","N","N","N","N","Daylight","Broadside","Pedestrian Violation","Other Motor Vehicle","N","N","N","N"
7005395,"N","Y","Injury (Complaint of Pain)","N",2015,14.75,"Summer","N","N","F","N","N","Y","N","N","N","N","N","Daylight","Sideswipe","Automobile Right of Way","Other Motor Vehicle","N","N","N","N"
7005419,"N","Y","PDO (property damage only)","N",2015,16.75,"Summer","PM","N","Tu","Y","N","Y","N","N","N","N","N","Daylight","Sideswipe","Pedestrian Violation","Other Motor Vehicle","N","N","N","N"
7005427,"N","Y","Injury (Complaint of Pain)","N",2015,21.6666666666667,"Summer","N","N","Su","N","N","Y","N","N","N","N","N","Dark - Street Lights","Broadside","Automobile Right of Way","Other Motor Vehicle","N","N","N","N"
7005430,"N","Y","Injury (Complaint of Pain)","N",2015,18.6666666666667,"Summer","N","N","Sa","N","N","Y","N","N","N","N","N","Daylight","Other","Wrong Side of Road","Other Object","N","N","N","N"
7005435,"N","N","PDO (property damage only)","N",2015,15.75,"Summer","PM","N","Th","N","N","Y","N","N","N","N","N","Daylight","Head-On","Pedestrian Violation","Other Motor Vehicle","N","N","N","N"
7005468,"N","Y","PDO (property damage only)","N",2015,21.3333333333333,"Summer","N","N","Tu","N","N","Y","N","N","N","N","N","Dark - Street Lights","Sideswipe","Automobile Right of Way","Other Motor Vehicle","N","N","N","N"
7005470,"N","Y","PDO (property damage only)","N",2015,9.25,"Summer","N","N","M","Y","N","Y","N","N","N","N","N","Daylight","Head-On","Pedestrian Violation","Other Motor Vehicle","N","N","N","N"
7005472,"N","Y","Injury (Other Visible)","N",2015,19.25,"Summer","N","N","M","N","N","Y","N","N","N","N","N","Daylight","Broadside","Improper Turning","Other Motor Vehicle","N","N","N","N"
7005475,"N","Y","Injury (Complaint of Pain)","N",2015,19,"Summer","PM","N","M","Y","N","Y","N","N","N","N","N","Daylight","Sideswipe","Pedestrian Violation","Other Motor Vehicle","N","N","N","N"
7005488,"N","Y","Injury (Other Visible)","N",2015,2.58333333333333,"Summer","N","Y","F","N","N","Y","N","N","N","N","N","Dark - Street Lights","Hit Object","Unsafe Speed","Fixed Object","Y","N","N","N"
7005995,"N","Y","PDO (property damage only)","N",2015,17,"Spring","PM","N","F","N","N","Y","N","N","N","N","N","Daylight","Broadside","Pedestrian Violation","Other Motor Vehicle","N","N","N","N"
7006028,"Y","N","Injury (Severe)","Y",2015,22.0833333333333,"Summer","N","N","F","Y","N","Y","N","N","N","N","N","Dark - Street Lights","Broadside","Lights","Other Motor Vehicle","N","N","N","N"
7006084,"Y","N","Injury (Severe)","Y",2015,17.25,"Summer","PM","N","Tu","Y","N","Y","N","N","N","N","N","Daylight","Head-On","Lights","Other Motor Vehicle","N","N","N","N"
7006123,"Y","N","Injury (Severe)","Y",2015,18.4166666666667,"Summer","PM","N","Tu","Y","N","Y","N","N","N","N","N","Daylight","Broadside","Pedestrian Violation","Other Motor Vehicle","N","N","N","N"
7006126,"Y","N","Injury (Severe)","Y",2015,10,"Summer","N","N","W","Y","N","Y","N","N","N","N","N","Daylight","Broadside","Pedestrian Violation","Other Motor Vehicle","N","N","N","N"
7006274,"Y","N","Injury (Severe)","Y",2015,20.75,"Fall","N","N","F","Y","N","Y","N","N","N","N","N","Dark - Street Lights","Broadside","Unsafe Speed","Other Motor Vehicle","Y","N","N","N"
7006302,"Y","Y","Injury (Severe)","Y",2015,8.41666666666667,"Fall","AM","N","W","N","N","Y","N","N","N","N","N","Daylight","Sideswipe","Automobile Right of Way","Other Motor Vehicle","N","Y","N","N"