"CASE_ID","mc_killed","mc_injured","collision_severity","severe","accident_year","hours_since_midnight","season","rush_hour","late_night","day_of_week","intersection","state_hwy_ind","w_clear","w_cloudy","w_rainy","w_other","road_not_dry","road_condition_issue","lighting","type_of_collision","pcf_viol_category","mviw","alcohol_involved","truck_accident","pedestrian_accident","bicycle_accident"
7006347,"Y","N","Injury (Severe)","Y",2015,18.3333333333333,"Fall","PM","N","Th","Y","N","Y","N","N","N","N","N","Dusk or Dawn","Broadside","Wrong Side of Road","Other Motor Vehicle","N","N","N","N"
7006426,"N","N","Injury (Severe)","Y",2015,0.5,"Fall","N","Y","Su","N","N","Y","N","N","N","N","N","Dark - Street Lights","Head-On","Wrong Side of Road","Other Motor Vehicle","N","N","Y","N"
7006451,"Y","N","Injury (Severe)","Y",2015,13,"Winter","N","N","Tu","Y","N","Y","N","N","N","N","N","Daylight","Broadside","Lights","Other Motor Vehicle","N","N","N","N"
7006465,"Y","Y","Injury (Severe)","Y",2015,16,"Fall","N","N","Su","N","N","Y","N","N","N","N","N","Daylight","Sideswipe","Wrong Side of Road","Other Motor Vehicle","N","N","N","N"
7006555,"Y","N","Injury (Severe)","Y",2015,9,"Fall","AM","N","W","Y","N","Y","N","N","N","N","N","Daylight","Broadside","Wrong Side of Road","Other Motor Vehicle","N","N","N","N"
7006660,"Y","N","Injury (Severe)","Y",2015,17.1666666666667,"Summer","PM","N","F","Y","N","Y","N","N","N","N","N","Daylight","Broadside","Pedestrian Violation","Other Motor Vehicle","N","N","N","N"
7006678,"Y","Y","Injury (Severe)","Y",2015,3.66666666666667,"Summer","N","Y","Sa","Y","N","Y","N","N","N","N","N","Dark - Street Lights","Head-On","Unsafe Lane Change","Other Motor Vehicle","Y","N","N","N"
7006722,"Y","N","Injury (Severe)","Y",2015,22.1666666666667,"Fall","N","N","Sa","N","N","Y","N","N","N","N","N","Dark - Street Lights","Other","Wrong Side of Road","Other Object","N","N","N","N"
7006735,"Y","N","Injury (Severe)","Y",2015,0.95,"Spring","N","Y","Sa","N","Y","N","Y","N","N","N","N","Dark - Street Lights","Hit Object","Pedestrian Right of Way","Fixed Object","N","N","N","N"
7006821,"N","N","Fatal","Y",2015,17.4166666666667,"Winter","PM","N","W","N","Y","Y","N","N","N","N","N","Dark - Street Lights","Rear End","Wrong Side of Road","Other Motor Vehicle","N","N","N","N"
7007759,"N","Y","Injury (Complaint of Pain)","N",2015,19.4166666666667,"Summer","N","N","Tu","N","N","Y","N","N","N","N","N","Daylight","Sideswipe","Pedestrian Right of Way","Other Motor Vehicle","N","N","N","N"
7008596,"N","Y","Injury (Complaint of Pain)","N",2015,17.8333333333333,"Summer","N","N","Su","N","Y","Y","N","N","N","N","N","Daylight","Overturned","Wrong Side of Road","Non-Collision","N","N","N","N"
7009430,"N","Y","Injury (Complaint of Pain)","N",2015,14.4166666666667,"Summer","N","N","M","N","N","Y","N","N","N","N","N","Daylight","Head-On","Impeding Traffic","Other Motor Vehicle","N","N","N","N"
7009458,"N","Y","PDO (property damage only)","N",2015,23.3333333333333,"Summer","N","Y","F","Y","N","Y","N","N","N","N","N","Dark - Street Lights","Broadside","Pedestrian Violation","Other Motor Vehicle","N","N","N","N"
7009602,"N","Y","Injury (Other Visible)","N",2015,9.16666666666667,"Summer","N","N","Su","N","Y","Y","N","N","N","N","N","Daylight","Overturned","Wrong Side of Road","Non-Collision","N","N","N","N"
7009619,"N","Y","Injury (Complaint of Pain)","N",2015,10.4166666666667,"Summer","N","N","Th","N","N","N","Y","N","N","N","N","Daylight","Sideswipe","Automobile Right of Way","Other Motor Vehicle","N","N","N","N"
7009664,"N","Y","PDO (property damage only)","N",2015,12.25,"Summer","N","N","W","Y","N","N","Y","N","N","N","N","Daylight","Broadside","Pedestrian Violation","Other Motor Vehicle","N","N","N","N"
7009667,"N","N","Injury (Complaint of Pain)","N",2015,1.58333333333333,"Summer","N","Y","Sa","Y","N","Y","N","N","N","N","N","Dark - Street Lights","Vehicle/Pedestrian","Traffic Signals and Signs","Pedestrian","N","N","Y","N"
7009680,"N","Y","Injury (Complaint of Pain)","N",2015,13.6666666666667,"Summer","N","N","W","N","Y","Y","N","N","N","N","N","Daylight","Sideswipe","Wrong Side of Road","Other Motor Vehicle","N","N","N","N"
7010317,"N","Y","PDO (property damage only)","N",2015,20.8333333333333,"Summer","N","N","F","N","N","Y","N","N","N","N","N","Dark - Street Lights","Head-On","Wrong Side of Road","Other Motor Vehicle","N","N","N","N"
7010351,"N","Y","PDO (property damage only)","N",2015,5.25,"Summer","N","N","F","Y","N","Y","N","N","N","N","N","Dark - Street Lights","Head-On","Pedestrian Violation","Other Motor Vehicle","N","N","N","N"
7010629,"N","Y","Injury (Complaint of Pain)","N",2015,21.5833333333333,"Summer","N","N","W","N","N","Y","N","N","N","N","N","Dark - Street Lights","Hit Object","Wrong Side of Road","Fixed Object","N","N","N","N"
7010654,"N","Y","Injury (Other Visible)","N",2015,11.8333333333333,"Summer","N","N","F","N","N","Y","N","N","N","N","N","Daylight","Sideswipe","Automobile Right of Way","Other Motor Vehicle","N","N","N","N"
7010719,"N","Y","Injury (Other Visible)","N",2015,12.1666666666667,"Summer","N","N","Sa","Y","N","N","Y","N","N","N","N","Daylight","Broadside","Pedestrian Violation","Other Motor Vehicle","N","N","N","N"
7010809,"N","Y","Injury (Complaint of Pain)","N",2015,11.0833333333333,"Summer","N","N","F","N","Y","Y","N","N","N","N","N","Daylight","Sideswipe","Automobile Right of Way","Other Motor Vehicle","N","N","N","N"
7010844,"N","Y","Injury (Complaint of Pain)","N",2015,17.25,"Summer","PM","N","Th","N","Y","Y","N","N","N","N","N","Daylight","Sideswipe","Wrong Side of Road","Other Motor Vehicle","N","N","N","N"
7010856,"N","Y","Injury (Complaint of Pain)","N",2015,18.9166666666667,"Summer","PM","N","Tu","N","N","Y","N","N","N","N","N","Daylight","Other","Wrong Side of Road","Non-Collision","N","N","N","N"
7010872,"N","Y","Injury (Complaint of Pain)","N",2015,23.25,"Summer","N","Y","M","Y","N","Y","N","N","N","N","N","Dark - Street Lights","Sideswipe","Automobile Right of Way","Other Motor Vehicle","N","N","N","N"
7010946,"N","Y","PDO (property damage only)","N",2015,21.5833333333333,"Spring","N","N","F","Y","N","Y","N","N","N","N","N","Dark - Street Lights","Broadside","Lights","Bicycle","N","N","N","Y"
7010949,"N","Y","PDO (property damage only)","N",2015,21.5,"Summer","N","N","M","Y","N","Y","N","N","N","N","N","Dark - Street Lights","Broadside","Pedestrian Violation","Other Motor Vehicle","N","N","N","N"
7011272,"N","Y","Injury (Complaint of Pain)","N",2015,17.6666666666667,"Summer","PM","N","W","Y","N","Y","N","N","N","N","N","Daylight","Broadside","Pedestrian Right of Way","Other Motor Vehicle","N","N","N","N"
7011280,"N","Y","PDO (property damage only)","N",2015,13.75,"Summer","N","N","M","Y","N","Y","N","N","N","N","N","Daylight","Sideswipe","Pedestrian Violation","Other Motor Vehicle","N","N","N","N"
7011296,"N","Y","Injury (Other Visible)","N",2015,17.0833333333333,"Summer","PM","N","M","N","N","Y","N","N","N","N","N","Daylight","Sideswipe","Unsafe Starting or Backing","Other Motor Vehicle","N","N","N","N"
7011335,"N","Y","PDO (property damage only)","N",2015,17.0833333333333,"Summer","N","N","Sa","N","N","Y","N","N","N","N","N","Daylight","Sideswipe","Unsafe Starting or Backing","Other Motor Vehicle","N","N","N","N"
7011355,"N","Y","Injury (Complaint of Pain)","N",2015,8.91666666666667,"Summer","N","N","Sa","N","N","Y","N","N","N","N","N","Daylight","Sideswipe","Automobile Right of Way","Other Motor Vehicle","N","N","N","N"
7011429,"N","N","PDO (property damage only)","N",2015,21.9166666666667,"Summer","N","N","Su","N","N","Y","N","N","N","N","N","Dark - Street Lights","Broadside","Pedestrian Violation","Other Object","N","N","N","N"
7011556,"N","Y","PDO (property damage only)","N",2015,9.66666666666667,"Summer","N","N","Tu","Y","N","Y","N","N","N","N","Y","Daylight","Overturned","Wrong Side of Road","Fixed Object","N","N","N","N"
7011565,"N","Y","Injury (Complaint of Pain)","N",2015,17.8333333333333,"Summer","PM","N","W","Y","N","Y","N","N","N","N","N","Daylight","Head-On","Automobile Right of Way","Other Motor Vehicle","N","N","N","N"
7011849,"N","Y","Injury (Other Visible)","N",2015,12.5833333333333,"Summer","N","N","Su","N","Y","Y","N","N","N","N","N","Daylight","Overturned","Wrong Side of Road","Non-Collision","N","N","N","N"
7012042,"N","N","Fatal","Y",2015,8.91666666666667,"Summer","AM","N","F","N","Y","Y","N","N","N","N","N","Daylight","Sideswipe","Pedestrian Right of Way","Other Motor Vehicle","N","N","N","N"
7012165,"N","Y","PDO (property damage only)","N",2015,17.3333333333333,"Summer","PM","N","M","N","Y","Y","N","N","N","N","N","Daylight","Other","Pedestrian Right of Way","Other Motor Vehicle","N","N","N","N"
7012169,"N","Y","Injury (Complaint of Pain)","N",2015,17.15,"Summer","N","N","Su","N","Y","Y","N","N","N","N","N","Daylight","Overturned","Wrong Side of Road","Non-Collision","N","N","N","N"
7012237,"N","Y","Injury (Complaint of Pain)","N",2015,1.33333333333333,"Summer","N","Y","M","N","Y","Y","N","N","N","N","N","Dark - Street Lights","Overturned","Unsafe Speed","Non-Collision","Y","N","N","N"
7012248,"N","Y","Injury (Other Visible)","N",2015,21.9166666666667,"Summer","N","N","Th","Y","N","Y","N","N","N","N","N","Dark - Street Lights","Broadside","Pedestrian Violation","Other Motor Vehicle","N","N","N","N"
7012256,"N","Y","Injury (Complaint of Pain)","N",2015,18.3333333333333,"Summer","N","N","Su","Y","N","Y","N","N","N","N","N","Daylight","Broadside","Pedestrian Violation","Other Motor Vehicle","N","N","N","N"
7012282,"N","Y","PDO (property damage only)","N",2015,14.25,"Summer","N","N","M","Y","Y","Y","N","N","N","N","N","Daylight","Sideswipe","Automobile Right of Way","Other Motor Vehicle","N","N","N","N"
7012351,"N","N","PDO (property damage only)","N",2015,18,"Summer","N","N","Sa","N","N","Y","N","N","N","N","N","Daylight","Rear End","Wrong Side of Road","Other Motor Vehicle","N","N","N","N"
7012600,"N","N","Fatal","Y",2015,20.25,"Summer","N","N","F","N","N","Y","N","N","N","N","N","Dark - Street Lights","Rear End","Unsafe Speed","Parked Motor Vehicle","Y","N","N","N"
7012644,"N","Y","Injury (Complaint of Pain)","N",2015,19,"Summer","PM","N","F","Y","N","Y","N","N","N","N","N","Daylight","Head-On","Pedestrian Violation","Other Motor Vehicle","N","N","N","N"
7012696,"N","Y","PDO (property damage only)","N",2015,21,"Summer","N","N","F","Y","N","N","Y","N","N","N","N","Dark - Street Lights","Broadside","Pedestrian Violation","Other Motor Vehicle","N","N","N","N"
7012698,"N","Y","Injury (Complaint of Pain)","N",2015,11.4833333333333,"Summer","N","N","Su","N","Y","Y","N","N","N","N","N","Daylight","Broadside","Pedestrian Right of Way","Motor Vehicle on Other Roadway","N","N","N","N"
7012751,"N","Y","Injury (Complaint of Pain)","N",2015,20.1666666666667,"Summer","N","N","Tu","N","N","Y","N","N","N","N","N","Dark - Street Lights","Rear End","Wrong Side of Road","Other Motor Vehicle","N","N","N","N"
7012780,"N","Y","Injury (Complaint of Pain)","N",2015,15.5,"Summer","PM","N","F","N","N","Y","N","N","N","N","N","Daylight","Rear End","Pedestrian Right of Way","Other Motor Vehicle","N","N","N","N"
7012784,"N","Y","Injury (Complaint of Pain)","N",2015,13.9166666666667,"Summer","N","N","Sa","N","N","Y","N","N","N","N","N","Daylight","Sideswipe","Automobile Right of Way","Other Motor Vehicle","N","N","N","N"
7012789,"N","N","Injury (Complaint of Pain)","N",2015,14.9166666666667,"Summer","N","N","Tu","N","N","Y","N","N","N","N","N","Daylight","Broadside","Pedestrian Violation","Other Motor Vehicle","N","N","N","N"
7013844,"N","N","PDO (property damage only)","N",2015,7.83333333333333,"Spring","AM","N","Th","Y","N","Y","N","N","N","N","N","Daylight","Broadside","Pedestrian Violation","Other Motor Vehicle","N","N","N","N"
7013923,"N","N","PDO (property damage only)","N",2015,14.5,"Summer","N","N","Tu","N","N","Y","N","N","N","N","N","Daylight","Vehicle/Pedestrian","Impeding Traffic","Pedestrian","N","N","Y","N"
7013927,"N","Y","Injury (Complaint of Pain)","N",2015,14,"Spring","N","N","Sa","N","N","Y","N","N","N","N","N","Daylight","Hit Object","Wrong Side of Road","Other Object","N","N","N","N"
7013951,"N","Y","PDO (property damage only)","N",2015,1.91666666666667,"Summer","N","Y","Sa","Y","N","Y","N","N","N","N","N","Dark - Street Lights","Overturned","Pedestrian Right of Way","Fixed Object","Y","N","N","N"
7013970,"N","Y","Injury (Complaint of Pain)","N",2015,20.8333333333333,"Spring","N","N","Sa","N","N","Y","N","N","N","N","N","Dark - Street Lights","Sideswipe","Pedestrian Violation","Other Motor Vehicle","Y","N","N","N"
7013971,"N","Y","Injury (Complaint of Pain)","N",2015,20.75,"Spring","N","N","M","N","N","Y","N","N","N","N","N","Dark - Street Lights","Sideswipe","Pedestrian Violation","Other Motor Vehicle","N","N","N","N"
7014061,"N","N","Fatal","Y",2015,12.5,"Summer","N","N","Tu","Y","N","Y","N","N","N","N","N","Daylight","Rear End","Improper Passing","Other Motor Vehicle","N","N","N","N"
7014377,"N","N","Injury (Complaint of Pain)","N",2015,19.3333333333333,"Summer","N","N","Th","N","N","Y","N","N","N","N","N","Daylight","Broadside","Pedestrian Violation","Other Motor Vehicle","N","N","N","N"
7014577,"N","Y","Injury (Complaint of Pain)","N",2015,9,"Summer","N","N","Sa","Y","N","N","Y","N","N","N","N","Daylight","Broadside","Lights","Other Motor Vehicle","N","N","N","N"
7015670,"N","N","PDO (property damage only)","N",2015,19.6666666666667,"Spring","N","N","M","N","N","Y","N","N","N","N","N","Daylight","Broadside","Pedestrian Violation","Motor Vehicle on Other Roadway","N","N","N","N"
7015751,"N","N","Fatal","Y",2015,11,"Spring","N","N","M","Y","N","Y","N","N","N","N","N","Daylight","Broadside","Pedestrian Violation","Other Motor Vehicle","N","N","N","N"
7015777,"N","Y","Injury (Complaint of Pain)","N",2015,16.5,"Summer","N","N","Su","N","Y","N","Y","N","N","N","N","Daylight","Hit Object","Wrong Side of Road","Fixed Object","N","N","N","N"
7015951,"N","Y","Injury (Complaint of Pain)","N",2015,19.4833333333333,"Summer","N","N","Tu","N","Y","Y","N","N","N","N","N","Daylight","Sideswipe","Automobile Right of Way","Other Motor Vehicle","N","N","N","N"
7016293,"N","N","Fatal","Y",2015,17.25,"Summer","PM","N","Tu","N","Y","Y","N","N","N","N","N","Daylight","Sideswipe","Pedestrian Right of Way","Other Motor Vehicle","N","N","N","N"
7016317,"N","N","Fatal","Y",2015,14.9666666666667,"Summer","N","N","Sa","N","Y","Y","N","N","N","N","N","Daylight","Sideswipe","Pedestrian Right of Way","Non-Collision","N","N","N","N"
7017025,"N","Y","PDO (property damage only)","N",2015,11.8333333333333,"Summer","N","N","Sa","Y","N","Y","N","N","N","N","N","Daylight","Broadside","Pedestrian Violation","Other Motor Vehicle","N","N","N","N"
7017044,"N","N","PDO (property damage only)","N",2015,13.2333333333333,"Summer","N","N","W","Y","N","Y","N","N","N","N","N","Daylight","Broadside","Pedestrian Right of Way","Other Motor Vehicle","N","N","N","N"
7017121,"N","Y","Injury (Other Visible)","N",2015,10,"Summer","N","N","Tu","Y","N","Y","N","N","N","N","N","Daylight","Broadside","Lights","Other Motor Vehicle","N","N","N","N"
7017127,"N","Y","Injury (Complaint of Pain)","N",2015,5.25,"Summer","N","N","F","N","Y","Y","N","N","N","N","N","Dusk or Dawn","Rear End","Wrong Side of Road","Other Motor Vehicle","N","N","N","N"
7017150,"N","Y","Injury (Complaint of Pain)","N",2015,13.9166666666667,"Summer","N","N","Sa","N","N","Y","N","N","N","N","Y","Daylight","Other","Wrong Side of Road","Non-Collision","N","N","N","N"
7017169,"N","Y","PDO (property damage only)","N",2015,17.6666666666667,"Summer","PM","N","F","N","N","Y","N","N","N","N","N","Daylight","Sideswipe","Improper Turning","Other Motor Vehicle","N","N","N","N"
7017178,"N","Y","PDO (property damage only)","N",2015,17.1666666666667,"Summer","PM","N","Th","N","N","Y","N","N","N","N","N","Daylight","Sideswipe","Pedestrian Right of Way","Other Motor Vehicle","N","N","N","N"
7017206,"N","Y","Injury (Complaint of Pain)","N",2015,19.5,"Summer","N","N","Sa","Y","N","Y","N","N","N","N","N","Daylight","Broadside","Pedestrian Violation","Other Motor Vehicle","N","N","N","N"
7017213,"N","Y","Injury (Other Visible)","N",2015,22.4166666666667,"Summer","N","N","Sa","Y","N","Y","N","N","N","N","N","Dark - Street Lights","Sideswipe","Lights","Other Motor Vehicle","N","N","N","N"
7017226,"N","Y","Injury (Complaint of Pain)","N",2015,16.5,"Summer","N","N","Sa","N","N","Y","N","N","N","N","N","Daylight","Sideswipe","Wrong Side of Road","Parked Motor Vehicle","N","N","N","N"
7017266,"N","N","PDO (property damage only)","N",2015,0.166666666666667,"Summer","N","Y","Tu","N","N","Y","N","N","N","N","N","Dark - Street Lights","Rear End","Wrong Side of Road","Other Motor Vehicle","N","N","N","N"
7017271,"N","Y","Injury (Other Visible)","N",2015,18,"Summer","PM","N","Tu","N","N","Y","N","N","N","N","N","Daylight","Sideswipe","Code 20","Parked Motor Vehicle","N","N","N","N"
7017275,"N","Y","Injury (Other Visible)","N",2015,22.5833333333333,"Summer","N","N","Th","Y","N","Y","N","N","N","N","N","Dark - Street Lights","Broadside","Lights","Other Motor Vehicle","N","N","N","N"
7017547,"N","Y","PDO (property damage only)","N",2015,17.5,"Summer","PM","N","Th","Y","N","Y","N","N","N","N","N","Daylight","Other","Pedestrian Right of Way","Other Object","N","N","N","N"
7017803,"N","Y","PDO (property damage only)","N",2015,16.75,"Summer","PM","N","Th","Y","N","Y","N","N","N","N","N","Daylight","Head-On","Pedestrian Violation","Other Motor Vehicle","N","N","N","N"
7017804,"N","Y","Injury (Complaint of Pain)","N",2015,17.6666666666667,"Summer","PM","N","F","Y","N","Y","N","N","N","N","N","Daylight","Broadside","Pedestrian Violation","Other Motor Vehicle","N","N","N","N"
7018001,"N","Y","Injury (Complaint of Pain)","N",2015,23.5833333333333,"Summer","N","Y","F","N","N","Y","N","N","N","N","N","Dark - Street Lights","Overturned","Wrong Side of Road","Non-Collision","N","N","N","N"
7018563,"N","Y","Injury (Complaint of Pain)","N",2015,18.5833333333333,"Summer","PM","N","F","N","N","Y","N","N","N","N","N","Daylight","Broadside","Pedestrian Violation","Other Motor Vehicle","N","N","N","N"
7019466,"N","Y","PDO (property damage only)","N",2015,6.5,"Summer","N","N","W","N","Y","Y","N","N","N","N","N","Daylight","Hit Object","Pedestrian Right of Way","Fixed Object","N","N","N","N"
7019588,"N","Y","PDO (property damage only)","N",2015,17.3333333333333,"Summer","PM","N","Tu","N","N","Y","N","N","N","N","N","Daylight","Rear End","Wrong Side of Road","Other Motor Vehicle","N","N","N","N"
7019911,"N","Y","PDO (property damage only)","N",2015,3.75,"Summer","N","Y","M","Y","N","Y","N","N","N","N","N","Dark - Street Lights","Broadside","Lights","Other Motor Vehicle","N","N","N","N"
7020177,"N","Y","PDO (property damage only)","N",2015,17.25,"Summer","PM","N","F","N","N","Y","N","N","N","N","N","Daylight","Rear End","Wrong Side of Road","Other Motor Vehicle","N","N","N","N"
7020181,"N","N","Injury (Complaint of Pain)","N",2015,6.75,"Summer","N","N","F","Y","N","Y","N","N","N","N","N","Daylight","Broadside","Pedestrian Violation","Other Motor Vehicle","N","N","N","N"
7020426,"N","Y","PDO (property damage only)","N",2015,18.3333333333333,"Summer","PM","N","Th","N","Y","Y","N","N","N","N","N","Daylight","Sideswipe","Impeding Traffic","Other Motor Vehicle","N","N","N","N"
7020979,"N","N","Fatal","Y",2015,22.1666666666667,"Summer","N","N","Th","N","N","Y","N","N","N","N","N","Dark - Street Lights","Sideswipe","Unsafe Speed","Parked Motor Vehicle","Y","N","N","N"
7021387,"N","N","Fatal","Y",2015,0.833333333333333,"Summer","N","Y","F","N","N","Y","N","N","N","N","N","Dark - No Street Lights","Rear End","Wrong Side of Road","Parked Motor Vehicle","N","N","N","N"
7021504,"N","Y","Injury (Complaint of Pain)","N",2015,10.1666666666667,"Summer","N","N","Th","N","N","Y","N","N","N","N","N","Daylight","Sideswipe","Unsafe Lane Change","Other Motor Vehicle","N","Y","N","N"
7021555,"N","Y","Injury (Complaint of Pain)","N",2015,6.83333333333333,"Summer","N","N","F","Y","N","N","Y","N","N","N","N","Daylight","Broadside","Lights","Other Motor Vehicle","N","N","N","N"
7021617,"N","Y","Injury (Complaint of Pain)","N",2015,14.0833333333333,"Summer","N","N","Sa","N","N","Y","N","N","N","N","N","Daylight","Broadside","Pedestrian Violation","Other Motor Vehicle","N","N","N","N"
7021637,"N","Y","Injury (Other Visible)","N",2015,20.1666666666667,"Summer","N","N","M","Y","N","Y","N","N","N","N","N","Dark - Street Lights","Head-On","Pedestrian Violation","Other Motor Vehicle","N","N","N","N"
7021661,"N","Y","PDO (property damage only)","N",2015,19.25,"Summer","N","N","W","N","N","Y","N","N","N","N","N","Daylight","Rear End","Wrong Side of Road","Other Motor Vehicle","N","N","N","N"
7021836,"N","Y","Injury (Complaint of Pain)","N",2015,18.5,"Summer","N","N","Su","N","N","N","N","N","Y","N","N","Dusk or Dawn","Rear End","Wrong Side of Road","Other Motor Vehicle","N","N","N","N"
7021896,"N","Y","PDO (property damage only)","N",2015,11.5833333333333,"Summer","N","N","Sa","Y","N","Y","N","N","N","N","N","Daylight","Rear End","Pedestrian Violation","Other Motor Vehicle","N","N","N","N"
7022609,"N","N","Fatal","Y",2015,21,"Summer","N","N","M","N","N","Y","N","N","N","N","N","Dark - No Street Lights","Sideswipe","Code 19","Parked Motor Vehicle","N","N","N","N"
7023623,"N","Y","Injury (Complaint of Pain)","N",2015,13.6666666666667,"Winter","N","N","F","N","Y","Y","N","N","N","N","N","Daylight","Sideswipe","Wrong Side of Road","Other Motor Vehicle","N","N","N","N"
7023626,"N","Y","Injury (Other Visible)","N",2015,23.75,"Winter","N","Y","W","N","Y","Y","N","N","N","N","N","Dark - No Street Lights","Hit Object","Pedestrian Right of Way","Fixed Object","N","N","N","N"
7023648,"N","Y","PDO (property damage only)","N",2015,19.25,"Spring","N","N","Sa","N","N","Y","N","N","N","N","N","Dusk or Dawn","Hit Object","Wrong Side of Road","Fixed Object","N","N","N","N"
7023650,"N","Y","PDO (property damage only)","N",2015,9.41666666666667,"Winter","N","N","W","N","Y","Y","N","N","N","N","N","Daylight","Other","Automobile Right of Way","Non-Collision","N","N","N","N"
7023702,"N","N","Fatal","Y",2015,15.2833333333333,"Spring","PM","N","F","N","N","Y","N","N","N","N","N","Daylight","Broadside","Lights","Other Motor Vehicle","N","N","N","N"
7024254,"N","Y","PDO (property damage only)","N",2015,9.66666666666667,"Spring","N","N","M","N","Y","Y","N","N","N","N","N","Daylight","Hit Object","Automobile Right of Way","Fixed Object","N","N","N","N"
7024270,"N","Y","Injury (Complaint of Pain)","N",2015,11.3333333333333,"Spring","N","N","Tu","N","Y","N","Y","N","N","N","N","Daylight","Sideswipe","Automobile Right of Way","Other Motor Vehicle","N","N","N","N"
7025058,"N","N","Fatal","Y",2015,9.86666666666667,"Summer","N","N","W","N","Y","Y","N","N","N","N","N","Daylight","Rear End","Wrong Side of Road","Other Motor Vehicle","N","N","N","N"
7025085,"N","N","Fatal","Y",2015,18,"Summer","PM","N","Tu","N","Y","Y","N","N","N","N","N","Daylight","Overturned","Wrong Side of Road","Non-Collision","N","N","N","N"
7025621,"N","Y","Injury (Complaint of Pain)","N",2015,22.5,"Summer","N","N","Tu","N","N","Y","N","N","N","N","N","Dark - Street Lights","Rear End","Improper Passing","Motor Vehicle on Other Roadway","N","N","N","N"
7025811,"N","Y","Injury (Complaint of Pain)","N",2015,14.75,"Summer","N","N","Sa","Y","N","Y","N","N","N","N","N","Daylight","Hit Object","Pedestrian Violation","Fixed Object","N","N","N","N"
7025812,"N","Y","Injury (Complaint of Pain)","N",2015,18.1666666666667,"Summer","PM","N","Tu","N","N","Y","N","N","N","N","N","Daylight","Broadside","Pedestrian Violation","Other Motor Vehicle","N","N","N","N"
7025815,"N","Y","PDO (property damage only)","N",2015,8.25,"Summer","AM","N","M","N","N","Y","N","N","N","N","N","Daylight","Broadside","Pedestrian Violation","Other Motor Vehicle","N","N","N","N"
7025839,"N","Y","Injury (Other Visible)","N",2015,8.41666666666667,"Summer","AM","N","Tu","N","N","Y","N","N","N","N","N","Daylight","Broadside","Pedestrian Violation","Other Motor Vehicle","N","N","N","N"
7025995,"N","Y","Injury (Complaint of Pain)","N",2015,18,"Summer","PM","N","M","Y","N","Y","N","N","N","N","N","Dusk or Dawn","Head-On","Pedestrian Right of Way","Other Motor Vehicle","N","N","N","N"
7026049,"N","Y","Injury (Complaint of Pain)","N",2015,9.41666666666667,"Spring","N","N","F","N","Y","Y","N","N","N","N","N","Daylight","Sideswipe","Pedestrian Right of Way","Other Motor Vehicle","N","N","N","N"
7026575,"N","Y","Injury (Complaint of Pain)","N",2015,23.3333333333333,"Summer","N","Y","W","Y","Y","Y","N","N","N","N","N","Dark - Street Lights","Sideswipe","Code 20","Other Motor Vehicle","N","N","N","N"
7026600,"N","Y","Injury (Complaint of Pain)","N",2015,16.3333333333333,"Summer","PM","N","Tu","Y","N","Y","N","N","N","N","N","Daylight","Other","Pedestrian Violation","Other Motor Vehicle","N","N","N","N"
7026604,"N","Y","Injury (Complaint of Pain)","N",2015,20.25,"Summer","N","N","Tu","Y","N","Y","N","N","N","N","N","Dark - Street Lights","Head-On","Pedestrian Right of Way","Other Motor Vehicle","N","N","N","N"
7026612,"N","Y","Injury (Complaint of Pain)","N",2015,8.83333333333333,"Summer","AM","N","Tu","Y","N","Y","N","N","N","N","N","Daylight","Sideswipe","Impeding Traffic","Other Object","N","N","N","N"
7026645,"N","Y","Injury (Complaint of Pain)","N",2015,17.1666666666667,"Summer","PM","N","M","N","N","Y","N","N","N","N","N","Daylight","Broadside","Unsafe Lane Change","Motor Vehicle on Other Roadway","N","N","N","N"
7027361,"N","Y","Injury (Complaint of Pain)","N",2015,18.0333333333333,"Summer","PM","N","Tu","N","Y","Y","N","N","N","N","N","Daylight","Sideswipe","Pedestrian Right of Way","Other Motor Vehicle","N","N","N","N"
7027363,"N","Y","Injury (Complaint of Pain)","N",2015,15.9166666666667,"Summer","N","N","Sa","N","Y","N","N","Y","N","Y","N","Daylight","Sideswipe","Automobile Right of Way","Other Motor Vehicle","N","N","N","N"
7027364,"N","Y","PDO (property damage only)","N",2015,18.8333333333333,"Summer","PM","N","Th","N","Y","Y","N","N","N","N","N","Daylight","Sideswipe","Pedestrian Right of Way","Other Motor Vehicle","N","N","N","N"
7027393,"N","Y","Injury (Complaint of Pain)","N",2015,16.6666666666667,"Summer","N","N","Su","Y","N","Y","N","N","N","N","N","Daylight","Broadside","Pedestrian Violation","Other Motor Vehicle","N","N","N","N"
7027789,"N","Y","Injury (Other Visible)","N",2015,17,"Spring","PM","N","W","N","Y","Y","N","N","N","N","N","Daylight","Sideswipe","Automobile Right of Way","Other Motor Vehicle","N","N","N","N"
7028136,"N","Y","Injury (Other Visible)","N",2015,12.3333333333333,"Fall","N","N","Su","N","N","Y","N","N","N","N","N","Daylight","Broadside","Lights","Other Motor Vehicle","N","N","N","N"
7028251,"N","Y","Injury (Other Visible)","N",2015,22.25,"Summer","N","N","Th","N","N","Y","N","N","N","N","N","Dark - Street Lights","Broadside","Pedestrian Violation","Other Motor Vehicle","N","N","N","N"
7028819,"N","Y","Injury (Complaint of Pain)","N",2015,12.25,"Summer","N","N","M","N","N","Y","N","N","N","N","N","Daylight","Broadside","Pedestrian Right of Way","Other Motor Vehicle","N","N","N","N"