"CASE_ID","mc_killed","mc_injured","collision_severity","severe","accident_year","hours_since_midnight","season","rush_hour","late_night","day_of_week","intersection","state_hwy_ind","w_clear","w_cloudy","w_rainy","w_other","road_not_dry","road_condition_issue","lighting","type_of_collision","pcf_viol_category","mviw","alcohol_involved","truck_accident","pedestrian_accident","bicycle_accident"
7080107,"N","Y","Injury (Complaint of Pain)","N",2015,14.9166666666667,"Summer","N","N","Su","N","N","Y","N","N","N","N","N","Daylight","Hit Object","Wrong Side of Road","Fixed Object","N","N","N","N"
7080262,"N","Y","PDO (property damage only)","N",2015,6.33333333333333,"Summer","N","N","Sa","Y","N","Y","N","N","N","N","N","Dusk or Dawn","Rear End","Wrong Side of Road","Other Motor Vehicle","N","N","N","N"
7080293,"N","Y","Injury (Complaint of Pain)","N",2015,23.1666666666667,"Fall","N","Y","W","N","N","Y","N","N","N","N","N","Dark - Street Lights","Rear End","Wrong Side of Road","Other Motor Vehicle","N","N","N","N"
7080310,"N","Y","PDO (property damage only)","N",2015,21.5,"Summer","N","N","Tu","Y","N","Y","N","N","N","N","N","Daylight","Broadside","Pedestrian Violation","Other Motor Vehicle","N","N","N","N"
7080428,"N","N","Fatal","Y",2015,18.75,"Summer","N","N","Su","N","N","Y","N","N","N","N","N","Daylight","Rear End","Unsafe Starting or Backing","Parked Motor Vehicle","N","N","N","N"
7080561,"N","Y","Injury (Complaint of Pain)","N",2015,7,"Summer","N","N","Sa","Y","N","N","Y","N","N","N","N","Daylight","Broadside","Lights","Other Motor Vehicle","N","N","N","N"
7080620,"N","Y","Injury (Complaint of Pain)","N",2015,6.66666666666667,"Fall","N","N","F","Y","N","Y","N","N","N","N","N","Daylight","Broadside","Lights","Other Motor Vehicle","N","N","N","N"
7080631,"N","Y","PDO (property damage only)","N",2015,18,"Summer","PM","N","Th","Y","N","Y","N","N","N","N","N","Daylight","Head-On","Pedestrian Violation","Other Motor Vehicle","N","N","N","N"
7080653,"N","Y","Injury (Other Visible)","N",2015,6,"Fall","N","N","W","Y","N","Y","N","N","N","N","N","Dark - Street Lights","Head-On","Pedestrian Violation","Other Motor Vehicle","N","N","N","N"
7080673,"N","Y","Injury (Complaint of Pain)","N",2015,11.6666666666667,"Fall","N","N","M","N","N","Y","N","N","N","N","N","Daylight","Other","Wrong Side of Road","Other Object","N","N","N","N"
7081011,"N","Y","Injury (Complaint of Pain)","N",2015,14.6666666666667,"Summer","N","N","W","N","Y","Y","N","N","N","N","N","Daylight","Rear End","Wrong Side of Road","Other Motor Vehicle","N","N","N","N"
7081016,"N","Y","Injury (Complaint of Pain)","N",2015,18.25,"Fall","PM","N","Th","N","Y","Y","N","N","N","N","N","Dusk or Dawn","Sideswipe","Automobile Right of Way","Other Motor Vehicle","N","N","N","N"
7081027,"N","Y","PDO (property damage only)","N",2015,8.75,"Fall","AM","N","Th","N","Y","Y","N","N","N","N","N","Daylight","Sideswipe","Automobile Right of Way","Other Motor Vehicle","N","N","N","N"
7082089,"N","Y","Injury (Complaint of Pain)","N",2015,8,"Fall","AM","N","W","N","N","Y","N","N","N","N","N","Daylight","Broadside","Pedestrian Violation","Other Motor Vehicle","N","N","N","N"
7082110,"N","Y","Injury (Complaint of Pain)","N",2015,7.83333333333333,"Fall","AM","N","F","Y","N","Y","N","N","N","N","N","Daylight","Broadside","Pedestrian Violation","Other Motor Vehicle","N","N","N","N"
7082340,"N","Y","Injury (Complaint of Pain)","N",2015,19.25,"Fall","N","N","Su","N","N","Y","N","N","N","N","N","Dark - Street Lights","Rear End","Wrong Side of Road","Parked Motor Vehicle","N","N","N","N"
7082392,"N","Y","Injury (Complaint of Pain)","N",2015,17.0833333333333,"Summer","PM","N","F","Y","N","Y","N","N","N","N","N","Daylight","Broadside","Pedestrian Violation","Other Motor Vehicle","N","N","N","N"
7086439,"N","Y","Injury (Other Visible)","N",2015,1.5,"Fall","N","Y","Tu","Y","N","N","N","Y","N","Y","N","Dark - Street Lights","Broadside","Pedestrian Violation","Other Motor Vehicle","N","N","N","N"
7086458,"N","Y","Injury (Other Visible)","N",2015,11.1666666666667,"Fall","N","N","Sa","Y","N","Y","N","N","N","N","N","Daylight","Broadside","Lights","Other Motor Vehicle","N","N","N","N"
7086459,"N","Y","Injury (Other Visible)","N",2015,12.6666666666667,"Fall","N","N","Tu","Y","N","Y","N","N","N","N","N","Daylight","Broadside","Pedestrian Violation","Other Motor Vehicle","N","N","N","N"
7087061,"N","Y","PDO (property damage only)","N",2015,19.8333333333333,"Fall","N","N","M","Y","N","Y","N","N","N","N","N","Dark - Street Lights","Broadside","Pedestrian Right of Way","Other Motor Vehicle","N","N","N","N"
7087078,"N","Y","Injury (Complaint of Pain)","N",2015,16,"Fall","PM","N","W","N","N","Y","N","N","N","N","N","Daylight","Broadside","Pedestrian Right of Way","Other Motor Vehicle","N","N","N","N"
7087084,"N","Y","PDO (property damage only)","N",2015,18,"Fall","PM","N","M","N","N","Y","N","N","N","N","N","Daylight","Rear End","Pedestrian Violation","Other Motor Vehicle","N","N","N","N"
7087157,"N","Y","Injury (Complaint of Pain)","N",2015,16.0833333333333,"Fall","N","N","Su","N","N","Y","N","N","N","N","Y","Daylight","Sideswipe","Automobile Right of Way","Other Motor Vehicle","N","N","N","N"
7087162,"N","N","Injury (Other Visible)","N",2015,2.5,"Summer","N","Y","W","Y","N","Y","N","N","N","N","N","Dark - Street Lights","Broadside","Pedestrian Right of Way","Other Motor Vehicle","N","N","N","N"
7087178,"N","Y","Injury (Other Visible)","N",2015,11.5333333333333,"Summer","N","N","W","N","N","Y","N","N","N","N","N","Daylight","Sideswipe","Automobile Right of Way","Parked Motor Vehicle","N","N","N","N"
7087981,"N","Y","Injury (Complaint of Pain)","N",2015,9,"Fall","AM","N","M","N","N","Y","N","N","N","N","N","Daylight","Broadside","Pedestrian Violation","Other Motor Vehicle","N","N","N","N"
7087995,"N","Y","Injury (Complaint of Pain)","N",2015,13.6666666666667,"Fall","N","N","Sa","Y","N","Y","N","N","N","N","N","Daylight","Broadside","Pedestrian Violation","Other Motor Vehicle","N","N","N","N"
7088037,"N","N","Injury (Complaint of Pain)","N",2015,1,"Summer","N","Y","Th","N","N","Y","N","N","N","N","N","Dark - Street Lights","Sideswipe","Unsafe Speed","Parked Motor Vehicle","Y","N","N","N"
7088081,"N","N","Fatal","Y",2015,20,"Summer","N","N","Tu","N","N","Y","N","N","N","N","N","Dark - Street Lights","Rear End","Improper Passing","Other Motor Vehicle","N","N","N","N"
7089086,"N","Y","Injury (Complaint of Pain)","N",2015,11.25,"Fall","N","N","Th","N","N","Y","N","N","N","N","N","Daylight","Sideswipe","Unsafe Starting or Backing","Other Motor Vehicle","N","Y","N","N"
7089121,"N","Y","PDO (property damage only)","N",2015,19.4166666666667,"Fall","N","N","F","Y","N","Y","N","N","N","N","N","Daylight","Broadside","Pedestrian Violation","Other Motor Vehicle","N","N","N","N"
7089125,"N","Y","Injury (Other Visible)","N",2015,22,"Fall","N","N","Sa","Y","Y","Y","N","N","N","N","N","Dark - Street Lights","Broadside","Pedestrian Violation","Other Motor Vehicle","N","N","N","N"
7089141,"N","Y","Injury (Other Visible)","N",2015,19.8333333333333,"Fall","N","N","Sa","N","N","Y","N","N","N","N","N","Dark - Street Lights","Broadside","Unsafe Speed","Parked Motor Vehicle","Y","N","N","N"
7089142,"N","Y","Injury (Complaint of Pain)","N",2015,18.4166666666667,"Fall","PM","N","M","Y","Y","Y","N","N","N","N","N","Daylight","Head-On","Pedestrian Violation","Other Motor Vehicle","N","N","N","N"
7089149,"N","Y","Injury (Complaint of Pain)","N",2015,17.5833333333333,"Fall","PM","N","Tu","N","N","Y","N","N","N","N","N","Daylight","Sideswipe","Automobile Right of Way","Other Motor Vehicle","N","N","N","N"
7089153,"N","Y","PDO (property damage only)","N",2015,17.25,"Fall","PM","N","W","Y","N","Y","N","N","N","N","N","Daylight","Head-On","Pedestrian Violation","Other Motor Vehicle","N","N","N","N"
7089182,"N","Y","Injury (Other Visible)","N",2015,12.6666666666667,"Fall","N","N","F","N","N","Y","N","N","N","N","N","Daylight","Broadside","Pedestrian Violation","Other Motor Vehicle","N","N","N","N"
7089225,"N","N","Fatal","Y",2015,16.1666666666667,"Fall","N","N","Su","N","N","Y","N","N","N","N","N","Daylight","Hit Object","Wrong Side of Road","Fixed Object","N","N","N","N"
7090583,"N","Y","Injury (Other Visible)","N",2015,22.25,"Fall","N","N","Th","N","N","Y","N","N","N","N","N","Dark - Street Lights","Broadside","Pedestrian Right of Way","Other Motor Vehicle","N","N","N","N"
7091438,"N","Y","PDO (property damage only)","N",2015,17.5,"Summer","PM","N","W","N","Y","Y","N","N","N","N","N","Daylight","Rear End","Automobile Right of Way","Other Motor Vehicle","N","N","N","N"
7091818,"N","N","Fatal","Y",2015,6.91666666666667,"Fall","N","N","Tu","Y","N","Y","N","N","N","N","N","Daylight","Sideswipe","Impeding Traffic","Other Motor Vehicle","N","N","N","N"
7091852,"N","Y","Injury (Complaint of Pain)","N",2015,18.6666666666667,"Fall","PM","N","F","N","N","Y","N","N","N","N","N","Dusk or Dawn","Broadside","Pedestrian Violation","Other Motor Vehicle","N","N","N","N"
7091860,"N","Y","PDO (property damage only)","N",2015,9.16666666666667,"Fall","N","N","Sa","N","N","Y","N","N","N","N","N","Daylight","Broadside","Pedestrian Right of Way","Other Motor Vehicle","N","N","N","N"
7093146,"N","Y","PDO (property damage only)","N",2015,13.75,"Fall","N","N","M","Y","N","Y","N","N","N","N","N","Daylight","Rear End","Improper Passing","Other Motor Vehicle","N","N","N","N"
7093232,"N","N","Injury (Complaint of Pain)","N",2015,14.9166666666667,"Fall","N","N","F","Y","N","Y","N","N","N","N","N","Daylight","Broadside","Pedestrian Violation","Other Motor Vehicle","N","N","N","N"
7094066,"N","Y","PDO (property damage only)","N",2015,10.25,"Summer","N","N","F","N","Y","Y","N","N","N","N","N","Daylight","Sideswipe","Pedestrian Right of Way","Other Motor Vehicle","N","N","N","N"
7094655,"N","Y","Injury (Other Visible)","N",2015,23.5,"Summer","N","Y","W","Y","N","Y","N","N","N","N","N","Dark - Street Lights","Broadside","Lights","Other Motor Vehicle","N","N","N","N"
7094705,"N","Y","Injury (Complaint of Pain)","N",2015,1,"Fall","N","Y","Th","N","N","Y","N","N","N","N","N","Daylight","Rear End","Improper Passing","Other Motor Vehicle","N","N","N","N"
7095127,"N","Y","Injury (Complaint of Pain)","N",2015,10,"Summer","N","N","Th","Y","N","Y","N","N","N","N","N","Daylight","Head-On","Pedestrian Violation","Other Motor Vehicle","N","N","N","N"
7095329,"N","Y","Injury (Other Visible)","N",2015,19.6666666666667,"Summer","N","N","Tu","N","N","Y","N","N","N","N","N","Daylight","Broadside","Pedestrian Right of Way","Other Motor Vehicle","N","N","N","N"
7095354,"N","Y","Injury (Complaint of Pain)","N",2015,7,"Summer","AM","N","W","N","N","Y","N","N","N","N","N","Daylight","Hit Object","Wrong Side of Road","Fixed Object","N","N","N","N"
7095390,"N","Y","Injury (Complaint of Pain)","N",2015,0,"Fall","N","Y","Su","Y","N","Y","N","N","N","N","N","Dark - Street Lights","Hit Object","Wrong Side of Road","Fixed Object","N","N","N","N"
7095412,"N","Y","Injury (Complaint of Pain)","N",2015,19.3333333333333,"Fall","N","N","W","N","N","Y","N","N","N","N","N","Dark - Street Lights","Broadside","Pedestrian Violation","Other Motor Vehicle","N","N","N","N"
7095415,"N","Y","Injury (Complaint of Pain)","N",2015,13.75,"Summer","N","N","F","N","N","Y","N","N","N","N","N","Daylight","Broadside","Pedestrian Violation","Other Motor Vehicle","N","N","N","N"
7095444,"N","N","Fatal","Y",2015,16.5833333333333,"Fall","N","N","Sa","N","N","Y","N","N","N","N","N","Daylight","Rear End","Improper Passing","Other Motor Vehicle","N","N","N","N"
7096247,"N","Y","PDO (property damage only)","N",2015,11.75,"Fall","N","N","Sa","N","N","Y","N","N","N","N","N","Daylight","Broadside","Pedestrian Right of Way","Other Motor Vehicle","N","Y","N","N"
7096523,"N","Y","Injury (Complaint of Pain)","N",2015,17.3333333333333,"Fall","PM","N","W","Y","N","Y","N","N","N","N","N","Daylight","Head-On","Pedestrian Violation","Other Motor Vehicle","N","N","N","N"
7096658,"N","Y","Injury (Other Visible)","N",2015,12.5833333333333,"Fall","N","N","F","Y","N","Y","N","N","N","N","N","Daylight","Broadside","Pedestrian Violation","Other Motor Vehicle","N","N","N","N"
7096717,"N","Y","Injury (Complaint of Pain)","N",2015,17.4166666666667,"Fall","PM","N","Th","N","N","Y","N","N","N","N","N","Daylight","Vehicle/Pedestrian","Unsafe Lane Change","Pedestrian","N","N","Y","N"
7098551,"N","N","PDO (property damage only)","N",2015,10.8333333333333,"Fall","N","N","Th","Y","N","Y","N","N","N","N","N","Daylight","Rear End","Code 19","Other Motor Vehicle","N","N","N","N"
7098559,"N","Y","PDO (property damage only)","N",2015,20.4166666666667,"Fall","N","N","Sa","N","N","Y","N","N","N","N","N","Dark - Street Lights","Broadside","Pedestrian Right of Way","Other Motor Vehicle","N","N","N","N"
7098573,"N","Y","Injury (Complaint of Pain)","N",2015,1,"Fall","N","Y","Sa","N","N","Y","N","N","N","N","N","Dark - Street Lights","Broadside","Pedestrian Violation","Other Motor Vehicle","N","N","N","N"
7098600,"N","Y","Injury (Complaint of Pain)","N",2015,15.1666666666667,"Fall","PM","N","W","Y","N","Y","N","N","N","N","N","Daylight","Broadside","Pedestrian Violation","Other Motor Vehicle","N","N","N","N"
7099012,"N","Y","Injury (Other Visible)","N",2015,6.75,"Fall","N","N","W","N","N","Y","N","N","N","N","N","Daylight","Broadside","Pedestrian Violation","Other Motor Vehicle","N","N","N","N"
7099991,"N","Y","Injury (Other Visible)","N",2015,12.8333333333333,"Fall","N","N","Tu","Y","N","Y","N","N","N","N","N","Daylight","Broadside","Pedestrian Violation","Other Motor Vehicle","N","N","N","N"
7100225,"N","Y","PDO (property damage only)","N",2015,19.25,"Fall","N","N","Tu","N","N","Y","N","N","N","N","N","Dark - Street Lights","Other","Wrong Side of Road","Other Object","N","N","N","N"
7100512,"N","N","Fatal","Y",2015,13.5,"Fall","N","N","Sa","Y","N","Y","N","N","N","N","N","Daylight","Sideswipe","Pedestrian Right of Way","Other Motor Vehicle","N","N","N","N"
7100578,"N","Y","Injury (Complaint of Pain)","N",2015,19.75,"Fall","N","N","W","Y","N","Y","N","N","N","N","N","Dark - Street Lights","Other","Pedestrian Right of Way","Other Object","N","N","N","N"
7102237,"N","N","Fatal","Y",2015,16.5,"Fall","N","N","Sa","N","N","Y","N","N","N","N","N","Daylight","Broadside","Wrong Side of Road","Parked Motor Vehicle","N","N","N","N"
7102402,"N","N","Fatal","Y",2015,5.33333333333333,"Fall","N","N","Sa","Y","N","Y","N","N","N","N","N","Dark - Street Lights","Hit Object","Wrong Side of Road","Fixed Object","N","N","N","N"
7103086,"N","Y","Injury (Complaint of Pain)","N",2015,21.4166666666667,"Fall","N","N","Tu","N","N","Y","N","N","N","N","N","Dark - Street Lights","Sideswipe","Automobile Right of Way","Other Motor Vehicle","N","N","N","N"
7103532,"N","Y","Injury (Other Visible)","N",2015,19.0833333333333,"Fall","N","N","Su","N","N","Y","N","N","N","N","N","Dark - Street Lights","Broadside","Pedestrian Violation","Motor Vehicle on Other Roadway","N","N","N","N"
7103568,"N","Y","Injury (Complaint of Pain)","N",2015,15.4166666666667,"Fall","N","N","Su","N","N","Y","N","N","N","N","N","Daylight","Sideswipe","Wrong Side of Road","Other Motor Vehicle","N","N","N","N"
7103595,"N","Y","PDO (property damage only)","N",2015,9.83333333333333,"Fall","N","N","Su","N","N","N","Y","N","N","Y","N","Daylight","Sideswipe","Pedestrian Right of Way","Other Motor Vehicle","N","N","N","N"
7103699,"N","N","Fatal","Y",2015,13.5,"Fall","N","N","F","Y","N","Y","N","N","N","N","N","Daylight","Head-On","Pedestrian Violation","Other Motor Vehicle","N","N","N","N"
7104821,"N","N","Injury (Complaint of Pain)","N",2015,16.3333333333333,"Fall","PM","N","Th","Y","N","N","Y","N","N","N","N","Daylight","Broadside","Pedestrian Violation","Other Motor Vehicle","N","N","N","N"
7104822,"N","Y","Injury (Complaint of Pain)","N",2015,19.25,"Fall","N","N","Tu","Y","N","Y","N","N","N","N","N","Dark - Street Lights","Broadside","Pedestrian Violation","Other Motor Vehicle","N","N","N","N"
7104838,"N","Y","PDO (property damage only)","N",2015,13,"Fall","N","N","W","N","N","Y","N","N","N","N","N","Daylight","Sideswipe","Automobile Right of Way","Other Motor Vehicle","N","N","N","N"
7104848,"N","Y","Injury (Complaint of Pain)","N",2015,19.4166666666667,"Fall","N","N","M","N","N","Y","N","N","N","N","N","Dark - Street Lights","Broadside","Pedestrian Violation","Other Motor Vehicle","N","N","N","N"
7105055,"N","Y","Injury (Other Visible)","N",2015,18.75,"Fall","N","N","Sa","N","N","Y","N","N","N","N","N","Dusk or Dawn","Sideswipe","Pedestrian Right of Way","Other Motor Vehicle","N","N","N","N"
7105056,"N","Y","PDO (property damage only)","N",2015,17.8333333333333,"Fall","PM","N","W","N","N","Y","N","N","N","N","N","Dusk or Dawn","Sideswipe","Improper Turning","Other Motor Vehicle","N","N","N","N"
7105284,"N","Y","PDO (property damage only)","N",2015,2.5,"Fall","N","Y","F","N","N","Y","N","N","N","N","N","Dark - Street Lights","Sideswipe","Automobile Right of Way","Other Motor Vehicle","N","N","N","N"
7105332,"N","Y","Injury (Other Visible)","N",2015,16.5,"Fall","N","N","Sa","N","N","N","Y","N","N","N","Y","Daylight","Other","Code 20","Fixed Object","N","N","N","N"
7105348,"N","Y","Injury (Complaint of Pain)","N",2015,8.41666666666667,"Fall","AM","N","Tu","N","N","Y","N","N","N","N","N","Daylight","Rear End","Automobile Right of Way","Other Motor Vehicle","N","N","N","N"
7105359,"N","Y","Injury (Complaint of Pain)","N",2015,12,"Fall","N","N","Th","N","N","Y","N","N","N","N","N","Daylight","Rear End","Wrong Side of Road","Other Motor Vehicle","N","N","N","N"
7105377,"N","Y","PDO (property damage only)","N",2015,17.4166666666667,"Fall","PM","N","F","Y","N","Y","N","N","N","N","N","Dusk or Dawn","Sideswipe","Impeding Traffic","Other Motor Vehicle","N","N","N","N"
7105381,"N","N","Injury (Complaint of Pain)","N",2015,10.25,"Fall","N","N","W","Y","N","Y","N","N","N","N","N","Daylight","Broadside","Lights","Other Motor Vehicle","N","N","N","N"
7105399,"N","Y","Injury (Other Visible)","N",2015,8.58333333333333,"Fall","AM","N","F","Y","N","N","Y","N","N","N","N","Daylight","Broadside","Pedestrian Violation","Other Motor Vehicle","N","N","N","N"
7105400,"N","Y","PDO (property damage only)","N",2015,6,"Fall","N","N","M","N","N","Y","N","N","N","N","N","Dark - Street Lights","Sideswipe","Pedestrian Violation","Other Motor Vehicle","N","N","N","N"
7105406,"N","Y","Injury (Complaint of Pain)","N",2015,20.1666666666667,"Fall","N","N","Su","Y","N","Y","N","N","N","N","N","Dark - Street Lights","Broadside","Lights","Other Motor Vehicle","N","N","N","N"
7105415,"N","Y","Injury (Complaint of Pain)","N",2015,11.25,"Fall","N","N","Su","Y","N","Y","N","N","N","N","N","Daylight","Other","Lights","Non-Collision","N","N","N","N"
7105434,"N","Y","Injury (Complaint of Pain)","N",2015,18.75,"Fall","N","N","Su","Y","N","Y","N","N","N","N","N","Dark - Street Lights","Broadside","Pedestrian Violation","Other Motor Vehicle","N","N","N","N"
7105514,"N","Y","Injury (Complaint of Pain)","N",2015,22.9166666666667,"Fall","N","N","Tu","N","N","Y","N","N","N","N","N","Dark - Street Lights","Broadside","Wrong Side of Road","Parked Motor Vehicle","N","N","N","N"
7106158,"N","Y","Injury (Complaint of Pain)","N",2015,6,"Fall","N","N","W","Y","N","Y","N","N","N","N","N","Dark - Street Lights","Broadside","Pedestrian Violation","Other Motor Vehicle","N","N","N","N"
7106480,"N","Y","Injury (Complaint of Pain)","N",2015,22.4166666666667,"Fall","N","N","Th","N","N","Y","N","N","N","N","N","Dark - Street Lights","Sideswipe","Impeding Traffic","Other Motor Vehicle","N","Y","N","N"
7106484,"N","Y","Injury (Complaint of Pain)","N",2015,11.9166666666667,"Fall","N","N","Su","Y","N","N","Y","N","N","N","N","Daylight","Other","Pedestrian Violation","Fixed Object","N","N","N","N"
7106496,"N","Y","Injury (Complaint of Pain)","N",2015,18.9166666666667,"Fall","N","N","Sa","N","N","Y","N","N","N","N","N","Dark - Street Lights","Broadside","Pedestrian Right of Way","Other Motor Vehicle","N","N","N","N"
7106497,"N","Y","Injury (Complaint of Pain)","N",2015,18.6666666666667,"Fall","N","N","Sa","Y","N","Y","N","N","N","N","N","Dark - Street Lights","Broadside","Pedestrian Violation","Other Motor Vehicle","N","N","N","N"
7106513,"N","Y","Injury (Other Visible)","N",2015,23.3333333333333,"Fall","N","Y","W","N","N","Y","N","N","N","N","N","Dark - Street Lights","Other","Wrong Side of Road","Other Object","N","N","N","N"
7106524,"N","Y","Injury (Complaint of Pain)","N",2015,23.5,"Fall","N","Y","Sa","N","N","Y","N","N","N","N","N","Dark - Street Lights","Hit Object","Unsafe Speed","Fixed Object","Y","N","N","N"
7106813,"N","Y","PDO (property damage only)","N",2015,19.25,"Fall","N","N","W","Y","N","Y","N","N","N","N","N","Dark - No Street Lights","Broadside","Pedestrian Violation","Other Motor Vehicle","N","N","N","N"
7106856,"N","N","Injury (Complaint of Pain)","N",2015,12.8666666666667,"Fall","N","N","Tu","N","N","Y","N","N","N","N","N","Daylight","Broadside","Pedestrian Violation","Motor Vehicle on Other Roadway","N","N","N","N"
7106888,"N","Y","Injury (Complaint of Pain)","N",2015,2.41666666666667,"Fall","N","Y","F","N","N","Y","N","N","N","N","N","Dark - Street Lights","Sideswipe","Wrong Side of Road","Parked Motor Vehicle","N","N","N","N"
7106904,"N","Y","PDO (property damage only)","N",2015,7.58333333333333,"Fall","AM","N","Th","Y","N","Y","N","N","N","N","N","Daylight","Broadside","Wrong Side of Road","Other Motor Vehicle","N","N","N","N"
7106935,"N","Y","Injury (Complaint of Pain)","N",2015,15.4166666666667,"Fall","PM","N","W","N","N","Y","N","N","N","N","N","Daylight","Sideswipe","Automobile Right of Way","Other Motor Vehicle","N","N","N","N"
7106954,"N","Y","PDO (property damage only)","N",2015,16.75,"Fall","PM","N","W","Y","N","Y","N","N","N","N","N","Daylight","Head-On","Pedestrian Violation","Other Motor Vehicle","N","N","N","N"
7106974,"N","Y","PDO (property damage only)","N",2015,17.1666666666667,"Fall","PM","N","Tu","N","N","Y","N","N","N","N","N","Daylight","Broadside","Pedestrian Violation","Other Motor Vehicle","N","N","N","N"
7108040,"N","N","Fatal","Y",2015,22.5,"Fall","N","N","Sa","Y","N","Y","N","N","N","N","N","Dark - Street Lights","Rear End","Unsafe Starting or Backing","Parked Motor Vehicle","N","N","N","N"
7108527,"Y","N","Injury (Severe)","Y",2015,15.25,"Fall","PM","N","Tu","N","N","Y","N","N","N","N","N","Daylight","Broadside","Pedestrian Right of Way","Other Motor Vehicle","N","N","N","N"
7109770,"N","N","Fatal","Y",2015,8.25,"Fall","AM","N","F","N","N","Y","N","N","N","N","N","Daylight","Sideswipe","Wrong Side of Road","Other Motor Vehicle","N","N","N","N"
7109861,"N","Y","Injury (Complaint of Pain)","N",2015,0.75,"Fall","N","Y","Su","Y","N","Y","N","N","N","N","N","Dark - Street Lights","Sideswipe","Unsafe Speed","Other Motor Vehicle","Y","N","Y","N"
7109959,"N","N","Fatal","Y",2015,14.25,"Fall","N","N","W","N","N","Y","N","N","N","N","N","Daylight","Broadside","Unsafe Starting or Backing","Parked Motor Vehicle","N","N","N","N"
7110081,"N","N","PDO (property damage only)","N",2015,7.5,"Fall","AM","N","Tu","N","N","Y","N","N","N","N","N","Daylight","Rear End","Improper Passing","Motor Vehicle on Other Roadway","N","N","N","N"
7110403,"N","Y","PDO (property damage only)","N",2015,15.6666666666667,"Fall","PM","N","Tu","Y","Y","Y","N","N","N","N","N","Daylight","Broadside","Pedestrian Violation","Other Motor Vehicle","N","N","N","N"
7110454,"N","Y","PDO (property damage only)","N",2015,18,"Fall","PM","N","W","N","N","Y","N","N","N","N","N","Daylight","Broadside","Pedestrian Right of Way","Other Motor Vehicle","N","N","N","N"
7110459,"N","Y","Injury (Complaint of Pain)","N",2015,17.5833333333333,"Fall","PM","N","M","N","N","Y","N","N","N","N","N","Daylight","Sideswipe","Pedestrian Violation","Other Motor Vehicle","N","N","N","N"
7110521,"N","Y","Injury (Complaint of Pain)","N",2015,18.3333333333333,"Fall","PM","N","Th","N","N","Y","N","N","N","N","N","Dusk or Dawn","Other","Wrong Side of Road","Non-Collision","N","N","N","N"
7110529,"N","Y","PDO (property damage only)","N",2015,18.4166666666667,"Fall","PM","N","F","Y","N","Y","N","N","N","N","N","Dusk or Dawn","Broadside","Lights","Other Object","N","N","N","N"
7110692,"N","Y","Injury (Complaint of Pain)","N",2015,14.5,"Fall","N","N","M","N","N","Y","N","N","N","N","N","Daylight","Sideswipe","Lights","Other Motor Vehicle","N","N","N","N"
7110716,"N","Y","Injury (Complaint of Pain)","N",2015,16.25,"Fall","PM","N","Th","Y","N","Y","N","N","N","N","N","Daylight","Sideswipe","Lights","Other Motor Vehicle","N","N","N","N"
7111171,"N","Y","PDO (property damage only)","N",2015,13.3333333333333,"Summer","N","N","Tu","N","N","Y","N","N","N","N","N","Daylight","Broadside","Wrong Side of Road","Other Object","N","N","N","N"
7111226,"N","Y","PDO (property damage only)","N",2015,10.4166666666667,"Fall","N","N","Tu","N","N","Y","N","N","N","N","N","Daylight","Rear End","Wrong Side of Road","Other Motor Vehicle","N","N","N","N"
7111230,"N","Y","Injury (Complaint of Pain)","N",2015,15.0833333333333,"Fall","PM","N","M","N","N","Y","N","N","N","N","N","Daylight","Broadside","Pedestrian Violation","Other Motor Vehicle","N","N","N","N"
7111237,"N","N","PDO (property damage only)","N",2015,18.3333333333333,"Fall","PM","N","M","Y","N","N","Y","N","N","N","N","Dusk or Dawn","Sideswipe","Automobile Right of Way","Other Motor Vehicle","N","N","N","N"
7111242,"N","Y","Injury (Complaint of Pain)","N",2015,16.25,"Fall","PM","N","W","N","N","Y","N","N","N","N","N","Daylight","Other","Code 20","Other Object","N","N","N","N"
7111250,"N","Y","PDO (property damage only)","N",2015,13.6666666666667,"Fall","N","N","Tu","N","N","Y","N","N","N","N","N","Daylight","Sideswipe","Pedestrian Violation","Other Motor Vehicle","N","N","N","N"
7111251,"N","Y","Injury (Other Visible)","N",2015,11.5833333333333,"Fall","N","N","F","N","N","Y","N","N","N","N","N","Daylight","Broadside","Pedestrian Violation","Other Motor Vehicle","N","N","N","N"
7111649,"N","Y","PDO (property damage only)","N",2015,7.5,"Fall","AM","N","M","Y","N","N","Y","N","N","N","N","Daylight","Broadside","Pedestrian Violation","Other Motor Vehicle","N","N","N","N"
7111666,"N","Y","Injury (Other Visible)","N",2015,20.25,"Fall","N","N","M","Y","N","Y","N","N","N","N","N","Dark - Street Lights","Broadside","Pedestrian Violation","Other Motor Vehicle","N","N","N","N"
7111799,"N","N","Fatal","Y",2015,22.5,"Fall","N","N","Sa","Y","N","Y","N","N","N","N","N","Dark - Street Lights","Rear End","Wrong Side of Road","Parked Motor Vehicle","N","N","N","N"
7111844,"N","N","Fatal","Y",2015,17.5,"Fall","PM","N","M","N","N","Y","N","N","N","N","N","Daylight","Broadside","Pedestrian Violation","Other Motor Vehicle","N","N","N","N"
7111915,"N","Y","Injury (Complaint of Pain)","N",2015,5.66666666666667,"Fall","N","N","F","N","N","Y","N","N","N","N","N","Dark - Street Lights","Broadside","Impeding Traffic","Other Motor Vehicle","N","N","N","N"
7112506,"N","Y","Injury (Complaint of Pain)","N",2015,8.75,"Fall","N","N","Sa","N","N","Y","N","N","N","N","N","Daylight","Broadside","Pedestrian Violation","Other Motor Vehicle","N","N","N","N"