"CASE_ID","mc_killed","mc_injured","collision_severity","severe","accident_year","hours_since_midnight","season","rush_hour","late_night","day_of_week","intersection","state_hwy_ind","w_clear","w_cloudy","w_rainy","w_other","road_not_dry","road_condition_issue","lighting","type_of_collision","pcf_viol_category","mviw","alcohol_involved","truck_accident","pedestrian_accident","bicycle_accident"
7196645,"N","Y","Injury (Other Visible)","N",2015,18.3333333333333,"Winter","PM","N","Th","Y","N","Y","N","N","N","N","N","Dark - Street Lights","Head-On","Pedestrian Violation","Other Motor Vehicle","N","N","N","N"
7199750,"Y","N","Injury (Severe)","Y",2015,1.28333333333333,"Summer","N","Y","Sa","N","Y","Y","N","N","N","N","N","Dark - Street Lights","Hit Object","Wrong Side of Road","Fixed Object","Y","N","N","N"
8035053,"N","Y","PDO (property damage only)","N",2015,19.0833333333333,"Winter","N","N","Th","Y","N","Y","N","N","N","N","N","Dark - Street Lights","Head-On","Pedestrian Violation","Other Motor Vehicle","N","N","N","N"
8150906,"N","Y","Injury (Complaint of Pain)","N",2015,8.25,"Fall","AM","N","W","N","N","Y","N","N","N","N","N","Daylight","Other","Automobile Right of Way","Other Object","N","N","N","N"
90024844,"N","N","Fatal","Y",2015,8.66666666666667,"Fall","AM","N","W","N","Y","Y","N","N","N","N","N","Daylight","Overturned","Improper Turning","Non-Collision","N","N","N","N"
90025172,"N","Y","Injury (Complaint of Pain)","N",2015,8.58333333333333,"Fall","AM","N","W","N","Y","Y","N","N","N","N","N","Daylight","Overturned","Code 19","Non-Collision","N","N","N","N"
90026141,"N","Y","PDO (property damage only)","N",2015,14.0833333333333,"Fall","N","N","F","N","Y","Y","N","N","N","N","N","Daylight","Rear End","Wrong Side of Road","Other Motor Vehicle","N","N","N","N"
90026673,"N","Y","Injury (Complaint of Pain)","N",2015,7,"Fall","AM","N","W","N","Y","Y","N","N","N","N","Y","Daylight","Broadside","Automobile Right of Way","Other Motor Vehicle","N","N","N","N"
90027777,"N","N","Fatal","Y",2015,17.8333333333333,"Fall","PM","N","Th","N","Y","Y","N","N","N","N","N","Daylight","Sideswipe","Automobile Right of Way","Other Motor Vehicle","N","N","N","N"
90027838,"N","Y","Injury (Complaint of Pain)","N",2015,21.5833333333333,"Fall","N","N","Sa","N","Y","Y","N","N","N","N","N","Dark - Street Lights","Rear End","Wrong Side of Road","Other Motor Vehicle","N","N","N","N"
90029182,"N","Y","Injury (Complaint of Pain)","N",2015,14.5,"Fall","N","N","Th","N","Y","Y","N","N","N","N","N","Daylight","Overturned","Pedestrian Right of Way","Non-Collision","N","N","N","N"
90029303,"N","Y","PDO (property damage only)","N",2015,12.75,"Fall","N","N","F","N","Y","Y","N","N","N","N","N","Daylight","Sideswipe","Pedestrian Right of Way","Other Motor Vehicle","N","N","N","N"
90031805,"N","Y","Injury (Complaint of Pain)","N",2015,16.75,"Fall","PM","N","Tu","N","Y","Y","N","N","N","N","N","Daylight","Rear End","Wrong Side of Road","Other Motor Vehicle","N","N","N","N"
90032145,"N","Y","PDO (property damage only)","N",2015,14.6666666666667,"Fall","N","N","Th","N","Y","Y","N","N","N","N","N","Daylight","Rear End","Wrong Side of Road","Other Motor Vehicle","N","N","N","N"
90032225,"N","Y","Injury (Other Visible)","N",2015,15.5833333333333,"Fall","PM","N","W","N","Y","Y","N","N","N","N","N","Daylight","Broadside","Pedestrian Right of Way","Other Motor Vehicle","N","N","N","N"
90032602,"N","N","Fatal","Y",2015,22.75,"Fall","N","N","Th","N","Y","Y","N","N","N","N","N","Dark - Street Lights","Sideswipe","Automobile Right of Way","Other Motor Vehicle","N","N","N","N"
90032815,"N","Y","Injury (Complaint of Pain)","N",2015,7.25,"Fall","AM","N","Tu","N","Y","Y","N","N","N","N","N","Daylight","Rear End","Impeding Traffic","Other Motor Vehicle","N","N","N","N"
90033283,"N","N","Fatal","Y",2015,19.75,"Fall","N","N","F","N","Y","Y","N","N","N","N","N","Dark - Street Lights","Hit Object","Pedestrian Right of Way","Fixed Object","N","N","N","N"
90033345,"N","Y","Injury (Other Visible)","N",2015,7.08333333333333,"Fall","AM","N","F","N","Y","Y","N","N","N","N","N","Daylight","Sideswipe","Automobile Right of Way","Other Motor Vehicle","N","N","N","N"
90033775,"N","N","Fatal","Y",2015,14.6666666666667,"Fall","N","N","Th","N","Y","Y","N","N","N","N","N","Daylight","Sideswipe","Pedestrian Right of Way","Motor Vehicle on Other Roadway","N","N","N","N"
90034136,"N","Y","PDO (property damage only)","N",2015,10,"Fall","N","N","Th","N","Y","Y","N","N","N","N","N","Daylight","Sideswipe","Pedestrian Right of Way","Other Motor Vehicle","N","N","N","N"
90035032,"N","Y","Injury (Other Visible)","N",2015,13.75,"Fall","N","N","F","N","Y","Y","N","N","N","N","N","Daylight","Overturned","Wrong Side of Road","Non-Collision","N","N","N","N"
90035799,"N","N","Fatal","Y",2015,6.33333333333333,"Fall","N","N","W","N","Y","Y","N","N","N","N","N","Daylight","Hit Object","Wrong Side of Road","Fixed Object","N","N","N","N"
90035940,"N","Y","Injury (Complaint of Pain)","N",2015,14.3,"Fall","N","N","Th","N","Y","Y","N","N","N","N","N","Daylight","Overturned","Wrong Side of Road","Other Motor Vehicle","N","N","N","N"
90036083,"N","Y","Injury (Other Visible)","N",2015,7,"Fall","AM","N","M","N","Y","Y","N","N","N","N","N","Daylight","Rear End","Automobile Right of Way","Other Motor Vehicle","N","N","N","N"
90036142,"N","Y","Injury (Other Visible)","N",2015,17.1666666666667,"Fall","PM","N","Th","N","Y","Y","N","N","N","N","N","Daylight","Rear End","Pedestrian Right of Way","Other Motor Vehicle","N","N","N","N"
90036152,"N","Y","Injury (Complaint of Pain)","N",2015,19.5,"Fall","N","N","Th","N","Y","Y","N","N","N","N","N","Dark - Street Lights","Sideswipe","Pedestrian Right of Way","Other Motor Vehicle","N","N","N","N"
90036286,"N","Y","Injury (Complaint of Pain)","N",2015,10.0833333333333,"Fall","N","N","Su","N","Y","N","Y","N","N","N","Y","Daylight","Overturned","Wrong Side of Road","Non-Collision","N","N","N","N"
90037062,"N","Y","Injury (Complaint of Pain)","N",2015,16.4166666666667,"Fall","PM","N","F","N","Y","Y","N","N","N","N","N","Daylight","Sideswipe","Automobile Right of Way","Other Motor Vehicle","N","N","N","N"
90037115,"N","Y","Injury (Complaint of Pain)","N",2015,18.85,"Fall","PM","N","W","Y","N","Y","N","N","N","N","N","Dark - Street Lights","Broadside","Pedestrian Violation","Other Motor Vehicle","N","N","N","N"
90038343,"N","Y","Injury (Complaint of Pain)","N",2015,7.5,"Fall","AM","N","M","N","Y","Y","N","N","N","N","N","Daylight","Sideswipe","Pedestrian Right of Way","Other Motor Vehicle","N","N","N","N"
90038690,"N","Y","Injury (Complaint of Pain)","N",2015,9.25,"Fall","N","N","Tu","N","Y","Y","N","N","N","N","N","Daylight","Sideswipe","Wrong Side of Road","Other Motor Vehicle","N","N","N","N"
90038725,"N","Y","Injury (Other Visible)","N",2015,2.91666666666667,"Fall","N","Y","Sa","N","Y","Y","N","N","N","N","N","Dark - Street Lights","Hit Object","Unsafe Speed","Fixed Object","Y","N","N","N"
90038974,"N","Y","Injury (Complaint of Pain)","N",2015,2.33333333333333,"Fall","N","Y","F","N","Y","Y","N","N","N","N","N","Dark - Street Lights","Hit Object","Unsafe Speed","Fixed Object","Y","N","N","N"
90040583,"N","Y","PDO (property damage only)","N",2015,19.1666666666667,"Fall","N","N","Th","N","Y","Y","N","N","N","N","N","Dark - No Street Lights","Rear End","Wrong Side of Road","Other Motor Vehicle","N","N","N","N"
90041376,"N","Y","Injury (Complaint of Pain)","N",2015,18.4166666666667,"Fall","PM","N","W","N","Y","Y","N","N","N","N","N","Dusk or Dawn","Sideswipe","Pedestrian Right of Way","Other Motor Vehicle","N","N","N","N"
90041641,"N","Y","PDO (property damage only)","N",2015,8.16666666666667,"Fall","AM","N","Th","N","Y","Y","N","N","N","N","N","Daylight","Sideswipe","Automobile Right of Way","Other Motor Vehicle","N","N","N","N"
90041981,"N","Y","PDO (property damage only)","N",2015,16.75,"Fall","PM","N","F","N","Y","Y","N","N","N","N","N","Daylight","Sideswipe","Pedestrian Right of Way","Other Motor Vehicle","N","N","N","N"
90042833,"N","Y","PDO (property damage only)","N",2015,5.91666666666667,"Fall","N","N","W","N","Y","Y","N","N","N","N","N","Dark - No Street Lights","Rear End","Wrong Side of Road","Other Motor Vehicle","N","N","N","N"
90042882,"N","Y","PDO (property damage only)","N",2015,16.6666666666667,"Fall","PM","N","Th","N","Y","Y","N","N","N","N","N","Daylight","Sideswipe","Automobile Right of Way","Other Motor Vehicle","N","N","N","N"
90042908,"N","Y","Injury (Other Visible)","N",2015,17.2333333333333,"Fall","PM","N","F","N","Y","Y","N","N","N","N","N","Daylight","Sideswipe","Wrong Side of Road","Other Motor Vehicle","N","N","N","N"
90043150,"N","N","Fatal","Y",2015,18.3333333333333,"Fall","N","N","Sa","N","Y","Y","N","N","N","N","N","Dark - No Street Lights","Sideswipe","Automobile Right of Way","Other Motor Vehicle","N","N","N","N"
90043181,"N","Y","Injury (Complaint of Pain)","N",2015,22.3333333333333,"Fall","N","N","Tu","N","Y","Y","N","N","N","N","N","Dark - No Street Lights","Hit Object","Wrong Side of Road","Other Object","N","N","N","N"
90043439,"N","Y","PDO (property damage only)","N",2015,6.66666666666667,"Fall","N","N","F","N","Y","Y","N","N","N","N","N","Daylight","Overturned","Other Improper Driving","Non-Collision","N","N","N","N"
90043516,"N","Y","PDO (property damage only)","N",2015,19.6666666666667,"Fall","N","N","F","N","Y","Y","N","N","N","N","N","Dark - Street Lights","Sideswipe","Automobile Right of Way","Other Motor Vehicle","N","N","N","N"
90043588,"N","Y","Injury (Complaint of Pain)","N",2015,6.83333333333333,"Fall","N","N","Th","N","Y","Y","N","N","N","N","N","Daylight","Sideswipe","Improper Turning","Other Motor Vehicle","N","N","N","N"
90043789,"N","Y","PDO (property damage only)","N",2015,7.66666666666667,"Fall","N","N","Sa","N","N","Y","N","N","N","N","N","Daylight","Rear End","Wrong Side of Road","Other Motor Vehicle","N","N","N","N"
90044125,"N","Y","PDO (property damage only)","N",2015,9,"Fall","AM","N","W","N","Y","Y","N","N","N","N","N","Daylight","Overturned","Wrong Side of Road","Non-Collision","N","N","N","N"
90044719,"N","Y","Injury (Complaint of Pain)","N",2015,18.4166666666667,"Fall","PM","N","Th","N","Y","Y","N","N","N","N","N","Dusk or Dawn","Overturned","Pedestrian Right of Way","Fixed Object","N","N","N","N"
90044926,"N","Y","Injury (Other Visible)","N",2015,12.5833333333333,"Fall","N","N","M","N","Y","Y","N","N","N","N","N","Daylight","Sideswipe","Automobile Right of Way","Other Motor Vehicle","N","N","N","N"
90045010,"N","N","PDO (property damage only)","N",2015,6.16666666666667,"Fall","N","N","W","N","Y","Y","N","N","N","N","N","Dark - Street Lights","Hit Object","Pedestrian Right of Way","Fixed Object","N","N","N","N"
90045096,"N","Y","Injury (Other Visible)","N",2015,17.8333333333333,"Fall","PM","N","Th","N","Y","Y","N","N","N","N","N","Daylight","Overturned","Automobile Right of Way","Non-Collision","N","N","N","N"
90045143,"N","Y","Injury (Complaint of Pain)","N",2015,16.25,"Fall","PM","N","Th","N","Y","Y","N","N","N","N","N","Daylight","Sideswipe","Automobile Right of Way","Other Motor Vehicle","N","N","N","N"
90045353,"N","Y","PDO (property damage only)","N",2015,8.33333333333333,"Fall","AM","N","Tu","N","Y","Y","N","N","N","N","N","Daylight","Sideswipe","Automobile Right of Way","Other Motor Vehicle","N","N","N","N"
90045975,"N","Y","PDO (property damage only)","N",2015,15.6666666666667,"Fall","PM","N","F","N","Y","Y","N","N","N","N","N","Daylight","Sideswipe","Automobile Right of Way","Other Motor Vehicle","N","N","N","N"
90046328,"N","Y","Injury (Complaint of Pain)","N",2015,11.8333333333333,"Fall","N","N","Th","N","Y","Y","N","N","N","N","N","Daylight","Sideswipe","Automobile Right of Way","Other Motor Vehicle","N","N","N","N"
90046427,"N","Y","Injury (Other Visible)","N",2015,19.7666666666667,"Fall","N","N","W","N","Y","Y","N","N","N","N","N","Dark - No Street Lights","Hit Object","Pedestrian Right of Way","Fixed Object","N","N","N","N"
90046444,"N","N","Fatal","Y",2015,14.4166666666667,"Fall","N","N","M","N","Y","Y","N","N","N","N","N","Daylight","Rear End","Wrong Side of Road","Other Motor Vehicle","N","N","N","N"
90046527,"N","Y","Injury (Complaint of Pain)","N",2015,11,"Fall","N","N","Sa","N","Y","Y","N","N","N","N","N","Daylight","Hit Object","Pedestrian Right of Way","Fixed Object","N","N","N","N"
90046551,"N","Y","Injury (Complaint of Pain)","N",2015,14.5,"Fall","N","N","Sa","N","Y","Y","N","N","N","N","N","Daylight","Overturned","Wrong Side of Road","Non-Collision","N","N","N","N"
90047229,"N","Y","PDO (property damage only)","N",2015,18.25,"Fall","PM","N","F","N","Y","Y","N","N","N","N","N","Daylight","Sideswipe","Automobile Right of Way","Other Motor Vehicle","N","N","N","N"
90047511,"N","Y","Injury (Complaint of Pain)","N",2015,17.95,"Fall","PM","N","Th","N","Y","Y","N","N","N","N","N","Dusk or Dawn","Sideswipe","Pedestrian Right of Way","Other Motor Vehicle","N","N","N","N"
90047815,"N","N","Fatal","Y",2015,8.33333333333333,"Fall","AM","N","W","N","Y","Y","N","N","N","N","N","Daylight","Sideswipe","Impeding Traffic","Other Motor Vehicle","N","N","N","N"
90048297,"N","Y","Injury (Other Visible)","N",2015,6.5,"Fall","N","N","Tu","N","Y","N","Y","N","N","N","N","Dusk or Dawn","Hit Object","Pedestrian Right of Way","Fixed Object","N","N","N","N"
90048359,"N","Y","Injury (Complaint of Pain)","N",2015,16.6666666666667,"Fall","PM","N","F","N","Y","Y","N","N","N","N","N","Daylight","Sideswipe","Improper Turning","Other Motor Vehicle","N","N","N","N"
90048411,"N","Y","PDO (property damage only)","N",2015,17.5833333333333,"Fall","PM","N","M","N","Y","Y","N","N","N","N","N","Daylight","Sideswipe","Automobile Right of Way","Other Motor Vehicle","N","N","N","N"
90048425,"N","N","Fatal","Y",2015,18.1166666666667,"Fall","PM","N","Tu","N","Y","Y","N","N","N","N","N","Dusk or Dawn","Overturned","Pedestrian Right of Way","Non-Collision","N","N","N","N"
90048496,"N","Y","Injury (Complaint of Pain)","N",2015,7.75,"Fall","AM","N","W","N","Y","N","Y","N","N","N","N","Daylight","Sideswipe","Wrong Side of Road","Other Motor Vehicle","N","N","N","N"
90048513,"N","Y","Injury (Complaint of Pain)","N",2015,8.41666666666667,"Fall","AM","N","Th","N","Y","Y","N","N","N","N","N","Daylight","Sideswipe","Automobile Right of Way","Other Motor Vehicle","N","N","N","N"
90048931,"N","Y","Injury (Complaint of Pain)","N",2015,10.45,"Fall","N","N","Sa","N","Y","Y","N","N","N","N","N","Daylight","Hit Object","Pedestrian Right of Way","Fixed Object","N","N","N","N"
90049127,"N","Y","PDO (property damage only)","N",2015,6.5,"Fall","N","N","W","N","Y","Y","N","N","N","N","N","Daylight","Rear End","Wrong Side of Road","Other Motor Vehicle","N","N","N","N"
90049233,"N","Y","PDO (property damage only)","N",2015,21.0833333333333,"Fall","N","N","Th","N","Y","Y","N","N","N","N","N","Dark - Street Lights","Rear End","Wrong Side of Road","Other Motor Vehicle","N","N","N","N"
90049346,"N","Y","Injury (Complaint of Pain)","N",2015,14,"Fall","N","N","Su","N","Y","Y","N","N","N","N","N","Daylight","Sideswipe","Pedestrian Right of Way","Other Motor Vehicle","Y","N","N","N"
90049454,"N","Y","Injury (Complaint of Pain)","N",2015,4.58333333333333,"Fall","N","Y","W","N","Y","Y","N","N","N","N","Y","Dark - Street Lights","Hit Object","Wrong Side of Road","Other Object","Y","N","N","N"
90049999,"N","Y","PDO (property damage only)","N",2015,21.5,"Fall","N","N","Tu","N","Y","Y","N","N","N","N","N","Dark - No Street Lights","Sideswipe","Pedestrian Right of Way","Other Motor Vehicle","N","N","N","N"
90050064,"N","Y","Injury (Complaint of Pain)","N",2015,15,"Fall","PM","N","F","N","Y","Y","N","N","N","N","N","Daylight","Sideswipe","Automobile Right of Way","Other Motor Vehicle","N","N","N","N"
90050291,"N","N","Fatal","Y",2015,16.4166666666667,"Fall","PM","N","M","N","Y","Y","N","N","N","N","N","Daylight","Sideswipe","Wrong Side of Road","Other Motor Vehicle","N","N","N","N"
90050810,"N","N","Fatal","Y",2015,7.6,"Fall","AM","N","Th","N","Y","Y","N","N","N","N","N","Daylight","Sideswipe","Wrong Side of Road","Other Motor Vehicle","N","N","N","N"
90051508,"N","Y","PDO (property damage only)","N",2015,8.58333333333333,"Fall","AM","N","Tu","N","Y","Y","N","N","N","N","N","Daylight","Sideswipe","Automobile Right of Way","Other Motor Vehicle","N","N","N","N"
90051924,"N","Y","PDO (property damage only)","N",2015,6.66666666666667,"Fall","N","N","W","N","Y","Y","N","N","N","N","N","Dark - Street Lights","Sideswipe","Automobile Right of Way","Other Motor Vehicle","N","N","N","N"
90051958,"N","Y","Injury (Complaint of Pain)","N",2015,16.75,"Fall","PM","N","Th","N","Y","N","Y","N","N","N","N","Daylight","Sideswipe","Automobile Right of Way","Other Motor Vehicle","N","N","N","N"
90052411,"N","Y","Injury (Complaint of Pain)","N",2015,19.25,"Fall","N","N","W","N","Y","Y","N","N","N","N","N","Dark - Street Lights","Overturned","Wrong Side of Road","Non-Collision","N","N","N","N"
90052752,"N","Y","PDO (property damage only)","N",2015,12.4166666666667,"Fall","N","N","Th","N","Y","Y","N","N","N","N","N","Daylight","Overturned","Wrong Side of Road","Non-Collision","N","N","N","N"
90052888,"N","Y","Injury (Complaint of Pain)","N",2015,21.5,"Fall","N","N","Sa","N","Y","Y","N","N","N","N","N","Dark - No Street Lights","Overturned","Wrong Side of Road","Non-Collision","N","N","N","N"
90053066,"N","Y","Injury (Complaint of Pain)","N",2015,7.75,"Fall","AM","N","M","N","Y","Y","N","N","N","N","N","Daylight","Rear End","Automobile Right of Way","Other Motor Vehicle","N","N","N","N"
90053180,"N","Y","Injury (Complaint of Pain)","N",2015,6.33333333333333,"Fall","N","N","F","N","Y","Y","N","N","N","N","N","Dusk or Dawn","Sideswipe","Automobile Right of Way","Other Motor Vehicle","N","N","N","N"
90053490,"N","Y","PDO (property damage only)","N",2015,17.5,"Fall","PM","N","F","N","Y","Y","N","N","N","N","N","Daylight","Sideswipe","Automobile Right of Way","Other Motor Vehicle","N","N","N","N"
90053882,"N","Y","Injury (Complaint of Pain)","N",2015,17,"Fall","PM","N","Th","N","Y","Y","N","N","N","N","N","Dusk or Dawn","Sideswipe","Automobile Right of Way","Other Motor Vehicle","N","N","N","N"
90053983,"N","N","Fatal","Y",2015,4.61666666666667,"Fall","N","Y","W","N","Y","Y","N","N","N","N","N","Dark - No Street Lights","Rear End","Wrong Side of Road","Other Motor Vehicle","N","Y","N","N"
90054033,"N","Y","Injury (Complaint of Pain)","N",2015,5.83333333333333,"Fall","N","N","Tu","N","Y","Y","N","N","N","N","N","Dusk or Dawn","Overturned","Pedestrian Right of Way","Non-Collision","N","N","N","N"
90054137,"N","Y","Injury (Complaint of Pain)","N",2015,15.1333333333333,"Fall","PM","N","F","N","Y","Y","N","N","N","N","N","Daylight","Overturned","Pedestrian Right of Way","Non-Collision","N","N","N","N"
90055933,"N","Y","Injury (Complaint of Pain)","N",2015,17.6666666666667,"Fall","PM","N","Th","N","Y","Y","N","N","N","N","N","Dusk or Dawn","Sideswipe","Automobile Right of Way","Other Motor Vehicle","N","N","N","N"
90055967,"N","Y","Injury (Other Visible)","N",2015,19.9166666666667,"Fall","N","N","Th","N","Y","Y","N","N","N","N","N","Dark - No Street Lights","Rear End","Unsafe Speed","Other Motor Vehicle","Y","N","N","N"
90056040,"N","Y","PDO (property damage only)","N",2015,13,"Fall","N","N","Sa","N","Y","Y","N","N","N","N","N","Daylight","Sideswipe","Wrong Side of Road","Other Motor Vehicle","N","N","N","N"
90056195,"N","Y","PDO (property damage only)","N",2015,19.75,"Fall","N","N","M","N","Y","Y","N","N","N","N","N","Dark - No Street Lights","Rear End","Wrong Side of Road","Other Motor Vehicle","N","N","N","N"
90056718,"N","Y","Injury (Complaint of Pain)","N",2015,8.13333333333333,"Fall","AM","N","M","N","Y","Y","N","N","N","N","N","Daylight","Rear End","Wrong Side of Road","Other Motor Vehicle","N","N","N","N"
90056981,"N","Y","PDO (property damage only)","N",2015,13.1666666666667,"Fall","N","N","Tu","N","Y","Y","N","N","N","N","N","Daylight","Sideswipe","Pedestrian Right of Way","Other Motor Vehicle","N","N","N","N"
90059174,"N","N","Fatal","Y",2015,11.9333333333333,"Fall","N","N","Sa","N","Y","Y","N","N","N","N","N","Daylight","Rear End","Wrong Side of Road","Other Motor Vehicle","N","N","N","N"
90060100,"Y","N","Injury (Severe)","Y",2015,8.63333333333333,"Fall","AM","N","M","N","Y","Y","N","N","N","N","N","Daylight","Rear End","Wrong Side of Road","Other Motor Vehicle","N","N","N","N"
90060318,"N","N","Fatal","Y",2015,8.5,"Fall","AM","N","Tu","N","Y","Y","N","N","N","N","N","Daylight","Sideswipe","Pedestrian Right of Way","Other Motor Vehicle","N","N","N","N"
90060487,"N","Y","PDO (property damage only)","N",2015,8.83333333333333,"Fall","AM","N","W","N","Y","Y","N","N","N","N","N","Daylight","Sideswipe","Automobile Right of Way","Other Motor Vehicle","N","N","N","N"
90060594,"N","N","Fatal","Y",2015,9.75,"Fall","N","N","F","N","Y","Y","N","N","N","N","N","Daylight","Sideswipe","Automobile Right of Way","Other Motor Vehicle","N","N","N","N"
90060601,"N","Y","Injury (Complaint of Pain)","N",2015,16.9166666666667,"Fall","PM","N","Th","N","Y","Y","N","N","N","N","N","Dusk or Dawn","Overturned","Pedestrian Right of Way","Non-Collision","N","N","N","N"
90060825,"N","Y","Injury (Complaint of Pain)","N",2015,8.41666666666667,"Fall","AM","N","F","N","Y","Y","N","N","N","N","N","Daylight","Overturned","Wrong Side of Road","Non-Collision","N","N","N","N"
90061071,"N","Y","Injury (Complaint of Pain)","N",2015,17.75,"Fall","PM","N","F","N","Y","Y","N","N","N","N","N","Daylight","Rear End","Wrong Side of Road","Other Motor Vehicle","N","N","N","N"
90061170,"N","Y","PDO (property damage only)","N",2015,15.1666666666667,"Fall","N","N","Sa","N","Y","Y","N","N","N","N","N","Daylight","Sideswipe","Pedestrian Right of Way","Other Motor Vehicle","N","N","N","N"
90061287,"N","Y","Injury (Complaint of Pain)","N",2015,18.05,"Fall","N","N","Su","N","Y","Y","N","N","N","N","N","Daylight","Overturned","Pedestrian Right of Way","Fixed Object","N","N","N","N"
90062681,"N","Y","Injury (Complaint of Pain)","N",2015,12.6666666666667,"Fall","N","N","Su","N","Y","Y","N","N","N","N","N","Daylight","Overturned","Unsafe Speed","Non-Collision","N","N","N","N"
90062699,"N","Y","Injury (Complaint of Pain)","N",2015,16,"Fall","PM","N","F","N","Y","Y","N","N","N","N","N","Daylight","Overturned","Pedestrian Right of Way","Non-Collision","N","N","N","N"
90062980,"N","Y","Injury (Other Visible)","N",2015,14.3,"Fall","N","N","Th","N","Y","Y","N","N","N","N","N","Daylight","Rear End","Wrong Side of Road","Other Motor Vehicle","N","N","N","N"
90063043,"N","Y","Injury (Complaint of Pain)","N",2015,18.0833333333333,"Fall","PM","N","Tu","N","Y","Y","N","N","N","N","N","Dark - Street Lights","Rear End","Wrong Side of Road","Other Motor Vehicle","N","N","N","N"
90063049,"N","Y","Injury (Complaint of Pain)","N",2015,8.96666666666667,"Fall","AM","N","Th","N","Y","Y","N","N","N","N","N","Daylight","Sideswipe","Automobile Right of Way","Other Motor Vehicle","N","N","N","N"
90063279,"N","Y","Injury (Complaint of Pain)","N",2015,14.5,"Fall","N","N","M","N","Y","Y","N","N","N","N","N","Daylight","Sideswipe","Pedestrian Right of Way","Other Motor Vehicle","N","N","N","N"
90063956,"N","Y","PDO (property damage only)","N",2015,19.25,"Fall","N","N","Tu","N","Y","Y","N","N","N","N","N","Dark - Street Lights","Rear End","Automobile Right of Way","Other Motor Vehicle","N","N","N","N"
90064255,"N","N","Fatal","Y",2015,18.6666666666667,"Fall","PM","N","Tu","N","Y","Y","N","N","N","N","N","Dark - Street Lights","Sideswipe","Automobile Right of Way","Other Motor Vehicle","N","N","N","N"
90064284,"N","Y","PDO (property damage only)","N",2015,19.4833333333333,"Fall","N","N","W","N","Y","Y","N","N","N","N","N","Dark - No Street Lights","Rear End","Automobile Right of Way","Other Motor Vehicle","N","N","N","N"
90064511,"N","N","Fatal","Y",2015,20.8333333333333,"Fall","N","N","Tu","N","Y","Y","N","N","N","N","N","Dark - No Street Lights","Rear End","Wrong Side of Road","Other Motor Vehicle","N","N","N","N"
90064745,"N","Y","PDO (property damage only)","N",2015,15.75,"Fall","PM","N","Th","N","Y","Y","N","N","N","N","N","Daylight","Rear End","Wrong Side of Road","Other Motor Vehicle","N","N","N","N"
90064998,"N","Y","Injury (Complaint of Pain)","N",2015,10,"Fall","N","N","M","N","Y","Y","N","N","N","N","N","Daylight","Hit Object","Code 19","Other Object","N","N","N","N"
90065078,"N","N","Fatal","Y",2015,19.0833333333333,"Fall","N","N","Sa","N","Y","Y","N","N","N","N","N","Dark - Street Lights","Rear End","Wrong Side of Road","Other Motor Vehicle","N","N","N","N"
90066147,"N","Y","Injury (Complaint of Pain)","N",2015,1.78333333333333,"Fall","N","Y","Th","N","Y","Y","N","N","N","N","N","Dark - Street Lights","Rear End","Wrong Side of Road","Other Motor Vehicle","N","N","N","N"
90066386,"N","Y","Injury (Complaint of Pain)","N",2015,14.75,"Fall","N","N","F","N","Y","Y","N","N","N","N","N","Daylight","Sideswipe","Impeding Traffic","Other Motor Vehicle","N","N","N","N"
90066423,"N","Y","PDO (property damage only)","N",2015,6.66666666666667,"Fall","N","N","Th","N","Y","Y","N","N","N","N","N","Daylight","Sideswipe","Wrong Side of Road","Other Motor Vehicle","N","N","N","N"
90066526,"N","Y","Injury (Complaint of Pain)","N",2015,22,"Fall","N","N","W","N","Y","Y","N","N","N","N","N","Dark - Street Lights","Hit Object","Wrong Side of Road","Fixed Object","N","N","N","N"
90067072,"N","Y","Injury (Complaint of Pain)","N",2015,14.9833333333333,"Fall","N","N","Tu","N","Y","Y","N","N","N","N","N","Daylight","Sideswipe","Automobile Right of Way","Other Motor Vehicle","N","Y","N","N"
90067174,"N","Y","Injury (Other Visible)","N",2015,7.83333333333333,"Fall","AM","N","Tu","N","Y","Y","N","N","N","N","N","Daylight","Rear End","Pedestrian Right of Way","Other Motor Vehicle","N","N","N","N"
90067731,"N","Y","PDO (property damage only)","N",2015,18.4166666666667,"Fall","PM","N","M","N","Y","Y","N","N","N","N","N","Dark - No Street Lights","Broadside","Automobile Right of Way","Other Motor Vehicle","N","N","N","N"
90067904,"N","Y","Injury (Complaint of Pain)","N",2015,11.5,"Fall","N","N","Sa","N","Y","Y","N","N","N","N","N","Daylight","Sideswipe","Impeding Traffic","Other Motor Vehicle","N","N","N","N"
90068136,"N","Y","Injury (Other Visible)","N",2015,11.6666666666667,"Fall","N","N","W","N","Y","Y","N","N","N","N","N","Daylight","Rear End","Wrong Side of Road","Other Motor Vehicle","N","N","N","N"
90068231,"N","Y","PDO (property damage only)","N",2015,16,"Fall","PM","N","W","N","Y","Y","N","N","N","N","N","Daylight","Sideswipe","Pedestrian Right of Way","Other Motor Vehicle","N","N","N","N"
90068245,"N","Y","Injury (Complaint of Pain)","N",2015,16.0833333333333,"Fall","PM","N","M","N","Y","N","Y","N","N","N","N","Daylight","Rear End","Wrong Side of Road","Other Motor Vehicle","N","N","N","N"
90068475,"N","Y","Injury (Other Visible)","N",2015,8.53333333333333,"Fall","AM","N","W","N","Y","Y","N","N","N","N","N","Daylight","Rear End","Wrong Side of Road","Other Motor Vehicle","N","N","N","N"