"CASE_ID","mc_killed","mc_injured","collision_severity","severe","accident_year","hours_since_midnight","season","rush_hour","late_night","day_of_week","intersection","state_hwy_ind","w_clear","w_cloudy","w_rainy","w_other","road_not_dry","road_condition_issue","lighting","type_of_collision","pcf_viol_category","mviw","alcohol_involved","truck_accident","pedestrian_accident","bicycle_accident"
90068658,"N","Y","Injury (Complaint of Pain)","N",2015,1.16666666666667,"Fall","N","Y","Su","N","Y","Y","N","N","N","N","N","Dark - Street Lights","Hit Object","Unsafe Speed","Fixed Object","Y","N","N","N"
90069123,"N","N","Fatal","Y",2015,18.3333333333333,"Fall","PM","N","M","N","Y","Y","N","N","N","N","N","Dark - No Street Lights","Sideswipe","Automobile Right of Way","Other Motor Vehicle","N","N","N","N"
90069524,"N","N","Fatal","Y",2015,13.5833333333333,"Fall","N","N","Tu","N","Y","Y","N","N","N","N","N","Daylight","Rear End","Wrong Side of Road","Other Motor Vehicle","N","N","N","N"
90073216,"N","Y","Injury (Complaint of Pain)","N",2015,17.25,"Fall","PM","N","F","N","Y","Y","N","N","N","N","N","Dark - Street Lights","Sideswipe","Automobile Right of Way","Other Motor Vehicle","N","N","N","N"
90073444,"N","Y","Injury (Other Visible)","N",2015,14.0833333333333,"Fall","N","N","Th","N","Y","Y","N","N","N","N","N","Daylight","Rear End","Pedestrian Right of Way","Other Motor Vehicle","N","N","N","N"
90075185,"N","Y","Injury (Complaint of Pain)","N",2015,16.5333333333333,"Fall","PM","N","Th","N","Y","Y","N","N","N","N","N","Daylight","Rear End","Automobile Right of Way","Other Motor Vehicle","N","N","N","N"
90075232,"N","N","Fatal","Y",2015,12.5,"Fall","N","N","Tu","N","Y","Y","N","N","N","N","N","Daylight","Rear End","Wrong Side of Road","Other Motor Vehicle","N","N","N","N"
90075320,"N","N","Fatal","Y",2015,18.3166666666667,"Fall","PM","N","W","N","Y","Y","N","N","N","N","N","Dark - No Street Lights","Sideswipe","Wrong Side of Road","Other Motor Vehicle","N","N","N","N"
90075710,"N","N","Fatal","Y",2015,13.75,"Fall","N","N","M","N","Y","Y","N","N","N","N","N","Daylight","Rear End","Wrong Side of Road","Other Motor Vehicle","N","N","N","N"
90075961,"N","Y","PDO (property damage only)","N",2015,8.41666666666667,"Fall","AM","N","W","N","Y","Y","N","N","N","N","N","Daylight","Overturned","Wrong Side of Road","Non-Collision","N","N","N","N"
90076098,"N","N","Fatal","Y",2015,11,"Fall","N","N","W","N","Y","Y","N","N","N","N","N","Daylight","Sideswipe","Wrong Side of Road","Other Motor Vehicle","N","N","N","N"
90076111,"N","N","Fatal","Y",2015,16,"Fall","PM","N","Tu","N","Y","Y","N","N","N","N","N","Daylight","Sideswipe","Pedestrian Right of Way","Other Motor Vehicle","N","N","N","N"
90076121,"N","Y","PDO (property damage only)","N",2015,19.5,"Fall","N","N","Tu","N","Y","Y","N","N","N","N","N","Dark - Street Lights","Sideswipe","Automobile Right of Way","Other Motor Vehicle","N","N","N","N"
90076129,"N","N","Fatal","Y",2015,18.5,"Fall","PM","N","Tu","N","Y","Y","N","N","N","N","N","Dark - Street Lights","Sideswipe","Automobile Right of Way","Other Motor Vehicle","N","N","N","N"
90076242,"N","N","Fatal","Y",2015,17.5,"Fall","PM","N","F","N","Y","Y","N","N","N","N","N","Dark - Street Lights","Sideswipe","Pedestrian Right of Way","Other Motor Vehicle","N","N","N","N"
90076347,"N","Y","Injury (Complaint of Pain)","N",2015,18.0833333333333,"Fall","PM","N","Tu","N","Y","Y","N","N","N","N","N","Dark - Street Lights","Sideswipe","Automobile Right of Way","Other Motor Vehicle","N","N","N","N"
90076354,"N","Y","Injury (Complaint of Pain)","N",2015,8.61666666666667,"Fall","AM","N","M","N","Y","N","Y","N","N","N","N","Daylight","Rear End","Automobile Right of Way","Other Motor Vehicle","N","N","N","N"
90078461,"N","Y","Injury (Complaint of Pain)","N",2015,6.16666666666667,"Fall","N","N","F","N","Y","Y","N","N","N","N","N","Dusk or Dawn","Hit Object","Pedestrian Right of Way","Fixed Object","N","N","N","N"
90078682,"N","Y","Injury (Other Visible)","N",2015,3.46666666666667,"Winter","N","Y","Sa","N","Y","Y","N","N","N","N","Y","Dark - Street Lights","Rear End","Wrong Side of Road","Other Motor Vehicle","Y","N","N","N"
90078886,"N","Y","PDO (property damage only)","N",2015,17.75,"Fall","PM","N","Tu","N","Y","Y","N","N","N","N","N","Dusk or Dawn","Sideswipe","Automobile Right of Way","Other Motor Vehicle","N","N","N","N"
90079131,"N","Y","PDO (property damage only)","N",2015,13,"Fall","N","N","W","N","Y","Y","N","N","N","N","N","Daylight","Overturned","Wrong Side of Road","Non-Collision","N","N","N","N"
90079408,"N","N","Fatal","Y",2015,15.8333333333333,"Fall","N","N","Su","N","Y","Y","N","N","N","N","N","Daylight","Sideswipe","Improper Turning","Other Motor Vehicle","N","N","N","N"
90079498,"N","Y","PDO (property damage only)","N",2015,15.2,"Fall","PM","N","F","N","Y","Y","N","N","N","N","N","Daylight","Sideswipe","Pedestrian Right of Way","Other Motor Vehicle","N","N","N","N"
90079714,"N","Y","Injury (Other Visible)","N",2015,6.91666666666667,"Fall","N","N","Th","N","Y","Y","N","N","N","N","N","Daylight","Sideswipe","Pedestrian Right of Way","Other Motor Vehicle","N","N","N","N"
90079790,"N","Y","Injury (Complaint of Pain)","N",2015,23.75,"Fall","N","Y","F","N","Y","Y","N","N","N","N","N","Dark - Street Lights","Sideswipe","Improper Turning","Other Motor Vehicle","N","N","N","N"
90080005,"N","Y","PDO (property damage only)","N",2015,16.7833333333333,"Fall","PM","N","Th","N","Y","Y","N","N","N","N","N","Dusk or Dawn","Sideswipe","Automobile Right of Way","Other Motor Vehicle","N","N","N","N"
90080029,"N","Y","Injury (Other Visible)","N",2015,17.5,"Fall","PM","N","Tu","N","Y","Y","N","N","N","N","N","Dusk or Dawn","Overturned","Driving or Bicycling Under the Influence of Alcohol or Drug","Non-Collision","N","N","N","N"
90080058,"N","Y","PDO (property damage only)","N",2015,15.9166666666667,"Fall","PM","N","F","N","Y","N","Y","N","N","N","N","Daylight","Rear End","Wrong Side of Road","Other Motor Vehicle","N","N","N","N"
90080209,"N","Y","Injury (Complaint of Pain)","N",2015,18,"Fall","PM","N","Th","N","Y","Y","N","N","N","N","N","Dark - Street Lights","Sideswipe","Wrong Side of Road","Other Motor Vehicle","N","N","N","N"
90080255,"N","N","Fatal","Y",2015,20,"Fall","N","N","F","N","Y","Y","N","N","N","N","N","Dark - Street Lights","Rear End","Wrong Side of Road","Other Motor Vehicle","N","N","N","N"
90080657,"N","N","Fatal","Y",2015,7.5,"Fall","AM","N","Tu","N","Y","Y","N","N","N","N","N","Daylight","Rear End","Wrong Side of Road","Other Motor Vehicle","N","N","N","N"
90081006,"N","Y","Injury (Complaint of Pain)","N",2015,0.833333333333333,"Fall","N","Y","F","N","Y","Y","N","N","N","Y","N","Dark - Street Lights","Overturned","Wrong Side of Road","Non-Collision","N","N","N","N"
90082015,"N","Y","PDO (property damage only)","N",2015,16.9166666666667,"Fall","PM","N","Th","N","Y","Y","N","N","N","N","N","Dusk or Dawn","Sideswipe","Automobile Right of Way","Other Motor Vehicle","N","N","N","N"
90083759,"N","Y","Injury (Complaint of Pain)","N",2015,16.05,"Winter","PM","N","Tu","N","Y","Y","N","N","N","N","N","Daylight","Sideswipe","Pedestrian Right of Way","Other Motor Vehicle","N","N","N","N"
90084332,"N","Y","Injury (Complaint of Pain)","N",2015,15.1666666666667,"Fall","N","N","Su","N","Y","Y","N","N","N","N","N","Daylight","Rear End","Wrong Side of Road","Other Motor Vehicle","N","N","N","N"
90085205,"N","Y","PDO (property damage only)","N",2015,9.58333333333333,"Fall","N","N","Tu","N","Y","Y","N","N","N","N","N","Daylight","Rear End","Automobile Right of Way","Other Motor Vehicle","N","N","N","N"
90085605,"N","Y","PDO (property damage only)","N",2015,16.25,"Fall","PM","N","W","N","Y","Y","N","N","N","N","N","Daylight","Rear End","Impeding Traffic","Other Motor Vehicle","N","N","N","N"
90085953,"N","Y","Injury (Other Visible)","N",2015,2.95,"Fall","N","Y","Sa","N","Y","Y","N","N","N","N","N","Dark - Street Lights","Hit Object","Unsafe Speed","Fixed Object","Y","N","N","N"
90086988,"N","N","Fatal","Y",2015,10.4166666666667,"Fall","N","N","Sa","N","Y","Y","N","N","N","N","N","Daylight","Hit Object","Pedestrian Right of Way","Fixed Object","N","N","N","N"
90087000,"N","Y","Injury (Complaint of Pain)","N",2015,19.1666666666667,"Fall","N","N","F","N","Y","Y","N","N","N","N","N","Dark - Street Lights","Sideswipe","Wrong Side of Road","Other Motor Vehicle","N","N","N","N"
90087014,"N","Y","PDO (property damage only)","N",2015,19.5,"Fall","N","N","Sa","N","Y","Y","N","N","N","N","N","Dark - Street Lights","Rear End","Wrong Side of Road","Other Motor Vehicle","N","N","N","N"
90087364,"N","Y","PDO (property damage only)","N",2015,15.6333333333333,"Fall","PM","N","F","N","Y","Y","N","N","N","N","N","Daylight","Sideswipe","Wrong Side of Road","Other Motor Vehicle","N","N","N","N"
90087815,"Y","N","Injury (Severe)","Y",2015,22.9166666666667,"Fall","N","N","F","N","Y","Y","N","N","N","N","N","Dark - No Street Lights","Rear End","Wrong Side of Road","Other Motor Vehicle","Y","N","N","N"
90089881,"N","Y","PDO (property damage only)","N",2015,7.63333333333333,"Fall","AM","N","Tu","N","Y","Y","N","N","N","N","N","Daylight","Overturned","Automobile Right of Way","Non-Collision","N","N","N","N"
90089983,"N","N","Fatal","Y",2015,17.3333333333333,"Fall","PM","N","Tu","N","Y","Y","N","N","N","N","N","Dark - Street Lights","Overturned","Pedestrian Right of Way","Non-Collision","N","N","N","N"
90092982,"N","Y","Injury (Complaint of Pain)","N",2015,18,"Winter","PM","N","Tu","N","Y","Y","N","N","N","N","N","Dark - Street Lights","Rear End","Automobile Right of Way","Other Motor Vehicle","N","N","N","N"
90093546,"N","Y","PDO (property damage only)","N",2015,8.83333333333333,"Fall","AM","N","Tu","N","Y","Y","N","N","N","N","N","Daylight","Overturned","Wrong Side of Road","Non-Collision","N","N","N","N"
90093800,"N","Y","PDO (property damage only)","N",2015,10.75,"Winter","N","N","W","N","Y","Y","N","N","N","N","N","Daylight","Sideswipe","Automobile Right of Way","Other Motor Vehicle","N","N","N","N"
90094051,"N","Y","Injury (Complaint of Pain)","N",2015,12.5333333333333,"Fall","N","N","Tu","N","Y","Y","N","N","Y","N","N","Daylight","Hit Object","Pedestrian Right of Way","Fixed Object","N","N","N","N"
90094574,"N","Y","PDO (property damage only)","N",2015,14.1666666666667,"Winter","N","N","W","N","Y","Y","N","N","N","N","N","Daylight","Sideswipe","Automobile Right of Way","Other Motor Vehicle","N","N","N","N"
90095378,"N","Y","Injury (Complaint of Pain)","N",2015,18.6333333333333,"Winter","PM","N","F","N","Y","Y","N","N","N","N","N","Dark - Street Lights","Sideswipe","Automobile Right of Way","Other Motor Vehicle","N","N","N","N"
90096695,"N","Y","Injury (Other Visible)","N",2015,22.75,"Fall","N","N","W","N","Y","N","Y","N","N","N","N","Dark - Street Lights","Sideswipe","Automobile Right of Way","Other Motor Vehicle","N","Y","N","N"
90096721,"N","Y","PDO (property damage only)","N",2015,8.83333333333333,"Fall","AM","N","W","N","Y","Y","N","N","N","N","N","Daylight","Sideswipe","Automobile Right of Way","Other Motor Vehicle","N","N","N","N"
90096926,"N","N","Fatal","Y",2015,9.08333333333333,"Winter","N","N","W","N","Y","Y","N","N","N","N","N","Daylight","Rear End","Automobile Right of Way","Other Motor Vehicle","N","N","N","N"
90097308,"N","Y","Injury (Complaint of Pain)","N",2015,12.3333333333333,"Winter","N","N","Sa","N","Y","Y","N","N","N","N","Y","Daylight","Rear End","Wrong Side of Road","Other Motor Vehicle","N","N","N","N"
90097545,"N","N","Fatal","Y",2015,16.1833333333333,"Winter","PM","N","F","N","Y","Y","N","N","N","N","N","Daylight","Overturned","Wrong Side of Road","Non-Collision","N","N","N","N"
90098086,"N","Y","PDO (property damage only)","N",2015,6.5,"Fall","N","N","Tu","N","Y","Y","N","N","N","N","N","Daylight","Overturned","Pedestrian Right of Way","Non-Collision","N","N","N","N"
90098780,"N","Y","Injury (Complaint of Pain)","N",2015,14,"Fall","N","N","Sa","N","Y","Y","N","N","N","N","N","Daylight","Sideswipe","Automobile Right of Way","Other Motor Vehicle","N","N","N","N"
90099118,"N","N","Fatal","Y",2015,18.8333333333333,"Fall","PM","N","M","N","Y","Y","N","N","N","N","N","Dark - Street Lights","Sideswipe","Automobile Right of Way","Other Motor Vehicle","N","N","N","N"
90099502,"N","Y","Injury (Complaint of Pain)","N",2015,6.91666666666667,"Fall","N","N","Tu","N","Y","Y","N","N","N","N","N","Dusk or Dawn","Sideswipe","Automobile Right of Way","Other Motor Vehicle","N","N","N","N"
90099564,"N","Y","Injury (Complaint of Pain)","N",2015,23,"Fall","N","Y","Sa","N","Y","Y","N","N","N","N","N","Dark - Street Lights","Sideswipe","Automobile Right of Way","Other Motor Vehicle","N","N","N","N"
90101069,"N","Y","PDO (property damage only)","N",2015,15.6666666666667,"Fall","N","N","Sa","N","Y","Y","N","N","N","N","N","Daylight","Rear End","Impeding Traffic","Other Motor Vehicle","N","N","N","N"
90101295,"Y","N","Injury (Severe)","Y",2015,16.25,"Fall","PM","N","M","Y","N","Y","N","N","N","N","N","Dusk or Dawn","Broadside","Pedestrian Violation","Other Motor Vehicle","N","N","N","N"
90101535,"N","Y","PDO (property damage only)","N",2015,19.75,"Fall","N","N","Tu","N","Y","Y","N","N","N","N","N","Dark - Street Lights","Sideswipe","Automobile Right of Way","Other Motor Vehicle","N","N","N","N"
90103835,"N","Y","PDO (property damage only)","N",2015,19.4333333333333,"Fall","N","N","Tu","N","Y","Y","N","N","N","N","N","Dark - Street Lights","Sideswipe","Automobile Right of Way","Other Motor Vehicle","N","N","N","N"
90104525,"N","Y","Injury (Complaint of Pain)","N",2015,7.41666666666667,"Fall","AM","N","Th","N","Y","Y","N","N","N","N","N","Daylight","Sideswipe","Wrong Side of Road","Other Motor Vehicle","N","N","N","N"
90106055,"N","N","Fatal","Y",2015,14.5,"Fall","N","N","Su","N","Y","Y","N","N","N","N","N","Daylight","Rear End","Wrong Side of Road","Other Motor Vehicle","N","N","N","N"
90106065,"N","N","Fatal","Y",2015,18.3333333333333,"Fall","PM","N","Th","N","Y","Y","N","N","N","N","N","Dark - Street Lights","Sideswipe","Wrong Side of Road","Other Motor Vehicle","N","N","N","N"
90107432,"N","Y","Injury (Complaint of Pain)","N",2015,12.75,"Fall","N","N","Sa","N","Y","Y","N","N","N","N","N","Daylight","Hit Object","Pedestrian Right of Way","Fixed Object","Y","N","N","N"
90109773,"N","Y","Injury (Complaint of Pain)","N",2015,23.4166666666667,"Fall","N","Y","Su","N","Y","Y","N","N","N","N","N","Dark - No Street Lights","Rear End","Wrong Side of Road","Other Motor Vehicle","N","N","N","N"
90110657,"N","Y","Injury (Complaint of Pain)","N",2015,19.0833333333333,"Winter","N","N","F","N","Y","Y","N","N","N","N","N","Dark - Street Lights","Sideswipe","Pedestrian Right of Way","Other Motor Vehicle","N","N","N","N"
90110922,"N","Y","Injury (Complaint of Pain)","N",2015,8.08333333333333,"Fall","AM","N","Th","N","Y","Y","N","N","N","N","N","Daylight","Sideswipe","Automobile Right of Way","Other Motor Vehicle","N","N","N","N"
90111814,"N","Y","PDO (property damage only)","N",2015,16.8333333333333,"Fall","PM","N","Th","N","Y","Y","N","N","N","N","N","Dark - Street Lights","Sideswipe","Automobile Right of Way","Other Motor Vehicle","N","N","N","N"
90112822,"N","Y","PDO (property damage only)","N",2015,19.6666666666667,"Winter","N","N","Th","N","Y","Y","N","N","N","N","N","Dark - Street Lights","Sideswipe","Automobile Right of Way","Other Motor Vehicle","N","N","N","N"
90114689,"N","N","Fatal","Y",2015,8,"Winter","AM","N","Tu","N","Y","Y","N","N","N","N","N","Daylight","Rear End","Wrong Side of Road","Other Motor Vehicle","N","N","N","N"
90114805,"N","Y","PDO (property damage only)","N",2015,9.25,"Winter","N","N","Th","N","Y","Y","N","N","N","N","N","Daylight","Sideswipe","Wrong Side of Road","Other Motor Vehicle","N","N","N","N"
90116515,"N","Y","Injury (Complaint of Pain)","N",2015,18.5666666666667,"Winter","N","N","Su","N","Y","Y","N","N","N","N","N","Dark - Street Lights","Sideswipe","Automobile Right of Way","Other Motor Vehicle","N","N","N","N"
90116563,"N","Y","Injury (Complaint of Pain)","N",2015,12.3333333333333,"Winter","N","N","Su","N","Y","N","Y","N","N","N","N","Daylight","Sideswipe","Automobile Right of Way","Other Motor Vehicle","N","N","N","N"
90116611,"N","Y","PDO (property damage only)","N",2015,7.5,"Fall","AM","N","Tu","N","Y","Y","N","N","N","N","N","Daylight","Broadside","Automobile Right of Way","Other Motor Vehicle","N","N","N","N"
90117102,"N","N","Fatal","Y",2015,15,"Winter","PM","N","M","N","Y","N","Y","N","N","N","N","Daylight","Sideswipe","Automobile Right of Way","Other Motor Vehicle","N","N","N","N"
90120845,"N","Y","PDO (property damage only)","N",2015,19.25,"Winter","N","N","Th","N","Y","Y","N","N","N","N","N","Dark - Street Lights","Overturned","Wrong Side of Road","Non-Collision","N","N","N","N"
90122361,"N","Y","Injury (Complaint of Pain)","N",2015,16.25,"Winter","N","N","Su","N","Y","Y","N","N","N","N","N","Daylight","Sideswipe","Automobile Right of Way","Other Motor Vehicle","N","N","N","N"
90122461,"N","Y","Injury (Complaint of Pain)","N",2015,8.58333333333333,"Fall","AM","N","W","N","Y","Y","N","N","N","N","N","Daylight","Rear End","Wrong Side of Road","Other Motor Vehicle","N","N","N","N"
90222389,"Y","N","Injury (Severe)","Y",2015,0.7,"Fall","N","Y","F","N","Y","N","Y","N","N","N","N","Dark - Street Lights","Hit Object","Pedestrian Right of Way","Fixed Object","N","N","N","N"
6292799,"Y","N","Injury (Severe)","Y",2016,11.5,"Winter","N","N","F","Y","N","N","Y","N","N","N","N","Daylight","Broadside","Wrong Side of Road","Other Motor Vehicle","N","N","N","N"
6347847,"N","Y","Injury (Complaint of Pain)","N",2016,22,"Winter","N","N","Sa","N","N","N","N","Y","N","Y","N","Dark - Street Lights","Other","Code 20","Other Object","N","N","N","N"
6350089,"N","Y","PDO (property damage only)","N",2016,11,"Winter","N","N","Th","N","N","Y","N","N","N","N","N","Daylight","Sideswipe","Pedestrian Violation","Other Motor Vehicle","N","N","N","N"
6350131,"N","Y","PDO (property damage only)","N",2016,12.75,"Winter","N","N","Tu","N","N","Y","N","N","N","N","N","Daylight","Broadside","Pedestrian Violation","Other Motor Vehicle","N","N","N","N"
6350135,"N","Y","Injury (Other Visible)","N",2016,14.3333333333333,"Winter","N","N","Su","N","N","Y","N","N","N","N","N","Daylight","Broadside","Pedestrian Violation","Other Motor Vehicle","N","N","N","N"
6350157,"N","Y","Injury (Complaint of Pain)","N",2016,9.33333333333333,"Winter","N","N","W","N","N","Y","N","N","N","N","N","Daylight","Head-On","Hazardous Parking","Pedestrian","N","N","Y","N"
6350580,"N","Y","Injury (Other Visible)","N",2016,18.25,"Winter","PM","N","Th","Y","N","Y","N","N","N","N","N","Dusk or Dawn","Sideswipe","Impeding Traffic","Other Motor Vehicle","N","N","N","N"
6352688,"N","Y","PDO (property damage only)","N",2016,18.6666666666667,"Winter","PM","N","Tu","Y","N","Y","N","N","N","N","N","Dark - Street Lights","Broadside","Pedestrian Violation","Other Motor Vehicle","N","N","N","N"
7006474,"Y","N","Injury (Severe)","Y",2016,20.75,"Winter","N","N","M","N","N","Y","N","N","N","N","N","Dark - Street Lights","Sideswipe","Automobile Right of Way","Other Motor Vehicle","N","N","N","N"
7006476,"Y","N","Injury (Severe)","Y",2016,15.5,"Winter","N","N","Su","Y","N","Y","N","N","N","N","N","Daylight","Broadside","Pedestrian Violation","Other Motor Vehicle","N","N","N","N"
7056481,"N","Y","Injury (Complaint of Pain)","N",2016,12.3333333333333,"Winter","N","N","M","N","N","Y","N","N","N","N","N","Daylight","Sideswipe","Automobile Right of Way","Other Motor Vehicle","N","N","N","N"
7063329,"N","Y","PDO (property damage only)","N",2016,15.6666666666667,"Winter","N","N","Su","Y","N","Y","N","N","N","N","N","Daylight","Broadside","Pedestrian Violation","Other Motor Vehicle","N","N","N","N"
7094335,"N","Y","Injury (Complaint of Pain)","N",2016,19.1666666666667,"Winter","N","N","W","Y","N","Y","N","N","N","N","N","Dark - Street Lights","Head-On","Pedestrian Violation","Other Motor Vehicle","N","N","N","N"
7157428,"N","N","Injury (Complaint of Pain)","N",2016,0.5,"Winter","N","Y","F","N","N","Y","N","N","N","N","N","Dark - Street Lights","Rear End","Wrong Side of Road","Other Motor Vehicle","N","N","N","N"
7159023,"N","N","PDO (property damage only)","N",2016,8.33333333333333,"Winter","AM","N","W","N","N","N","Y","Y","N","Y","N","Daylight","Head-On","Pedestrian Violation","Other Motor Vehicle","N","N","N","N"
7159105,"N","N","Fatal","Y",2016,19.9166666666667,"Winter","N","N","F","Y","N","Y","N","N","N","N","N","Dark - Street Lights","Hit Object","Wrong Side of Road","Other Object","N","N","N","N"
7160835,"N","Y","PDO (property damage only)","N",2016,22.9166666666667,"Winter","N","N","F","N","N","Y","N","N","N","N","N","Dark - Street Lights","Overturned","Wrong Side of Road","Other Object","N","N","N","N"
7160863,"N","N","Injury (Complaint of Pain)","N",2016,11.25,"Winter","N","N","F","N","N","Y","N","N","N","N","N","Daylight","Broadside","Pedestrian Violation","Other Motor Vehicle","N","N","N","N"
7160880,"N","Y","Injury (Other Visible)","N",2016,23.1666666666667,"Winter","N","Y","Su","Y","N","Y","N","N","N","N","N","Dark - Street Lights","Broadside","Pedestrian Violation","Other Motor Vehicle","N","N","N","N"
7164798,"N","Y","Injury (Complaint of Pain)","N",2016,15.1666666666667,"Winter","PM","N","F","Y","N","Y","N","N","N","N","N","Daylight","Broadside","Pedestrian Violation","Other Motor Vehicle","N","N","N","N"
7165125,"N","Y","Injury (Other Visible)","N",2016,20.75,"Winter","N","N","F","Y","N","Y","N","N","N","N","N","Dark - Street Lights","Broadside","Pedestrian Violation","Other Motor Vehicle","N","N","N","N"
7165140,"N","Y","PDO (property damage only)","N",2016,14.8333333333333,"Winter","N","N","Sa","Y","N","Y","N","N","N","N","N","Daylight","Broadside","Pedestrian Violation","Other Motor Vehicle","N","N","N","N"
7165141,"N","Y","PDO (property damage only)","N",2016,12.5,"Winter","N","N","Sa","N","N","Y","N","N","N","N","N","Daylight","Sideswipe","Driving or Bicycling Under the Influence of Alcohol or Drug","Other Motor Vehicle","N","N","N","N"
7165617,"N","Y","PDO (property damage only)","N",2016,19.6666666666667,"Winter","N","N","F","Y","N","Y","N","N","N","N","N","Dark - Street Lights","Hit Object","Wrong Side of Road","Fixed Object","N","N","N","N"
7166519,"N","Y","Injury (Complaint of Pain)","N",2016,12.6666666666667,"Winter","N","N","Tu","N","N","N","N","Y","N","Y","Y","Daylight","Other","Wrong Side of Road","Non-Collision","N","N","N","N"
7166527,"N","Y","PDO (property damage only)","N",2016,14.8333333333333,"Winter","N","N","Th","N","N","N","Y","N","N","N","N","Daylight","Rear End","Wrong Side of Road","Other Motor Vehicle","N","N","N","N"
7166552,"N","Y","Injury (Complaint of Pain)","N",2016,17.8333333333333,"Winter","PM","N","W","Y","N","Y","N","N","N","N","N","Dark - Street Lights","Broadside","Pedestrian Violation","Other Motor Vehicle","N","N","N","N"
7167550,"N","Y","Injury (Complaint of Pain)","N",2016,15.2333333333333,"Winter","PM","N","F","Y","N","Y","N","N","N","N","N","Daylight","Sideswipe","Impeding Traffic","Other Motor Vehicle","Y","N","N","N"
7167578,"N","N","PDO (property damage only)","N",2016,9.55,"Winter","N","N","Sa","N","N","Y","N","N","N","N","N","Daylight","Broadside","Pedestrian Right of Way","Other Motor Vehicle","N","N","N","N"
7168255,"N","Y","Injury (Other Visible)","N",2016,18.0833333333333,"Winter","PM","N","F","N","Y","Y","N","N","N","N","N","Dark - Street Lights","Rear End","Wrong Side of Road","Other Motor Vehicle","N","N","N","N"
7169176,"N","Y","PDO (property damage only)","N",2016,18,"Winter","PM","N","F","N","N","Y","N","N","N","N","N","Dark - Street Lights","Broadside","Pedestrian Violation","Other Motor Vehicle","N","N","N","N"
7169551,"N","Y","Injury (Complaint of Pain)","N",2016,20.75,"Winter","N","N","M","Y","N","Y","N","N","N","N","N","Dark - Street Lights","Broadside","Pedestrian Violation","Other Motor Vehicle","N","N","N","N"
7169781,"N","Y","PDO (property damage only)","N",2016,7.75,"Winter","AM","N","W","Y","N","Y","N","N","N","N","N","Daylight","Broadside","Pedestrian Violation","Other Motor Vehicle","N","N","N","N"
7170219,"N","Y","Injury (Other Visible)","N",2016,16.9166666666667,"Winter","N","N","Su","Y","N","Y","N","N","N","N","N","Daylight","Head-On","Pedestrian Violation","Other Motor Vehicle","N","N","N","N"
7170229,"N","Y","Injury (Complaint of Pain)","N",2016,18,"Winter","PM","N","F","N","N","Y","N","N","N","N","N","Dark - Street Lights","Sideswipe","Pedestrian Right of Way","Other Motor Vehicle","N","N","N","N"
7170587,"N","Y","Injury (Complaint of Pain)","N",2016,17.5,"Winter","PM","N","M","Y","N","Y","N","N","N","N","N","Daylight","Broadside","Pedestrian Violation","Other Motor Vehicle","N","N","N","N"
7171132,"N","N","Injury (Complaint of Pain)","N",2016,22.8833333333333,"Winter","N","N","Tu","N","N","Y","N","N","N","N","N","Dark - Street Lights","Broadside","Pedestrian Right of Way","Other Motor Vehicle","N","N","N","N"
7171500,"N","Y","PDO (property damage only)","N",2016,14.5,"Winter","N","N","M","N","N","Y","N","N","N","N","N","Daylight","Other","Pedestrian Violation","Fixed Object","N","N","N","N"
7174317,"N","Y","PDO (property damage only)","N",2016,14.8333333333333,"Winter","N","N","Sa","N","N","Y","N","N","N","N","N","Daylight","Broadside","Pedestrian Right of Way","Motor Vehicle on Other Roadway","N","N","N","N"
7174462,"N","N","Fatal","Y",2016,12.8333333333333,"Winter","N","N","Th","N","N","N","Y","N","N","N","N","Daylight","Overturned","Unsafe Speed","Parked Motor Vehicle","Y","N","N","N"
7175133,"N","Y","PDO (property damage only)","N",2016,18.6666666666667,"Winter","PM","N","Th","N","N","Y","N","N","N","N","N","Dark - Street Lights","Broadside","Pedestrian Violation","Other Motor Vehicle","N","N","N","N"
7175219,"N","Y","Injury (Complaint of Pain)","N",2016,17.6666666666667,"Winter","PM","N","Th","N","N","Y","N","N","N","N","N","Dark - Street Lights","Sideswipe","Wrong Side of Road","Parked Motor Vehicle","N","N","N","N"
7175382,"N","N","Fatal","Y",2016,16.0833333333333,"Winter","N","N","Su","N","N","Y","N","N","N","N","N","Daylight","Sideswipe","Unsafe Speed","Other Motor Vehicle","Y","N","N","N"
7175426,"N","N","Fatal","Y",2016,20.95,"Winter","N","N","F","N","N","Y","N","N","N","N","N","Dark - Street Lights","Rear End","Wrong Side of Road","Parked Motor Vehicle","N","N","N","N"
7175631,"N","Y","Injury (Complaint of Pain)","N",2016,18.3333333333333,"Winter","PM","N","Th","N","N","Y","N","N","N","N","N","Dark - Street Lights","Sideswipe","Automobile Right of Way","Other Motor Vehicle","N","N","N","N"
7175723,"N","Y","PDO (property damage only)","N",2016,11.5833333333333,"Winter","N","N","Sa","Y","N","Y","N","N","N","N","N","Daylight","Broadside","Pedestrian Violation","Other Motor Vehicle","N","N","N","N"
7175728,"N","Y","Injury (Complaint of Pain)","N",2016,10.4166666666667,"Winter","N","N","F","Y","N","Y","N","N","N","N","N","Daylight","Broadside","Pedestrian Right of Way","Other Motor Vehicle","N","N","N","N"
7176623,"N","Y","Injury (Other Visible)","N",2016,15.5,"Winter","PM","N","F","Y","N","N","Y","N","N","N","N","Daylight","Broadside","Lights","Other Motor Vehicle","N","N","N","N"