"CASE_ID","mc_killed","mc_injured","collision_severity","severe","accident_year","hours_since_midnight","season","rush_hour","late_night","day_of_week","intersection","state_hwy_ind","w_clear","w_cloudy","w_rainy","w_other","road_not_dry","road_condition_issue","lighting","type_of_collision","pcf_viol_category","mviw","alcohol_involved","truck_accident","pedestrian_accident","bicycle_accident"
7176642,"N","Y","Injury (Other Visible)","N",2016,15.25,"Winter","PM","N","F","Y","N","Y","N","N","N","N","N","Daylight","Other","Wrong Side of Road","Other Object","N","N","N","N"
7176647,"N","Y","Injury (Other Visible)","N",2016,10.75,"Winter","N","N","F","Y","N","Y","N","N","N","N","N","Daylight","Broadside","Pedestrian Violation","Other Motor Vehicle","N","N","N","N"
7176648,"N","Y","Injury (Other Visible)","N",2016,18.6666666666667,"Winter","PM","N","F","N","N","Y","N","N","N","N","N","Dark - Street Lights","Head-On","Wrong Side of Road","Other Motor Vehicle","N","N","N","N"
7176653,"N","Y","Injury (Complaint of Pain)","N",2016,10.5833333333333,"Winter","N","N","F","N","N","Y","N","N","N","N","N","Daylight","Rear End","Automobile Right of Way","Other Motor Vehicle","N","N","N","N"
7177436,"N","Y","PDO (property damage only)","N",2016,13.5,"Winter","N","N","Th","Y","N","Y","N","N","N","N","N","Daylight","Other","Pedestrian Violation","Non-Collision","N","N","N","N"
7177537,"N","Y","Injury (Complaint of Pain)","N",2016,20.5,"Winter","N","N","Sa","N","N","Y","N","N","N","N","N","Dark - Street Lights","Sideswipe","Pedestrian Violation","Other Motor Vehicle","N","N","N","N"
7177764,"N","Y","Injury (Complaint of Pain)","N",2016,16.25,"Winter","PM","N","M","Y","N","Y","N","N","N","N","N","Daylight","Broadside","Pedestrian Violation","Motor Vehicle on Other Roadway","N","N","N","N"
7177991,"N","Y","Injury (Complaint of Pain)","N",2016,20.9166666666667,"Winter","N","N","Tu","N","N","Y","N","N","N","N","N","Dark - Street Lights","Sideswipe","Pedestrian Right of Way","Other Motor Vehicle","N","N","N","N"
7178502,"N","Y","Injury (Complaint of Pain)","N",2016,11.75,"Winter","N","N","M","N","N","Y","N","N","N","N","N","Daylight","Sideswipe","Wrong Side of Road","Other Motor Vehicle","N","N","N","N"
7178552,"N","Y","PDO (property damage only)","N",2016,15.25,"Winter","N","N","Sa","N","N","Y","N","N","N","N","N","Daylight","Sideswipe","Improper Turning","Other Motor Vehicle","N","N","N","N"
7178555,"N","N","PDO (property damage only)","N",2016,12.25,"Winter","N","N","Sa","Y","N","Y","N","N","N","N","N","Daylight","Broadside","Pedestrian Violation","Other Motor Vehicle","N","N","N","N"
7178559,"N","Y","Injury (Complaint of Pain)","N",2016,12,"Winter","N","N","Th","Y","N","Y","N","N","N","N","N","Daylight","Broadside","Wrong Side of Road","Other Motor Vehicle","N","N","N","N"
7178620,"N","N","Fatal","Y",2016,17.25,"Winter","PM","N","Th","Y","N","Y","N","N","N","N","N","Daylight","Head-On","Pedestrian Violation","Other Motor Vehicle","N","N","N","N"
7178651,"N","Y","Injury (Complaint of Pain)","N",2016,8.58333333333333,"Winter","AM","N","M","N","N","Y","N","N","N","N","Y","Daylight","Hit Object","Impeding Traffic","Fixed Object","N","N","N","N"
7178663,"N","Y","Injury (Complaint of Pain)","N",2016,11.6666666666667,"Winter","N","N","M","N","Y","Y","N","N","N","N","N","Daylight","Sideswipe","Pedestrian Right of Way","Other Motor Vehicle","N","N","N","N"
7178683,"N","Y","Injury (Other Visible)","N",2016,15.5833333333333,"Winter","N","N","Sa","N","N","Y","N","N","N","N","N","Daylight","Broadside","Pedestrian Violation","Other Motor Vehicle","N","N","N","N"
7178711,"N","Y","Injury (Complaint of Pain)","N",2016,18.6666666666667,"Winter","PM","N","Tu","Y","N","Y","N","N","N","N","N","Dark - Street Lights","Broadside","Pedestrian Violation","Other Motor Vehicle","N","N","N","N"
7178719,"N","Y","PDO (property damage only)","N",2016,18.8333333333333,"Winter","N","N","Su","Y","N","Y","N","N","N","N","N","Dark - Street Lights","Broadside","Lights","Other Motor Vehicle","N","N","N","N"
7178721,"N","Y","PDO (property damage only)","N",2016,8.08333333333333,"Winter","AM","N","F","Y","N","Y","N","N","N","N","N","Daylight","Broadside","Code 19","Other Motor Vehicle","N","N","N","N"
7178783,"N","N","Fatal","Y",2016,12.3333333333333,"Winter","N","N","Th","Y","N","Y","N","N","N","N","N","Daylight","Sideswipe","Impeding Traffic","Other Motor Vehicle","N","N","N","N"
7179846,"N","Y","Injury (Complaint of Pain)","N",2016,16.1666666666667,"Winter","N","N","Su","N","N","Y","N","N","N","N","N","Daylight","Hit Object","Wrong Side of Road","Non-Collision","N","N","N","N"
7180434,"N","Y","Injury (Complaint of Pain)","N",2016,6,"Winter","N","N","Tu","N","N","Y","N","N","N","N","N","Daylight","Sideswipe","Pedestrian Right of Way","Other Motor Vehicle","N","N","N","N"
7181692,"N","Y","Injury (Complaint of Pain)","N",2016,17.1666666666667,"Winter","N","N","Sa","N","N","Y","N","N","N","N","Y","Daylight","Hit Object","Code 20","Non-Collision","N","N","N","N"
7181740,"N","Y","PDO (property damage only)","N",2016,16.25,"Winter","PM","N","W","Y","N","Y","N","N","N","N","N","Daylight","Broadside","Miscellaneous","Other Motor Vehicle","N","N","N","N"
7181766,"N","Y","PDO (property damage only)","N",2016,20.1666666666667,"Winter","N","N","F","N","N","Y","N","N","N","N","N","Dark - Street Lights","Broadside","Pedestrian Violation","Other Motor Vehicle","N","N","N","N"
7182928,"N","Y","Injury (Other Visible)","N",2016,5,"Winter","N","Y","F","N","N","Y","N","N","N","N","N","Dark - Street Lights","Head-On","Pedestrian Violation","Other Motor Vehicle","N","N","N","N"
7183592,"N","Y","PDO (property damage only)","N",2016,18,"Winter","N","N","Sa","N","N","Y","N","N","N","N","N","Dark - Street Lights","Rear End","Wrong Side of Road","Other Motor Vehicle","N","N","N","N"
7183629,"N","N","PDO (property damage only)","N",2016,17.5,"Winter","PM","N","W","Y","N","Y","N","N","N","N","N","Dark - Street Lights","Vehicle/Pedestrian","Traffic Signals and Signs","Pedestrian","N","N","Y","N"
7184258,"N","Y","Injury (Complaint of Pain)","N",2016,16.5833333333333,"Winter","PM","N","M","N","N","Y","N","N","N","N","N","Daylight","Other","Pedestrian Violation","Non-Collision","N","N","N","N"
7184473,"N","Y","PDO (property damage only)","N",2016,18.25,"Winter","PM","N","Tu","Y","N","Y","N","N","N","N","N","Dark - Street Lights","Sideswipe","Impeding Traffic","Other Motor Vehicle","N","N","N","N"
7184501,"N","Y","PDO (property damage only)","N",2016,13,"Winter","N","N","Su","N","N","Y","N","N","N","N","N","Daylight","Broadside","Pedestrian Right of Way","Other Motor Vehicle","N","N","N","N"
7184515,"N","N","Injury (Complaint of Pain)","N",2016,19.3333333333333,"Winter","N","N","W","N","N","Y","N","N","N","N","N","Dark - Street Lights","Broadside","Pedestrian Violation","Other Motor Vehicle","Y","N","N","N"
7184740,"N","Y","PDO (property damage only)","N",2016,13.3333333333333,"Winter","N","N","Sa","N","N","Y","N","N","N","N","N","Daylight","Broadside","Pedestrian Violation","Other Motor Vehicle","N","N","N","N"
7184763,"N","Y","PDO (property damage only)","N",2016,21.9166666666667,"Winter","N","N","F","N","N","Y","N","N","N","N","N","Dark - No Street Lights","Sideswipe","Wrong Side of Road","Parked Motor Vehicle","N","N","N","N"
7185607,"N","N","PDO (property damage only)","N",2016,3.16666666666667,"Winter","N","Y","Th","N","N","Y","N","N","N","N","N","Dark - Street Lights","Rear End","Wrong Side of Road","Other Motor Vehicle","N","N","N","N"
7185611,"N","Y","Injury (Complaint of Pain)","N",2016,23.9166666666667,"Winter","N","Y","M","N","N","Y","N","N","N","N","N","Dark - Street Lights","Overturned","Wrong Side of Road","Other Object","N","N","N","N"
7185638,"N","Y","PDO (property damage only)","N",2016,18.6666666666667,"Winter","N","N","Sa","Y","N","Y","N","N","N","N","N","Dark - Street Lights","Broadside","Pedestrian Violation","Other Motor Vehicle","N","N","N","N"
7185666,"N","Y","PDO (property damage only)","N",2016,17.75,"Winter","PM","N","M","N","N","Y","N","N","N","N","N","Dark - Street Lights","Broadside","Pedestrian Right of Way","Other Motor Vehicle","N","N","N","N"
7185706,"N","N","Fatal","Y",2016,6,"Winter","N","N","W","N","N","Y","N","N","N","N","N","Dusk or Dawn","Head-On","Wrong Side of Road","Parked Motor Vehicle","N","N","N","N"
7186170,"N","Y","PDO (property damage only)","N",2016,9,"Winter","AM","N","M","N","N","Y","N","N","N","N","N","Daylight","Broadside","Code 19","Other Motor Vehicle","N","N","N","N"
7186194,"N","Y","Injury (Complaint of Pain)","N",2016,11.0833333333333,"Winter","N","N","Sa","N","N","Y","N","N","N","N","N","Daylight","Hit Object","Wrong Side of Road","Other Object","N","N","N","N"
7186211,"N","Y","PDO (property damage only)","N",2016,22.9166666666667,"Winter","N","N","Tu","Y","N","Y","N","N","N","Y","N","Dark - Street Lights","Broadside","Pedestrian Violation","Other Motor Vehicle","N","N","N","N"
7186222,"N","Y","Injury (Complaint of Pain)","N",2016,10.5,"Winter","N","N","F","N","N","Y","N","N","N","N","N","Daylight","Sideswipe","Automobile Right of Way","Other Motor Vehicle","N","N","N","N"
7186229,"N","Y","Injury (Complaint of Pain)","N",2016,9.91666666666667,"Winter","N","N","Th","Y","N","Y","N","N","N","N","N","Daylight","Rear End","Improper Passing","Other Motor Vehicle","N","N","N","N"
7186588,"N","Y","PDO (property damage only)","N",2016,10.8333333333333,"Winter","N","N","Tu","N","N","Y","N","N","N","N","N","Daylight","Broadside","Automobile Right of Way","Other Motor Vehicle","N","N","N","N"
7186608,"N","Y","PDO (property damage only)","N",2016,22.6666666666667,"Winter","N","N","Tu","Y","N","Y","N","N","N","N","N","Dark - Street Lights","Broadside","Pedestrian Violation","Other Motor Vehicle","N","N","N","N"
7187057,"N","Y","PDO (property damage only)","N",2016,7.91666666666667,"Winter","AM","N","W","N","N","Y","N","N","N","N","N","Daylight","Hit Object","Wrong Side of Road","Fixed Object","N","N","N","N"
7188106,"N","Y","PDO (property damage only)","N",2016,14.75,"Winter","N","N","F","N","N","Y","N","N","N","N","N","Daylight","Sideswipe","Automobile Right of Way","Other Motor Vehicle","N","N","N","N"
7188146,"N","Y","Injury (Other Visible)","N",2016,16.5,"Winter","N","N","Sa","N","N","Y","N","N","N","N","N","Daylight","Broadside","Wrong Side of Road","Other Motor Vehicle","N","N","N","N"
7188154,"N","Y","Injury (Complaint of Pain)","N",2016,18.3333333333333,"Winter","PM","N","W","N","N","Y","N","N","N","N","N","Daylight","Sideswipe","Pedestrian Violation","Motor Vehicle on Other Roadway","N","N","N","N"
7188397,"N","Y","PDO (property damage only)","N",2016,19,"Winter","N","N","Sa","Y","N","Y","N","N","N","N","N","Dusk or Dawn","Sideswipe","Pedestrian Right of Way","Other Motor Vehicle","N","N","N","N"
7188432,"N","Y","Injury (Complaint of Pain)","N",2016,10.3333333333333,"Winter","N","N","M","N","N","Y","N","N","N","N","N","Daylight","Rear End","Code 20","Other Motor Vehicle","N","N","N","N"
7188469,"N","Y","PDO (property damage only)","N",2016,12,"Winter","N","N","W","N","N","Y","N","N","N","N","N","Daylight","Hit Object","Wrong Side of Road","Fixed Object","N","N","N","N"
7188905,"N","Y","Injury (Other Visible)","N",2016,19.3333333333333,"Winter","N","N","M","Y","Y","Y","N","N","N","N","N","Dark - Street Lights","Broadside","Pedestrian Violation","Motor Vehicle on Other Roadway","N","N","N","N"
7188920,"N","N","Fatal","Y",2016,17.3333333333333,"Winter","PM","N","M","N","N","Y","N","N","N","N","N","Dusk or Dawn","Sideswipe","Automobile Right of Way","Other Motor Vehicle","N","N","N","N"
7188929,"N","Y","Injury (Complaint of Pain)","N",2016,17.3333333333333,"Winter","N","N","Sa","Y","N","Y","N","N","N","N","N","Daylight","Rear End","Wrong Side of Road","Other Motor Vehicle","N","N","N","N"
7189547,"N","Y","PDO (property damage only)","N",2016,16.6666666666667,"Winter","PM","N","M","Y","N","Y","N","N","N","N","N","Daylight","Broadside","Pedestrian Violation","Other Motor Vehicle","N","N","N","N"
7189571,"N","Y","PDO (property damage only)","N",2016,21.25,"Winter","N","N","Tu","N","N","Y","N","N","N","N","N","Dark - Street Lights","Broadside","Pedestrian Violation","Other Motor Vehicle","N","N","N","N"
7189598,"N","Y","Injury (Complaint of Pain)","N",2016,20.1666666666667,"Winter","N","N","Sa","N","N","Y","N","N","N","N","N","Dark - Street Lights","Other","Wrong Side of Road","Non-Collision","N","N","N","N"
7189611,"N","N","Fatal","Y",2016,7.66666666666667,"Winter","AM","N","Th","N","N","Y","N","N","N","N","N","Daylight","Sideswipe","Improper Turning","Other Motor Vehicle","N","N","N","N"
7189633,"N","N","Fatal","Y",2016,20.3333333333333,"Winter","N","N","Su","N","N","Y","N","N","N","N","N","Dark - Street Lights","Sideswipe","Wrong Side of Road","Parked Motor Vehicle","N","N","N","N"
7189637,"N","N","Fatal","Y",2016,19.75,"Winter","N","N","Su","N","N","Y","N","N","N","N","N","Dark - Street Lights","Other","Unsafe Starting or Backing","Parked Motor Vehicle","N","N","N","N"
7189645,"N","N","PDO (property damage only)","N",2016,21.9166666666667,"Winter","N","N","Su","N","N","N","Y","N","N","N","N","Dark - No Street Lights","Head-On","Traffic Signals and Signs","Pedestrian","N","N","Y","N"
7189689,"N","Y","PDO (property damage only)","N",2016,8.5,"Winter","AM","N","F","Y","N","Y","N","N","N","N","N","Daylight","Sideswipe","Wrong Side of Road","Other Motor Vehicle","N","N","N","N"
7189690,"N","N","PDO (property damage only)","N",2016,22.5,"Winter","N","N","Su","N","N","Y","N","N","N","N","N","Dark - Street Lights","Rear End","Wrong Side of Road","Other Motor Vehicle","N","N","N","N"
7189749,"N","Y","PDO (property damage only)","N",2016,11.9166666666667,"Winter","N","N","F","Y","N","Y","N","N","N","N","N","Daylight","Broadside","Pedestrian Violation","Other Motor Vehicle","N","N","N","N"
7189934,"N","Y","PDO (property damage only)","N",2016,17.8333333333333,"Winter","PM","N","Tu","N","N","Y","N","N","N","N","N","Dark - Street Lights","Rear End","Wrong Side of Road","Other Motor Vehicle","N","N","N","N"
7190014,"Y","N","Injury (Severe)","Y",2016,17.4166666666667,"Winter","PM","N","M","Y","N","Y","N","N","N","N","N","Dark - Street Lights","Broadside","Wrong Side of Road","Other Motor Vehicle","N","N","N","N"
7190015,"Y","N","Injury (Severe)","Y",2016,16.1666666666667,"Winter","PM","N","W","Y","Y","Y","N","N","N","N","N","Daylight","Broadside","Pedestrian Violation","Other Motor Vehicle","N","N","N","N"
7190031,"Y","N","Injury (Severe)","Y",2016,16.8333333333333,"Winter","PM","N","F","N","N","Y","N","N","N","N","N","Daylight","Other","Pedestrian Violation","Non-Collision","N","N","N","N"
7190045,"Y","N","Injury (Severe)","Y",2016,23.5833333333333,"Winter","N","Y","W","N","N","Y","N","N","N","N","N","Dark - Street Lights","Hit Object","Wrong Side of Road","Fixed Object","N","N","N","N"
7190057,"Y","N","Injury (Severe)","Y",2016,7.41666666666667,"Winter","N","N","Sa","N","N","Y","N","N","N","N","N","Daylight","Sideswipe","Automobile Right of Way","Bicycle","N","N","N","N"
7190075,"Y","N","Injury (Severe)","Y",2016,1,"Winter","N","Y","Th","N","Y","Y","N","N","N","N","N","Dark - Street Lights","Hit Object","Unsafe Speed","Other Object","Y","N","N","N"
7190095,"Y","N","Injury (Severe)","Y",2016,7.91666666666667,"Spring","AM","N","Tu","Y","N","Y","N","N","N","N","N","Daylight","Head-On","Pedestrian Violation","Other Motor Vehicle","N","N","N","N"
7190127,"Y","N","Injury (Severe)","Y",2016,2.08333333333333,"Spring","N","Y","Sa","N","N","Y","N","N","N","N","N","Dark - Street Lights","Rear End","Wrong Side of Road","Parked Motor Vehicle","N","N","N","N"
7190222,"Y","N","Injury (Severe)","Y",2016,21.5833333333333,"Spring","N","N","Sa","N","N","Y","N","N","N","N","N","Dark - Street Lights","Rear End","Wrong Side of Road","Other Motor Vehicle","N","N","N","N"
7190223,"Y","N","Injury (Severe)","Y",2016,18.0833333333333,"Spring","PM","N","F","N","N","Y","N","N","N","N","N","Daylight","Broadside","Pedestrian Violation","Other Motor Vehicle","N","N","N","N"
7190233,"Y","N","Injury (Severe)","Y",2016,16.3333333333333,"Spring","PM","N","Th","Y","N","Y","N","N","N","N","N","Daylight","Broadside","Pedestrian Violation","Other Motor Vehicle","N","N","N","N"
7190274,"Y","N","Injury (Severe)","Y",2016,20.4166666666667,"Summer","N","N","F","N","N","Y","N","N","N","N","N","Daylight","Head-On","Wrong Side of Road","Other Motor Vehicle","N","N","N","N"
7190314,"Y","N","Injury (Severe)","Y",2016,13.8333333333333,"Summer","N","N","Sa","N","N","Y","N","N","N","N","N","Daylight","Broadside","Pedestrian Right of Way","Other Motor Vehicle","N","N","N","N"
7190317,"Y","N","Injury (Severe)","Y",2016,8.66666666666667,"Summer","N","N","Sa","N","N","Y","N","N","N","N","N","Daylight","Overturned","Wrong Side of Road","Non-Collision","N","N","N","N"
7190362,"Y","Y","Injury (Severe)","Y",2016,11.8666666666667,"Summer","N","N","Sa","Y","N","Y","N","N","N","N","N","Daylight","Broadside","Pedestrian Violation","Other Motor Vehicle","N","N","N","N"
7190431,"Y","N","Injury (Severe)","Y",2016,1.66666666666667,"Summer","N","Y","Sa","Y","N","Y","N","N","N","N","N","Dark - Street Lights","Broadside","Pedestrian Violation","Other Motor Vehicle","N","N","N","N"
7190433,"Y","N","Injury (Severe)","Y",2016,6.75,"Summer","N","N","W","Y","N","Y","N","N","N","N","N","Daylight","Broadside","Pedestrian Violation","Other Motor Vehicle","N","N","N","N"
7190443,"Y","N","Injury (Severe)","Y",2016,5.33333333333333,"Summer","N","N","W","Y","N","Y","N","N","N","N","N","Dark - Street Lights","Broadside","Pedestrian Violation","Other Motor Vehicle","N","N","N","N"
7190455,"Y","N","Injury (Severe)","Y",2016,19.5833333333333,"Summer","N","N","Su","Y","N","Y","N","N","N","N","N","Daylight","Broadside","Lights","Other Motor Vehicle","N","N","N","N"
7190461,"Y","N","Injury (Severe)","Y",2016,17.75,"Summer","N","N","Su","Y","N","Y","N","N","N","N","N","Daylight","Broadside","Wrong Side of Road","Other Motor Vehicle","N","N","N","N"
7190493,"Y","N","Injury (Severe)","Y",2016,19.25,"Fall","N","N","W","N","N","Y","N","N","N","N","N","Dark - Street Lights","Broadside","Wrong Side of Road","Other Motor Vehicle","N","N","N","N"
7190497,"Y","N","Injury (Severe)","Y",2016,1.33333333333333,"Fall","N","Y","M","N","N","Y","N","N","N","N","N","Dark - Street Lights","Broadside","Lights","Train","N","N","N","N"
7190507,"N","N","Injury (Severe)","Y",2016,9,"Fall","AM","N","Tu","Y","N","Y","N","N","N","N","N","Daylight","Broadside","Pedestrian Violation","Other Motor Vehicle","N","N","N","N"
7190550,"Y","N","Injury (Severe)","Y",2016,17.25,"Fall","PM","N","Tu","Y","N","Y","N","N","N","N","N","Daylight","Broadside","Wrong Side of Road","Other Motor Vehicle","N","N","N","N"
7190552,"Y","N","Injury (Severe)","Y",2016,13.7166666666667,"Fall","N","N","W","N","N","Y","N","N","N","N","N","Daylight","Sideswipe","Impeding Traffic","Other Motor Vehicle","N","N","N","N"
7190570,"Y","N","Injury (Severe)","Y",2016,19.4166666666667,"Fall","N","N","Su","N","N","Y","N","N","N","N","N","Dark - Street Lights","Broadside","Pedestrian Right of Way","Other Motor Vehicle","N","N","N","N"
7190571,"Y","N","Injury (Severe)","Y",2016,14.0666666666667,"Fall","N","N","Su","Y","N","Y","N","N","N","N","N","Daylight","Broadside","Wrong Side of Road","Other Motor Vehicle","N","N","N","N"
7190575,"Y","N","Injury (Severe)","Y",2016,15.6666666666667,"Fall","PM","N","Tu","Y","N","Y","N","N","N","N","N","Daylight","Broadside","Pedestrian Violation","Other Motor Vehicle","N","N","N","N"
7190591,"Y","N","Injury (Severe)","Y",2016,9.33333333333333,"Fall","N","N","W","N","N","Y","N","N","N","N","N","Daylight","Broadside","Pedestrian Violation","Other Motor Vehicle","N","N","N","N"
7190593,"Y","N","Injury (Severe)","Y",2016,22.8666666666667,"Summer","N","N","Su","N","N","Y","N","N","N","N","N","Dark - Street Lights","Rear End","Wrong Side of Road","Other Motor Vehicle","N","N","N","N"
7190667,"Y","N","Injury (Severe)","Y",2016,18.75,"Summer","PM","N","Th","N","N","N","Y","N","N","N","N","Daylight","Broadside","Pedestrian Violation","Other Motor Vehicle","N","N","N","N"
7190680,"Y","N","Injury (Severe)","Y",2016,7.16666666666667,"Fall","AM","N","F","Y","N","Y","N","N","N","N","N","Daylight","Broadside","Pedestrian Violation","Other Motor Vehicle","N","N","N","N"
7191516,"N","Y","PDO (property damage only)","N",2016,18.0833333333333,"Winter","PM","N","Tu","Y","Y","Y","N","N","N","N","N","Dark - Street Lights","Sideswipe","Pedestrian Right of Way","Motor Vehicle on Other Roadway","N","N","N","N"
7192491,"N","Y","Injury (Complaint of Pain)","N",2016,9,"Winter","AM","N","F","N","N","Y","N","N","N","N","N","Daylight","Broadside","Impeding Traffic","Other Motor Vehicle","N","N","N","N"
7193393,"N","Y","PDO (property damage only)","N",2016,19.4166666666667,"Winter","N","N","Th","Y","Y","Y","N","N","N","N","N","Dark - Street Lights","Broadside","Pedestrian Violation","Other Motor Vehicle","N","N","N","N"
7193848,"N","Y","PDO (property damage only)","N",2016,10.0833333333333,"Winter","N","N","Tu","N","N","Y","N","N","N","N","N","Daylight","Broadside","Pedestrian Violation","Other Motor Vehicle","N","N","N","N"
7193892,"N","Y","Injury (Other Visible)","N",2016,21.4166666666667,"Winter","N","N","Th","Y","N","Y","N","N","N","N","N","Dark - Street Lights","Broadside","Pedestrian Violation","Other Motor Vehicle","N","N","N","N"
7193954,"N","N","Fatal","Y",2016,2,"Winter","N","Y","Su","N","N","Y","N","N","N","N","N","Dark - Street Lights","Sideswipe","Impeding Traffic","Other Motor Vehicle","Y","N","N","N"
7194018,"N","Y","Injury (Complaint of Pain)","N",2016,20.5,"Winter","N","N","Tu","Y","N","Y","N","N","N","N","N","Dark - Street Lights","Head-On","Wrong Side of Road","Other Motor Vehicle","N","N","N","N"
7194385,"N","Y","Injury (Other Visible)","N",2016,18,"Winter","PM","N","M","Y","N","Y","N","N","N","N","N","Daylight","Broadside","Pedestrian Violation","Other Motor Vehicle","N","N","N","N"
7194497,"N","Y","Injury (Other Visible)","N",2016,20.1666666666667,"Winter","N","N","Su","Y","N","Y","N","N","N","N","N","Dark - Street Lights","Broadside","Lights","Other Motor Vehicle","N","N","N","N"
7194600,"N","Y","Injury (Complaint of Pain)","N",2016,21.5,"Winter","N","N","Sa","N","N","N","N","N","Y","N","N","Dark - No Street Lights","Broadside","Pedestrian Right of Way","Other Motor Vehicle","N","N","N","N"
7194984,"N","Y","Injury (Complaint of Pain)","N",2016,13.25,"Winter","N","N","Tu","Y","N","Y","N","N","N","N","N","Daylight","Broadside","Pedestrian Violation","Other Motor Vehicle","N","N","N","N"
7195061,"N","N","Fatal","Y",2016,10.6666666666667,"Winter","N","N","Th","N","N","Y","N","N","N","N","N","Daylight","Broadside","Automobile Right of Way","Other Motor Vehicle","N","N","N","N"
7195109,"N","N","Fatal","Y",2016,1.83333333333333,"Winter","N","Y","Tu","N","N","Y","N","N","N","N","N","Dark - Street Lights","Head-On","Pedestrian Right of Way","Parked Motor Vehicle","N","N","N","N"
7195129,"N","Y","Injury (Other Visible)","N",2016,2.58333333333333,"Winter","N","Y","Su","N","N","Y","N","N","N","N","N","Dark - Street Lights","Other","Wrong Side of Road","Fixed Object","N","N","N","N"
7195157,"N","Y","PDO (property damage only)","N",2016,22.5,"Winter","N","N","W","Y","N","Y","N","N","N","N","N","Dark - Street Lights","Broadside","Lights","Other Motor Vehicle","N","N","N","N"
7195238,"N","Y","Injury (Other Visible)","N",2016,15.1666666666667,"Winter","PM","N","F","Y","N","Y","N","N","N","N","N","Daylight","Broadside","Pedestrian Violation","Other Motor Vehicle","N","N","N","N"
7195283,"N","Y","PDO (property damage only)","N",2016,17.5,"Winter","PM","N","F","Y","N","Y","N","N","N","N","N","Daylight","Broadside","Wrong Side of Road","Other Motor Vehicle","N","N","N","N"
7195503,"N","Y","PDO (property damage only)","N",2016,14.8333333333333,"Winter","N","N","F","Y","N","Y","N","N","N","N","N","Daylight","Broadside","Wrong Side of Road","Other Motor Vehicle","N","N","N","N"
7195596,"N","Y","Injury (Other Visible)","N",2016,8.58333333333333,"Winter","AM","N","W","N","N","Y","N","N","N","N","N","Daylight","Broadside","Pedestrian Violation","Other Motor Vehicle","N","N","N","N"
7195600,"N","Y","Injury (Complaint of Pain)","N",2016,21.3333333333333,"Winter","N","N","Tu","Y","N","Y","N","N","N","N","N","Dark - Street Lights","Broadside","Pedestrian Violation","Other Motor Vehicle","N","N","N","N"
7195602,"N","Y","Injury (Other Visible)","N",2016,19,"Winter","PM","N","F","Y","N","Y","N","N","N","N","N","Dark - Street Lights","Head-On","Pedestrian Violation","Other Motor Vehicle","N","N","N","N"
7195654,"N","Y","PDO (property damage only)","N",2016,18.4166666666667,"Winter","PM","N","Tu","N","N","Y","N","N","N","N","N","Dark - Street Lights","Broadside","Pedestrian Violation","Other Motor Vehicle","N","N","N","N"
7196233,"N","Y","Injury (Complaint of Pain)","N",2016,22.75,"Winter","N","N","Tu","Y","N","Y","N","N","N","N","N","Dark - Street Lights","Broadside","Lights","Other Motor Vehicle","N","N","N","N"
7196333,"N","Y","PDO (property damage only)","N",2016,17.5,"Winter","PM","N","M","Y","N","Y","N","N","N","N","N","Daylight","Broadside","Unsafe Starting or Backing","Other Motor Vehicle","N","N","N","N"
7196342,"N","Y","Injury (Complaint of Pain)","N",2016,7.91666666666667,"Winter","AM","N","W","Y","N","Y","N","N","N","N","N","Daylight","Broadside","Pedestrian Violation","Other Motor Vehicle","N","N","N","N"
7196345,"N","Y","Injury (Other Visible)","N",2016,19.75,"Winter","N","N","Th","N","N","Y","N","N","N","N","N","Dark - Street Lights","Broadside","Pedestrian Right of Way","Other Motor Vehicle","N","N","N","N"
7196353,"N","Y","Injury (Complaint of Pain)","N",2016,18,"Winter","PM","N","Tu","N","N","Y","N","N","N","N","N","Daylight","Broadside","Pedestrian Violation","Other Motor Vehicle","N","N","N","N"
7196381,"N","Y","Injury (Other Visible)","N",2016,21,"Winter","N","N","F","Y","N","Y","N","N","N","N","N","Dark - Street Lights","Broadside","Pedestrian Violation","Other Motor Vehicle","Y","N","N","N"
7196900,"N","Y","PDO (property damage only)","N",2016,19.7,"Winter","N","N","M","Y","N","Y","N","N","N","N","N","Daylight","Broadside","Pedestrian Violation","Other Motor Vehicle","N","N","N","N"
7196921,"N","Y","PDO (property damage only)","N",2016,19.4166666666667,"Winter","N","N","Sa","Y","N","Y","N","N","N","N","N","Dusk or Dawn","Sideswipe","Pedestrian Violation","Other Motor Vehicle","N","N","N","N"
7196926,"N","Y","Injury (Complaint of Pain)","N",2016,13.2166666666667,"Winter","N","N","Su","Y","N","Y","N","N","N","N","N","Daylight","Broadside","Pedestrian Violation","Other Motor Vehicle","N","N","N","N"
7196943,"N","Y","Injury (Complaint of Pain)","N",2016,19.3333333333333,"Winter","N","N","Su","N","N","Y","N","N","N","N","N","Dark - Street Lights","Sideswipe","Pedestrian Violation","Other Motor Vehicle","N","N","N","N"
7196947,"N","Y","Injury (Other Visible)","N",2016,23.1666666666667,"Winter","N","Y","Su","N","N","Y","N","N","N","N","N","Dark - Street Lights","Head-On","Pedestrian Violation","Other Motor Vehicle","N","N","N","N"