"CASE_ID","mc_killed","mc_injured","collision_severity","severe","accident_year","hours_since_midnight","season","rush_hour","late_night","day_of_week","intersection","state_hwy_ind","w_clear","w_cloudy","w_rainy","w_other","road_not_dry","road_condition_issue","lighting","type_of_collision","pcf_viol_category","mviw","alcohol_involved","truck_accident","pedestrian_accident","bicycle_accident"
8009589,"N","Y","Injury (Other Visible)","N",2016,15.6666666666667,"Winter","PM","N","Th","N","N","Y","N","N","N","N","N","Daylight","Broadside","Pedestrian Violation","Other Motor Vehicle","N","N","N","N"
8009944,"N","Y","PDO (property damage only)","N",2016,22.0833333333333,"Spring","N","N","W","N","N","Y","N","N","N","N","N","Dark - Street Lights","Rear End","Wrong Side of Road","Other Motor Vehicle","N","N","N","N"
8010185,"N","Y","Injury (Complaint of Pain)","N",2016,17.5,"Spring","PM","N","F","N","Y","Y","N","N","N","N","N","Daylight","Hit Object","Impeding Traffic","Fixed Object","N","N","N","N"
8010324,"N","Y","PDO (property damage only)","N",2016,17.6666666666667,"Winter","PM","N","Th","N","N","Y","N","N","N","N","N","Dark - No Street Lights","Broadside","Pedestrian Violation","Other Motor Vehicle","N","N","N","N"
8010807,"N","N","PDO (property damage only)","N",2016,11.55,"Spring","N","N","Tu","Y","N","Y","N","N","Y","N","N","Daylight","Sideswipe","Pedestrian Right of Way","Bicycle","N","N","N","Y"
8010811,"N","Y","PDO (property damage only)","N",2016,9.25,"Spring","N","N","M","N","N","N","Y","N","N","N","N","Daylight","Sideswipe","Impeding Traffic","Other Motor Vehicle","N","N","N","N"
8011276,"N","Y","Injury (Complaint of Pain)","N",2016,17,"Spring","PM","N","F","N","Y","Y","N","N","N","N","N","Daylight","Hit Object","Wrong Side of Road","Fixed Object","N","N","N","N"
8011304,"N","Y","Injury (Other Visible)","N",2016,13.3333333333333,"Spring","N","N","W","N","N","Y","N","N","N","N","N","Daylight","Sideswipe","Automobile Right of Way","Other Motor Vehicle","N","N","Y","N"
8011331,"N","Y","Injury (Complaint of Pain)","N",2016,23.25,"Winter","N","Y","F","N","N","Y","N","N","N","N","N","Dark - Street Lights","Sideswipe","Pedestrian Right of Way","Other Motor Vehicle","N","N","N","N"
8011346,"N","Y","Injury (Other Visible)","N",2016,23.5,"Spring","N","Y","Th","Y","N","Y","N","N","N","N","N","Dark - Street Lights","Broadside","Pedestrian Violation","Other Motor Vehicle","N","N","N","N"
8011575,"N","N","Fatal","Y",2016,4,"Spring","N","Y","Sa","N","N","Y","N","N","N","N","N","Dark - Street Lights","Rear End","Wrong Side of Road","Parked Motor Vehicle","N","N","N","N"
8012285,"N","N","PDO (property damage only)","N",2016,16,"Winter","N","N","Su","N","N","Y","N","N","N","N","N","Daylight","Broadside","Pedestrian Violation","Other Motor Vehicle","N","N","N","N"
8013299,"N","Y","PDO (property damage only)","N",2016,20.75,"Spring","N","N","W","Y","N","Y","N","N","N","N","N","Dark - Street Lights","Rear End","Improper Passing","Other Motor Vehicle","N","N","N","N"
8013353,"N","N","Fatal","Y",2016,5.75,"Spring","N","N","M","N","N","Y","N","N","N","N","N","Daylight","Rear End","Impeding Traffic","Parked Motor Vehicle","N","N","N","N"
8013362,"N","Y","Injury (Complaint of Pain)","N",2016,14.3333333333333,"Spring","N","N","Th","N","N","Y","N","N","N","N","N","Daylight","Sideswipe","Wrong Side of Road","Other Motor Vehicle","N","N","N","N"
8013393,"N","Y","Injury (Complaint of Pain)","N",2016,8.91666666666667,"Spring","AM","N","Tu","N","N","Y","N","N","N","N","N","Daylight","Sideswipe","Code 19","Other Motor Vehicle","N","N","N","N"
8013416,"N","Y","Injury (Other Visible)","N",2016,1.25,"Spring","N","Y","F","N","N","N","Y","N","N","N","Y","Dark - Street Lights","Head-On","Wrong Side of Road","Other Object","N","N","N","N"
8013424,"N","Y","Injury (Complaint of Pain)","N",2016,16.3333333333333,"Spring","PM","N","W","N","N","Y","N","N","N","N","N","Daylight","Broadside","Wrong Side of Road","Parked Motor Vehicle","N","N","N","N"
8013877,"N","Y","Injury (Complaint of Pain)","N",2016,21.5,"Spring","N","N","M","Y","N","Y","N","N","N","N","N","Daylight","Rear End","Wrong Side of Road","Other Motor Vehicle","N","N","N","N"
8015320,"N","Y","PDO (property damage only)","N",2016,7.75,"Winter","AM","N","M","Y","N","N","N","Y","N","Y","N","Daylight","Broadside","Pedestrian Right of Way","Other Motor Vehicle","N","N","N","N"
8015475,"N","Y","Injury (Other Visible)","N",2016,12.55,"Spring","N","N","F","Y","N","Y","N","N","N","N","N","Daylight","Broadside","Pedestrian Violation","Other Motor Vehicle","N","Y","N","N"
8016032,"N","N","Injury (Complaint of Pain)","N",2016,13.0833333333333,"Spring","N","N","Tu","N","N","Y","N","N","N","N","N","Daylight","Sideswipe","Pedestrian Violation","Other Motor Vehicle","N","N","N","N"
8016048,"N","Y","PDO (property damage only)","N",2016,21.3333333333333,"Spring","N","N","Th","N","N","Y","N","N","N","N","N","Dark - Street Lights","Rear End","Improper Passing","Other Motor Vehicle","Y","N","N","N"
8016296,"N","Y","Injury (Complaint of Pain)","N",2016,0,"Spring","N","Y","Tu","Y","N","Y","N","N","N","N","N","Dark - Street Lights","Rear End","Unsafe Speed","Other Object","Y","N","N","N"
8016378,"N","Y","Injury (Complaint of Pain)","N",2016,2.91666666666667,"Spring","N","Y","Tu","N","N","Y","N","N","N","N","N","Dark - Street Lights","Hit Object","Unsafe Speed","Fixed Object","Y","N","N","N"
8016734,"N","Y","PDO (property damage only)","N",2016,9.75,"Spring","N","N","F","Y","N","Y","N","N","N","N","N","Daylight","Head-On","Lights","Other Motor Vehicle","N","N","N","N"
8016780,"N","Y","Injury (Other Visible)","N",2016,11.5833333333333,"Spring","N","N","Tu","Y","N","Y","N","N","N","N","N","Daylight","Broadside","Pedestrian Violation","Other Motor Vehicle","N","N","N","N"
8016955,"N","N","Fatal","Y",2016,20.8333333333333,"Spring","N","N","M","N","N","Y","N","N","N","N","N","Dark - No Street Lights","Sideswipe","Impeding Traffic","Parked Motor Vehicle","N","N","N","N"
8017380,"N","Y","Injury (Complaint of Pain)","N",2016,21.6666666666667,"Spring","N","N","F","N","N","Y","N","N","N","N","N","Dark - Street Lights","Broadside","Pedestrian Violation","Other Motor Vehicle","N","N","N","N"
8017438,"N","N","Injury (Complaint of Pain)","N",2016,7.66666666666667,"Spring","N","N","Sa","N","N","Y","N","N","N","N","N","Daylight","Sideswipe","Wrong Side of Road","Other Object","N","N","N","N"
8017456,"N","Y","Injury (Complaint of Pain)","N",2016,12.5,"Spring","N","N","F","N","N","Y","N","N","N","N","Y","Daylight","Broadside","Pedestrian Right of Way","Other Motor Vehicle","N","N","N","N"
8017472,"N","Y","PDO (property damage only)","N",2016,20.8333333333333,"Spring","N","N","Sa","Y","N","N","Y","N","N","N","N","Dark - Street Lights","Rear End","Improper Passing","Other Motor Vehicle","N","N","N","N"
8017538,"N","N","Fatal","Y",2016,0.0166666666666667,"Spring","N","Y","Sa","N","N","N","Y","N","N","Y","N","Dark - Street Lights","Sideswipe","Unsafe Speed","Other Motor Vehicle","Y","N","N","N"
8017633,"N","Y","Injury (Complaint of Pain)","N",2016,16.6666666666667,"Spring","PM","N","Th","Y","N","Y","N","N","N","Y","N","Daylight","Broadside","Pedestrian Right of Way","Other Motor Vehicle","N","N","N","N"
8017708,"N","Y","PDO (property damage only)","N",2016,17.0833333333333,"Spring","PM","N","M","N","N","Y","N","N","N","N","N","Daylight","Sideswipe","Improper Turning","Other Motor Vehicle","N","N","N","N"
8017722,"N","N","Fatal","Y",2016,7.5,"Spring","AM","N","Th","Y","N","Y","N","N","N","N","N","Daylight","Broadside","Pedestrian Violation","Other Motor Vehicle","N","N","N","N"
8018130,"N","Y","Injury (Other Visible)","N",2016,17.5,"Spring","N","N","Sa","Y","N","Y","N","N","N","N","N","Daylight","Hit Object","Wrong Side of Road","Parked Motor Vehicle","N","N","N","N"
8018153,"N","Y","Injury (Complaint of Pain)","N",2016,20.5833333333333,"Spring","N","N","W","N","N","Y","N","N","N","N","N","Dark - Street Lights","Sideswipe","Unsafe Speed","Other Motor Vehicle","Y","N","N","N"
8018158,"N","Y","Injury (Complaint of Pain)","N",2016,20.5833333333333,"Spring","N","N","W","Y","N","Y","N","N","N","N","N","Dark - Street Lights","Broadside","Pedestrian Violation","Other Motor Vehicle","N","N","N","N"
8018159,"N","Y","Injury (Other Visible)","N",2016,23.1666666666667,"Spring","N","Y","W","N","N","Y","N","N","N","N","N","Dark - Street Lights","Hit Object","Wrong Side of Road","Fixed Object","N","N","N","N"
8018164,"N","Y","Injury (Complaint of Pain)","N",2016,9.75,"Spring","N","N","M","Y","N","Y","N","N","N","N","N","Daylight","Broadside","Pedestrian Violation","Other Motor Vehicle","N","N","N","N"
8018600,"N","Y","Injury (Other Visible)","N",2016,8.91666666666667,"Spring","AM","N","F","N","N","N","Y","N","N","Y","N","Daylight","Head-On","Pedestrian Violation","Other Motor Vehicle","N","N","N","N"
8018613,"N","Y","Injury (Complaint of Pain)","N",2016,20.1666666666667,"Spring","N","N","W","Y","N","Y","N","N","N","N","N","Dark - Street Lights","Broadside","Pedestrian Violation","Other Motor Vehicle","N","N","N","N"
8018622,"N","Y","Injury (Complaint of Pain)","N",2016,9.83333333333333,"Spring","N","N","Sa","Y","N","Y","N","N","N","N","N","Daylight","Broadside","Pedestrian Violation","Other Motor Vehicle","N","N","N","N"
8018639,"N","Y","PDO (property damage only)","N",2016,10.4166666666667,"Spring","N","N","Sa","N","N","Y","N","N","N","N","N","Daylight","Broadside","Pedestrian Violation","Other Motor Vehicle","N","N","N","N"
8018660,"N","Y","PDO (property damage only)","N",2016,16.8333333333333,"Spring","PM","N","W","Y","N","Y","N","N","N","N","N","Daylight","Sideswipe","Driving or Bicycling Under the Influence of Alcohol or Drug","Other Motor Vehicle","N","N","N","N"
8018668,"N","Y","PDO (property damage only)","N",2016,16.5,"Spring","PM","N","Tu","Y","N","Y","N","N","N","N","N","Daylight","Other","Pedestrian Right of Way","Other Object","N","N","N","N"
8018789,"N","Y","Injury (Complaint of Pain)","N",2016,12.6666666666667,"Spring","N","N","Su","Y","N","Y","N","N","N","N","N","Daylight","Sideswipe","Pedestrian Violation","Other Motor Vehicle","N","N","N","N"
8019028,"N","Y","Injury (Complaint of Pain)","N",2016,14,"Spring","N","N","W","N","N","Y","N","N","N","N","N","Daylight","Broadside","Pedestrian Violation","Other Motor Vehicle","N","N","N","N"
8019211,"N","N","Fatal","Y",2016,20.3333333333333,"Spring","N","N","Sa","N","N","Y","N","N","N","N","N","Dark - Street Lights","Rear End","Impeding Traffic","Other Motor Vehicle","N","N","N","N"
8019401,"N","Y","Injury (Complaint of Pain)","N",2016,18.3333333333333,"Winter","N","N","Su","N","N","Y","N","N","N","N","N","Daylight","Hit Object","Impeding Traffic","Fixed Object","N","N","N","N"
8019511,"N","Y","Injury (Other Visible)","N",2016,14.1666666666667,"Winter","N","N","Sa","Y","N","Y","N","N","N","N","N","Daylight","Sideswipe","Lights","Other Object","N","N","N","N"
8019613,"N","Y","Injury (Other Visible)","N",2016,5,"Spring","N","Y","F","Y","N","Y","N","N","N","N","N","Dark - Street Lights","Head-On","Pedestrian Violation","Other Motor Vehicle","N","N","N","N"
8019879,"N","Y","Injury (Complaint of Pain)","N",2016,19.75,"Spring","N","N","W","N","N","Y","N","N","N","N","N","Dark - Street Lights","Sideswipe","Pedestrian Right of Way","Other Motor Vehicle","N","N","N","N"
8019905,"N","Y","Injury (Other Visible)","N",2016,22.25,"Spring","N","N","Th","N","N","Y","N","N","N","N","N","Dark - Street Lights","Rear End","Wrong Side of Road","Parked Motor Vehicle","N","N","N","N"
8019910,"N","Y","Injury (Complaint of Pain)","N",2016,12.8333333333333,"Spring","N","N","F","N","N","Y","N","N","N","N","N","Daylight","Broadside","Pedestrian Right of Way","Other Motor Vehicle","N","N","N","N"
8020186,"N","Y","Injury (Other Visible)","N",2016,19.25,"Spring","N","N","Th","N","N","Y","N","N","N","N","N","Dusk or Dawn","Broadside","Pedestrian Violation","Other Motor Vehicle","N","N","N","N"
8020198,"N","Y","PDO (property damage only)","N",2016,8.66666666666667,"Spring","AM","N","W","N","N","Y","N","N","N","N","N","Daylight","Sideswipe","Impeding Traffic","Other Motor Vehicle","N","N","N","N"
8020201,"N","Y","PDO (property damage only)","N",2016,13.5,"Spring","N","N","Tu","N","N","Y","N","N","N","N","N","Daylight","Broadside","Pedestrian Violation","Other Motor Vehicle","N","N","N","N"
8020773,"N","Y","PDO (property damage only)","N",2016,12.8333333333333,"Spring","N","N","Sa","N","N","Y","N","N","N","N","N","Daylight","Broadside","Unsafe Lane Change","Other Motor Vehicle","N","N","N","N"
8021442,"N","Y","Injury (Complaint of Pain)","N",2016,17.1666666666667,"Spring","PM","N","F","Y","N","Y","N","N","N","N","N","Daylight","Other","Pedestrian Violation","Other Motor Vehicle","N","N","N","N"
8022008,"N","Y","Injury (Complaint of Pain)","N",2016,16,"Spring","PM","N","M","Y","N","Y","N","N","N","N","N","Daylight","Other","Wrong Side of Road","Fixed Object","N","N","N","N"
8022025,"N","Y","PDO (property damage only)","N",2016,13.8333333333333,"Spring","N","N","Tu","N","N","Y","N","N","N","N","N","Daylight","Rear End","Wrong Side of Road","Other Motor Vehicle","N","N","N","N"
8022257,"N","Y","PDO (property damage only)","N",2016,0.666666666666667,"Spring","N","Y","Th","N","N","Y","N","N","N","N","N","Dark - Street Lights","Rear End","Pedestrian Right of Way","Other Motor Vehicle","N","N","N","N"
8022277,"N","Y","Injury (Complaint of Pain)","N",2016,17.9166666666667,"Spring","PM","N","Th","N","N","N","Y","Y","N","Y","N","Daylight","Other","Pedestrian Right of Way","Other Object","N","N","N","N"
8022337,"N","Y","PDO (property damage only)","N",2016,0.5,"Spring","N","Y","Sa","Y","N","Y","N","N","N","N","N","Dark - Street Lights","Rear End","Improper Passing","Other Motor Vehicle","N","N","N","N"
8023021,"N","Y","Injury (Other Visible)","N",2016,14.25,"Spring","N","N","M","N","N","Y","N","N","N","N","N","Daylight","Other","Wrong Side of Road","Other Object","N","N","N","N"
8023648,"N","Y","Injury (Other Visible)","N",2016,6.83333333333333,"Spring","N","N","W","Y","N","Y","N","N","N","N","N","Daylight","Head-On","Pedestrian Violation","Other Motor Vehicle","N","N","N","N"
8023697,"N","Y","Injury (Complaint of Pain)","N",2016,15,"Spring","PM","N","W","N","N","Y","N","N","N","N","N","Daylight","Rear End","Wrong Side of Road","Other Motor Vehicle","N","N","N","N"
8023861,"N","Y","Injury (Complaint of Pain)","N",2016,16.6166666666667,"Spring","PM","N","Tu","N","N","Y","N","N","N","N","N","Daylight","Sideswipe","Pedestrian Right of Way","Other Motor Vehicle","N","N","N","N"
8024115,"N","Y","PDO (property damage only)","N",2016,17.8333333333333,"Spring","PM","N","W","N","N","Y","N","N","N","N","N","Dusk or Dawn","Vehicle/Pedestrian","Wrong Side of Road","Pedestrian","N","N","Y","N"
8024124,"N","N","PDO (property damage only)","N",2016,14.5,"Spring","N","N","Su","N","N","Y","N","N","N","N","N","Daylight","Head-On","Impeding Traffic","Other Motor Vehicle","N","N","N","N"
8024127,"N","Y","Injury (Complaint of Pain)","N",2016,7.75,"Spring","AM","N","W","Y","N","N","Y","N","N","N","N","Daylight","Broadside","Pedestrian Violation","Other Motor Vehicle","N","N","N","N"
8024135,"N","Y","PDO (property damage only)","N",2016,17.4166666666667,"Spring","N","N","Sa","Y","N","Y","N","N","N","N","N","Daylight","Broadside","Lights","Other Motor Vehicle","N","N","N","N"
8024410,"N","Y","Injury (Complaint of Pain)","N",2016,8.91666666666667,"Spring","AM","N","Tu","Y","N","Y","N","N","N","N","N","Daylight","Sideswipe","Pedestrian Violation","Other Motor Vehicle","N","N","N","N"
8024428,"N","Y","Injury (Other Visible)","N",2016,20.8333333333333,"Spring","N","N","W","N","N","Y","N","N","N","N","N","Dark - Street Lights","Head-On","Unsafe Lane Change","Other Motor Vehicle","N","N","N","N"
8024446,"N","Y","Injury (Complaint of Pain)","N",2016,6,"Spring","N","N","M","N","N","Y","N","N","N","N","N","Dusk or Dawn","Rear End","Wrong Side of Road","Other Motor Vehicle","N","N","N","N"
8024478,"N","Y","PDO (property damage only)","N",2016,16.3333333333333,"Spring","N","N","Sa","Y","N","Y","N","N","N","N","N","Daylight","Other","Pedestrian Right of Way","Other Motor Vehicle","N","N","N","N"
8024490,"N","N","Fatal","Y",2016,11.1666666666667,"Spring","N","N","W","N","Y","Y","N","N","N","N","N","Daylight","Rear End","Pedestrian Right of Way","Other Motor Vehicle","N","N","N","N"
8024528,"N","Y","Injury (Complaint of Pain)","N",2016,16.3333333333333,"Spring","N","N","Sa","Y","N","Y","N","N","N","N","N","Daylight","Head-On","Pedestrian Violation","Motor Vehicle on Other Roadway","N","N","N","N"
8024540,"N","Y","Injury (Complaint of Pain)","N",2016,9.25,"Spring","N","N","W","Y","N","Y","N","N","N","N","N","Daylight","Broadside","Pedestrian Violation","Other Motor Vehicle","N","N","N","N"
8024826,"N","Y","Injury (Other Visible)","N",2016,19.6666666666667,"Spring","N","N","W","Y","N","Y","N","N","N","N","N","Dark - Street Lights","Head-On","Pedestrian Violation","Other Motor Vehicle","N","N","N","N"
8024938,"N","Y","Injury (Complaint of Pain)","N",2016,12.75,"Spring","N","N","F","Y","N","Y","N","N","N","N","N","Daylight","Broadside","Lights","Other Motor Vehicle","N","N","N","N"
8024941,"N","N","Injury (Complaint of Pain)","N",2016,16.3333333333333,"Spring","PM","N","Th","N","N","Y","N","N","N","N","N","Daylight","Broadside","Unsafe Lane Change","Other Motor Vehicle","N","N","N","N"
8025179,"N","Y","PDO (property damage only)","N",2016,19.3333333333333,"Spring","N","N","Th","N","N","Y","N","N","N","N","N","Daylight","Hit Object","Wrong Side of Road","Fixed Object","N","N","N","N"
8025765,"N","Y","Injury (Complaint of Pain)","N",2016,13.1666666666667,"Spring","N","N","Su","Y","N","Y","N","N","N","N","N","Daylight","Head-On","Pedestrian Violation","Other Motor Vehicle","N","N","N","N"
8025774,"N","Y","Injury (Complaint of Pain)","N",2016,20.4166666666667,"Spring","N","N","Tu","N","N","Y","N","N","N","N","N","Dark - Street Lights","Hit Object","Wrong Side of Road","Fixed Object","N","N","N","N"
8025779,"N","Y","PDO (property damage only)","N",2016,21.75,"Spring","N","N","M","N","N","Y","N","N","N","N","Y","Dark - Street Lights","Rear End","Wrong Side of Road","Parked Motor Vehicle","N","N","N","N"
8025798,"N","Y","PDO (property damage only)","N",2016,16.75,"Spring","N","N","Su","N","N","Y","N","N","N","N","N","Daylight","Broadside","Pedestrian Violation","Other Motor Vehicle","N","N","N","N"
8025857,"N","Y","Injury (Complaint of Pain)","N",2016,18.75,"Spring","PM","N","W","N","N","Y","N","N","N","N","N","Dusk or Dawn","Broadside","Unsafe Lane Change","Other Motor Vehicle","N","N","N","N"
8025874,"N","Y","Injury (Complaint of Pain)","N",2016,23,"Spring","N","Y","M","N","N","Y","N","N","N","N","N","Dark - Street Lights","Sideswipe","Unsafe Lane Change","Other Motor Vehicle","N","N","N","N"
8025878,"N","Y","Injury (Other Visible)","N",2016,14.75,"Spring","N","N","Th","N","N","Y","N","N","N","N","N","Daylight","Rear End","Wrong Side of Road","Other Motor Vehicle","N","N","N","N"
8027004,"N","Y","PDO (property damage only)","N",2016,21.2666666666667,"Spring","N","N","W","Y","N","Y","N","N","N","N","N","Dark - Street Lights","Broadside","Pedestrian Violation","Other Motor Vehicle","N","N","N","N"
8027012,"N","Y","Injury (Complaint of Pain)","N",2016,22.5,"Spring","N","N","Th","Y","N","Y","N","N","Y","N","N","Dark - Street Lights","Broadside","Pedestrian Violation","Other Motor Vehicle","N","N","N","N"
8027389,"N","Y","Injury (Complaint of Pain)","N",2016,4.66666666666667,"Spring","N","Y","Tu","Y","N","Y","N","N","N","N","N","Dark - Street Lights","Head-On","Pedestrian Violation","Other Motor Vehicle","N","N","N","N"
8027756,"N","N","Fatal","Y",2016,12.9166666666667,"Spring","N","N","W","N","N","Y","N","N","N","N","N","Daylight","Broadside","Unsafe Starting or Backing","Parked Motor Vehicle","N","N","N","N"
8027893,"N","N","Injury (Complaint of Pain)","N",2016,11.0833333333333,"Spring","N","N","Th","Y","N","N","Y","N","N","N","N","Daylight","Vehicle/Pedestrian","Traffic Signals and Signs","Pedestrian","N","N","Y","N"
8028153,"N","Y","Injury (Complaint of Pain)","N",2016,11,"Spring","N","N","F","N","N","Y","N","N","N","N","N","Daylight","Overturned","Other Improper Driving","Other Object","N","N","N","N"
8028403,"N","Y","Injury (Other Visible)","N",2016,15.5833333333333,"Spring","N","N","Su","Y","N","Y","N","N","N","N","N","Daylight","Broadside","Pedestrian Right of Way","Motor Vehicle on Other Roadway","N","N","N","N"
8028420,"N","Y","PDO (property damage only)","N",2016,16,"Spring","PM","N","Th","Y","N","Y","N","N","N","N","N","Daylight","Rear End","Pedestrian Right of Way","Other Motor Vehicle","N","N","N","N"
8028427,"N","Y","PDO (property damage only)","N",2016,22.1666666666667,"Spring","N","N","M","N","N","Y","N","N","N","N","N","Dark - Street Lights","Sideswipe","Automobile Right of Way","Other Motor Vehicle","N","N","N","N"
8028429,"N","Y","PDO (property damage only)","N",2016,23.25,"Spring","N","Y","Su","N","N","Y","N","N","N","N","N","Daylight","Head-On","Pedestrian Violation","Other Motor Vehicle","N","N","N","N"
8029567,"N","Y","Injury (Complaint of Pain)","N",2016,19,"Spring","PM","N","Th","Y","N","Y","N","N","N","N","N","Daylight","Other","Pedestrian Right of Way","Fixed Object","N","N","N","N"
8029575,"N","Y","Injury (Other Visible)","N",2016,0.166666666666667,"Spring","N","Y","Sa","Y","N","Y","N","N","N","N","N","Dark - Street Lights","Head-On","Pedestrian Violation","Other Motor Vehicle","N","N","N","N"
8029595,"N","Y","Injury (Other Visible)","N",2016,20.0833333333333,"Spring","N","N","Su","Y","N","Y","N","N","N","N","N","Dark - Street Lights","Broadside","Pedestrian Violation","Other Motor Vehicle","Y","N","N","N"
8032462,"N","Y","PDO (property damage only)","N",2016,11.4833333333333,"Spring","N","N","Th","N","N","Y","N","N","N","N","N","Daylight","Broadside","Pedestrian Violation","Other Motor Vehicle","N","N","N","N"
8032624,"N","Y","Injury (Complaint of Pain)","N",2016,12.0833333333333,"Spring","N","N","Th","Y","N","Y","N","N","N","N","N","Daylight","Broadside","Pedestrian Violation","Other Motor Vehicle","N","N","N","N"
8032632,"N","Y","Injury (Complaint of Pain)","N",2016,22.1666666666667,"Spring","N","N","Th","N","N","Y","N","N","N","N","N","Dark - Street Lights","Broadside","Pedestrian Violation","Other Motor Vehicle","N","N","N","N"
8032840,"N","Y","Injury (Complaint of Pain)","N",2016,0.0833333333333333,"Spring","N","Y","Sa","N","N","Y","N","N","N","N","N","Daylight","Rear End","Unsafe Speed","Other Motor Vehicle","Y","N","N","N"
8032916,"N","Y","Injury (Complaint of Pain)","N",2016,14.5833333333333,"Spring","N","N","Sa","N","N","Y","N","N","N","N","N","Daylight","Broadside","Unsafe Speed","Other Motor Vehicle","Y","N","N","N"
8033368,"N","Y","Injury (Complaint of Pain)","N",2016,0.0833333333333333,"Spring","N","Y","M","N","N","Y","N","N","N","N","N","Dark - Street Lights","Overturned","Unsafe Speed","Parked Motor Vehicle","Y","N","N","N"
8033374,"N","Y","Injury (Complaint of Pain)","N",2016,20,"Spring","N","N","W","Y","N","Y","N","N","N","N","N","Dark - Street Lights","Broadside","Wrong Side of Road","Other Motor Vehicle","N","N","N","N"
8033400,"N","Y","Injury (Complaint of Pain)","N",2016,15,"Spring","N","N","Sa","N","N","Y","N","N","N","N","N","Daylight","Sideswipe","Unsafe Starting or Backing","Other Motor Vehicle","N","N","N","N"
8033406,"N","Y","Injury (Complaint of Pain)","N",2016,20.3333333333333,"Spring","N","N","Th","Y","N","N","Y","N","N","Y","N","Dark - Street Lights","Other","Pedestrian Violation","Other Object","N","N","N","N"
8033408,"N","Y","Injury (Complaint of Pain)","N",2016,20.6666666666667,"Spring","N","N","M","N","N","Y","N","N","N","N","N","Dark - Street Lights","Hit Object","Wrong Side of Road","Fixed Object","N","N","N","N"
8033414,"N","Y","PDO (property damage only)","N",2016,16.6666666666667,"Spring","PM","N","F","Y","N","Y","N","N","N","N","N","Daylight","Broadside","Pedestrian Violation","Motor Vehicle on Other Roadway","N","N","N","N"
8033420,"N","Y","PDO (property damage only)","N",2016,7.58333333333333,"Spring","AM","N","W","N","N","Y","N","N","N","N","N","Daylight","Broadside","Pedestrian Violation","Other Motor Vehicle","N","N","N","N"
8033455,"N","Y","PDO (property damage only)","N",2016,1.5,"Spring","N","Y","Su","N","N","Y","N","N","N","N","Y","Dark - Street Lights","Rear End","Wrong Side of Road","Parked Motor Vehicle","N","N","N","N"
8033507,"N","N","PDO (property damage only)","N",2016,17,"Spring","PM","N","Th","N","N","Y","N","N","N","N","N","Daylight","Rear End","Improper Passing","Other Motor Vehicle","N","N","N","N"
8034938,"N","Y","Injury (Other Visible)","N",2016,20.5,"Spring","N","N","Sa","Y","Y","Y","N","N","N","N","N","Dark - Street Lights","Broadside","Pedestrian Violation","Other Motor Vehicle","N","N","N","N"
8034952,"N","Y","Injury (Complaint of Pain)","N",2016,13,"Spring","N","N","Su","N","N","Y","N","N","N","N","N","Daylight","Sideswipe","Automobile Right of Way","Other Motor Vehicle","N","N","N","N"
8034957,"N","Y","Injury (Complaint of Pain)","N",2016,13.8333333333333,"Spring","N","N","W","Y","N","Y","N","N","N","N","N","Daylight","Hit Object","Wrong Side of Road","Fixed Object","N","N","N","N"
8035370,"N","Y","Injury (Complaint of Pain)","N",2016,19.1666666666667,"Spring","N","N","M","N","N","Y","N","N","N","N","N","Daylight","Broadside","Lights","Other Motor Vehicle","N","N","N","N"
8035458,"N","Y","Injury (Complaint of Pain)","N",2016,11.1666666666667,"Spring","N","N","W","N","N","Y","N","N","N","N","N","Daylight","Sideswipe","Impeding Traffic","Other Motor Vehicle","N","N","N","N"
8035459,"N","Y","Injury (Other Visible)","N",2016,8.33333333333333,"Spring","AM","N","W","N","N","N","Y","N","N","N","N","Daylight","Broadside","Wrong Side of Road","Other Motor Vehicle","N","N","N","N"
8035467,"N","Y","PDO (property damage only)","N",2016,15,"Spring","PM","N","F","Y","N","Y","N","N","N","N","N","Daylight","Other","Code 20","Motor Vehicle on Other Roadway","N","N","N","N"
8035468,"N","Y","Injury (Complaint of Pain)","N",2016,12,"Spring","N","N","W","N","N","Y","N","N","N","N","N","Daylight","Broadside","Pedestrian Violation","Other Motor Vehicle","N","N","Y","N"
8035477,"N","Y","Injury (Complaint of Pain)","N",2016,9.13333333333333,"Spring","N","N","Tu","Y","N","Y","N","N","N","N","N","Daylight","Broadside","Lights","Other Motor Vehicle","N","N","N","N"
8035478,"N","Y","Injury (Complaint of Pain)","N",2016,14.3333333333333,"Spring","N","N","Th","N","N","Y","N","N","N","N","N","Daylight","Head-On","Pedestrian Violation","Other Motor Vehicle","N","N","N","N"
8035480,"N","Y","Injury (Complaint of Pain)","N",2016,18.3333333333333,"Spring","N","N","Su","N","N","Y","N","N","N","N","Y","Daylight","Other","Wrong Side of Road","Other Object","N","N","N","N"
8035547,"N","Y","Injury (Complaint of Pain)","N",2016,19.75,"Spring","N","N","F","Y","N","Y","N","N","N","N","N","Dusk or Dawn","Other","Pedestrian Violation","Non-Collision","N","N","N","N"
8035610,"N","N","Fatal","Y",2016,3.66666666666667,"Spring","N","Y","Su","N","N","Y","N","N","N","N","N","Dark - Street Lights","Sideswipe","Wrong Side of Road","Parked Motor Vehicle","N","N","N","N"