"CASE_ID","mc_killed","mc_injured","collision_severity","severe","accident_year","hours_since_midnight","season","rush_hour","late_night","day_of_week","intersection","state_hwy_ind","w_clear","w_cloudy","w_rainy","w_other","road_not_dry","road_condition_issue","lighting","type_of_collision","pcf_viol_category","mviw","alcohol_involved","truck_accident","pedestrian_accident","bicycle_accident"
8035680,"N","N","Injury (Complaint of Pain)","N",2016,1.16666666666667,"Spring","N","Y","Su","Y","N","Y","N","N","N","N","N","Dark - Street Lights","Broadside","Pedestrian Violation","Other Motor Vehicle","N","N","N","N"
8035970,"N","Y","Injury (Complaint of Pain)","N",2016,15.6666666666667,"Spring","PM","N","F","Y","N","Y","N","N","Y","N","N","Daylight","Broadside","Pedestrian Right of Way","Other Motor Vehicle","N","N","N","N"
8036408,"N","Y","PDO (property damage only)","N",2016,15.8333333333333,"Spring","PM","N","M","N","N","Y","N","N","N","N","N","Daylight","Sideswipe","Automobile Right of Way","Other Motor Vehicle","N","N","N","N"
8036443,"N","Y","PDO (property damage only)","N",2016,11.4166666666667,"Spring","N","N","Sa","N","N","Y","N","N","N","N","N","Daylight","Broadside","Pedestrian Violation","Other Motor Vehicle","N","N","N","N"
8036496,"N","Y","PDO (property damage only)","N",2016,22,"Spring","N","N","Tu","N","N","Y","N","N","N","N","N","Dark - Street Lights","Broadside","Lights","Other Motor Vehicle","N","N","N","N"
8036499,"N","Y","Injury (Complaint of Pain)","N",2016,17.0833333333333,"Spring","N","N","Su","N","N","Y","N","N","N","N","N","Daylight","Sideswipe","Impeding Traffic","Other Motor Vehicle","N","N","N","N"
8036547,"N","Y","Injury (Complaint of Pain)","N",2016,18.5833333333333,"Spring","N","N","Sa","Y","N","Y","N","N","N","N","N","Daylight","Other","Pedestrian Violation","Non-Collision","N","N","N","N"
8036548,"N","N","Injury (Other Visible)","N",2016,21.6666666666667,"Spring","N","N","Tu","N","N","Y","N","N","N","N","N","Dark - Street Lights","Sideswipe","Automobile Right of Way","Other Motor Vehicle","N","N","N","N"
8036651,"N","Y","PDO (property damage only)","N",2016,12.5833333333333,"Spring","N","N","Tu","Y","N","Y","N","N","N","N","N","Daylight","Broadside","Code 19","Other Motor Vehicle","N","N","N","N"
8036663,"N","Y","Injury (Complaint of Pain)","N",2016,16.1666666666667,"Spring","N","N","Su","N","N","Y","N","N","N","N","N","Daylight","Broadside","Pedestrian Right of Way","Other Motor Vehicle","N","N","N","N"
8036699,"N","Y","PDO (property damage only)","N",2016,14.5833333333333,"Spring","N","N","Su","N","N","Y","N","N","N","N","N","Daylight","Broadside","Pedestrian Violation","Other Motor Vehicle","N","N","N","N"
8036741,"N","Y","Injury (Other Visible)","N",2016,13,"Spring","N","N","M","N","N","Y","N","N","Y","N","N","Daylight","Sideswipe","Impeding Traffic","Other Motor Vehicle","N","N","N","N"
8036746,"N","Y","Injury (Other Visible)","N",2016,9.33333333333333,"Spring","N","N","Th","N","N","Y","N","N","N","N","N","Daylight","Hit Object","Wrong Side of Road","Fixed Object","N","N","N","N"
8036797,"N","Y","Injury (Complaint of Pain)","N",2016,14.3333333333333,"Spring","N","N","W","N","N","Y","N","N","N","N","N","Daylight","Broadside","Pedestrian Violation","Other Motor Vehicle","N","N","N","N"
8038336,"N","Y","PDO (property damage only)","N",2016,22.5,"Spring","N","N","Sa","Y","N","Y","N","N","N","N","N","Dusk or Dawn","Head-On","Pedestrian Violation","Other Motor Vehicle","N","N","N","N"
8039166,"N","Y","Injury (Other Visible)","N",2016,17.5833333333333,"Spring","PM","N","W","N","N","Y","N","N","N","N","N","Dark - Street Lights","Rear End","Unsafe Starting or Backing","Other Motor Vehicle","N","N","N","N"
8039197,"N","Y","PDO (property damage only)","N",2016,11.5,"Spring","N","N","Tu","N","N","Y","N","N","N","N","N","Daylight","Rear End","Wrong Side of Road","Other Motor Vehicle","N","N","N","N"
8039444,"N","Y","Injury (Complaint of Pain)","N",2016,16.9166666666667,"Spring","PM","N","Th","N","N","Y","N","N","N","N","N","Daylight","Rear End","Automobile Right of Way","Other Motor Vehicle","N","N","N","N"
8039479,"N","Y","Injury (Complaint of Pain)","N",2016,11.5833333333333,"Spring","N","N","M","N","N","Y","N","N","N","N","N","Daylight","Broadside","Pedestrian Violation","Other Motor Vehicle","N","N","N","N"
8040619,"N","Y","Injury (Complaint of Pain)","N",2016,23.8333333333333,"Spring","N","Y","W","N","N","Y","N","N","N","N","N","Dark - Street Lights","Other","Pedestrian Violation","Non-Collision","N","N","N","N"
8040624,"N","Y","Injury (Complaint of Pain)","N",2016,17.25,"Spring","PM","N","F","Y","N","Y","N","N","N","N","N","Daylight","Broadside","Pedestrian Violation","Other Motor Vehicle","N","N","N","N"
8040937,"N","Y","PDO (property damage only)","N",2016,21.75,"Spring","N","N","M","N","N","Y","N","N","N","N","N","Dark - Street Lights","Rear End","Wrong Side of Road","Other Motor Vehicle","N","N","N","N"
8040938,"N","Y","Injury (Other Visible)","N",2016,12.0833333333333,"Spring","N","N","Tu","Y","N","Y","N","N","N","N","N","Daylight","Head-On","Lights","Other Motor Vehicle","N","N","N","N"
8040957,"N","Y","PDO (property damage only)","N",2016,21.8333333333333,"Spring","N","N","Su","Y","N","Y","N","N","N","N","N","Dark - No Street Lights","Broadside","Pedestrian Violation","Other Motor Vehicle","N","N","N","N"
8041043,"N","Y","Injury (Complaint of Pain)","N",2016,18,"Spring","PM","N","F","Y","N","Y","N","N","N","N","N","Daylight","Head-On","Wrong Side of Road","Other Motor Vehicle","N","N","N","N"
8041099,"N","Y","PDO (property damage only)","N",2016,11.5,"Spring","N","N","Sa","Y","N","Y","N","N","N","N","N","Daylight","Broadside","Pedestrian Violation","Other Motor Vehicle","N","N","N","N"
8041108,"N","Y","Injury (Complaint of Pain)","N",2016,20.3333333333333,"Spring","N","N","Th","Y","N","Y","N","N","N","N","N","Dark - Street Lights","Head-On","Pedestrian Violation","Other Motor Vehicle","N","N","N","N"
8041115,"N","Y","Injury (Complaint of Pain)","N",2016,9,"Spring","AM","N","F","Y","N","Y","N","N","N","N","N","Daylight","Hit Object","Pedestrian Right of Way","Fixed Object","N","N","N","N"
8041242,"N","Y","Injury (Other Visible)","N",2016,6.5,"Spring","N","N","Su","Y","N","Y","N","N","N","N","N","Daylight","Broadside","Pedestrian Violation","Other Motor Vehicle","N","N","N","N"
8041273,"N","Y","Injury (Complaint of Pain)","N",2016,16.25,"Spring","PM","N","Th","Y","N","Y","N","N","N","N","N","Daylight","Head-On","Pedestrian Violation","Other Motor Vehicle","N","N","N","N"
8041390,"N","Y","PDO (property damage only)","N",2016,23.8333333333333,"Spring","N","Y","W","Y","N","Y","N","N","N","N","N","Dark - Street Lights","Broadside","Lights","Other Motor Vehicle","N","N","N","N"
8041407,"N","Y","Injury (Complaint of Pain)","N",2016,12.3333333333333,"Spring","N","N","W","Y","N","Y","N","N","N","N","N","Daylight","Broadside","Pedestrian Violation","Other Motor Vehicle","N","N","N","N"
8041411,"N","Y","Injury (Complaint of Pain)","N",2016,14.4166666666667,"Spring","N","N","F","Y","N","Y","N","N","N","N","N","Daylight","Broadside","Pedestrian Violation","Other Motor Vehicle","N","N","N","N"
8041419,"N","Y","Injury (Complaint of Pain)","N",2016,11.75,"Spring","N","N","W","Y","N","Y","N","N","N","N","N","Daylight","Rear End","Improper Passing","Other Motor Vehicle","N","N","N","N"
8041431,"N","Y","Injury (Complaint of Pain)","N",2016,16.1666666666667,"Spring","N","N","Su","Y","N","Y","N","N","N","N","N","Daylight","Broadside","Pedestrian Violation","Other Motor Vehicle","N","N","N","N"
8041475,"N","Y","PDO (property damage only)","N",2016,17.7333333333333,"Spring","PM","N","W","N","N","Y","N","N","N","N","N","Daylight","Sideswipe","Pedestrian Right of Way","Other Motor Vehicle","N","N","N","N"
8041491,"N","Y","Injury (Complaint of Pain)","N",2016,14,"Spring","N","N","W","N","N","Y","N","N","N","N","N","Daylight","Other","Automobile Right of Way","Non-Collision","N","N","N","N"
8041492,"N","Y","Injury (Other Visible)","N",2016,19.4166666666667,"Spring","N","N","Th","N","N","Y","N","N","N","N","N","Daylight","Sideswipe","Impeding Traffic","Other Motor Vehicle","N","N","N","N"
8041503,"N","Y","Injury (Complaint of Pain)","N",2016,7.91666666666667,"Spring","AM","N","F","N","N","Y","N","N","N","N","N","Daylight","Sideswipe","Pedestrian Violation","Other Motor Vehicle","N","N","N","N"
8041601,"N","Y","Injury (Complaint of Pain)","N",2016,19.9166666666667,"Spring","N","N","W","Y","N","Y","N","N","N","N","N","Dark - Street Lights","Broadside","Pedestrian Violation","Other Motor Vehicle","N","N","N","N"
8041900,"N","Y","Injury (Other Visible)","N",2016,19.3333333333333,"Spring","N","N","W","N","N","Y","N","N","N","N","N","Dark - Street Lights","Sideswipe","Impeding Traffic","Other Motor Vehicle","N","N","N","N"
8042392,"N","Y","PDO (property damage only)","N",2016,9.41666666666667,"Spring","N","N","W","N","N","Y","N","N","N","N","N","Daylight","Rear End","Automobile Right of Way","Parked Motor Vehicle","N","Y","N","N"
8042672,"N","Y","Injury (Complaint of Pain)","N",2016,17.25,"Spring","PM","N","M","N","N","Y","N","N","N","N","N","Daylight","Broadside","Unsafe Lane Change","Bicycle","N","N","N","N"
8042818,"N","Y","Injury (Other Visible)","N",2016,6.5,"Spring","N","N","Th","N","N","Y","N","N","N","N","N","Daylight","Broadside","Pedestrian Violation","Other Motor Vehicle","N","N","N","N"
8042840,"N","Y","PDO (property damage only)","N",2016,9.41666666666667,"Spring","N","N","M","Y","N","Y","N","N","N","N","N","Daylight","Head-On","Lights","Other Motor Vehicle","N","N","N","N"
8042909,"N","Y","Injury (Other Visible)","N",2016,13.6666666666667,"Spring","N","N","W","N","N","Y","N","N","N","N","N","Daylight","Broadside","Pedestrian Right of Way","Other Motor Vehicle","N","N","N","N"
8043008,"N","Y","Injury (Complaint of Pain)","N",2016,7.5,"Spring","AM","N","Th","N","N","Y","N","N","N","N","N","Daylight","Other","Automobile Right of Way","Non-Collision","N","N","N","N"
8043525,"N","Y","Injury (Complaint of Pain)","N",2016,17.1666666666667,"Spring","PM","N","F","N","N","Y","N","N","N","N","N","Daylight","Other","Wrong Side of Road","Other Object","N","N","N","N"
8044080,"N","Y","Injury (Complaint of Pain)","N",2016,14.6666666666667,"Spring","N","N","Sa","N","N","N","Y","N","N","N","N","Daylight","Rear End","Pedestrian Violation","Other Motor Vehicle","N","N","N","N"
8044334,"N","Y","Injury (Complaint of Pain)","N",2016,11.1666666666667,"Spring","N","N","Sa","Y","N","Y","N","N","N","N","N","Daylight","Head-On","Pedestrian Violation","Other Motor Vehicle","N","N","N","N"
8044344,"N","Y","PDO (property damage only)","N",2016,19.3333333333333,"Spring","N","N","Th","N","N","Y","N","N","N","N","N","Daylight","Broadside","Pedestrian Violation","Other Motor Vehicle","N","N","N","N"
8044357,"N","Y","Injury (Other Visible)","N",2016,19.5,"Spring","N","N","Th","N","N","Y","N","N","N","N","N","Daylight","Other","Pedestrian Violation","Other Motor Vehicle","N","N","N","N"
8044395,"N","N","Fatal","Y",2016,25,"Spring","N","Y","Su","N","N","Y","N","N","N","N","N","Dark - Street Lights","Other","Unsafe Starting or Backing","Parked Motor Vehicle","N","N","N","N"
8044399,"N","N","Fatal","Y",2016,25,"Spring","N","Y","Tu","N","N","Y","N","N","N","N","N","Daylight","Broadside","Unsafe Starting or Backing","Parked Motor Vehicle","N","N","N","N"
8044563,"N","N","Fatal","Y",2016,8.6,"Spring","AM","N","Tu","N","N","Y","N","N","N","N","N","Daylight","Rear End","Unsafe Starting or Backing","Other Motor Vehicle","N","N","N","N"
8044680,"N","Y","PDO (property damage only)","N",2016,16.1666666666667,"Spring","N","N","Sa","N","N","Y","N","N","N","N","N","Daylight","Broadside","Improper Turning","Other Motor Vehicle","N","N","N","N"
8045043,"N","Y","Injury (Other Visible)","N",2016,21.25,"Spring","N","N","Sa","Y","N","Y","N","N","N","N","N","Dark - Street Lights","Broadside","Pedestrian Violation","Other Motor Vehicle","N","N","N","N"
8045112,"N","Y","PDO (property damage only)","N",2016,16.3333333333333,"Spring","PM","N","W","N","N","Y","N","N","N","N","N","Daylight","Rear End","Wrong Side of Road","Other Motor Vehicle","N","N","N","N"
8045145,"N","Y","PDO (property damage only)","N",2016,20,"Spring","N","N","M","N","N","Y","N","N","N","N","N","Dark - Street Lights","Broadside","Pedestrian Right of Way","Other Motor Vehicle","N","N","N","N"
8045620,"N","Y","PDO (property damage only)","N",2016,15.5833333333333,"Spring","PM","N","W","Y","N","Y","N","N","N","N","N","Daylight","Broadside","Pedestrian Violation","Other Motor Vehicle","N","N","N","N"
8045624,"N","N","Injury (Complaint of Pain)","N",2016,19.8333333333333,"Spring","N","N","F","Y","N","Y","N","N","N","N","N","Dark - Street Lights","Other","Pedestrian Right of Way","Other Motor Vehicle","N","N","N","N"
8046661,"N","Y","Injury (Other Visible)","N",2016,19.3333333333333,"Spring","N","N","W","Y","N","Y","N","N","N","N","N","Dusk or Dawn","Broadside","Pedestrian Violation","Other Motor Vehicle","N","N","N","N"
8047289,"N","Y","PDO (property damage only)","N",2016,15,"Spring","PM","N","Th","N","Y","Y","N","N","N","N","N","Daylight","Sideswipe","Code 19","Other Motor Vehicle","N","N","N","N"
8047469,"N","Y","Injury (Complaint of Pain)","N",2016,6.41666666666667,"Spring","N","N","W","N","N","Y","N","N","N","N","N","Daylight","Head-On","Pedestrian Right of Way","Other Motor Vehicle","N","N","N","N"
8047470,"N","Y","Injury (Complaint of Pain)","N",2016,19,"Spring","PM","N","W","N","N","Y","N","N","N","N","N","Daylight","Broadside","Pedestrian Violation","Other Motor Vehicle","N","N","N","N"
8047677,"N","N","Fatal","Y",2016,21,"Spring","N","N","Th","N","N","Y","N","N","N","N","N","Dark - Street Lights","Sideswipe","Wrong Side of Road","Parked Motor Vehicle","N","N","N","N"
8047781,"N","Y","Injury (Complaint of Pain)","N",2016,20.9166666666667,"Spring","N","N","Sa","N","N","Y","N","N","N","N","N","Dark - Street Lights","Rear End","Wrong Side of Road","Other Motor Vehicle","N","N","N","N"
8047809,"N","Y","PDO (property damage only)","N",2016,2.25,"Spring","N","Y","Sa","Y","N","Y","N","N","N","N","N","Daylight","Head-On","Pedestrian Violation","Other Motor Vehicle","N","N","N","N"
8047811,"N","Y","Injury (Complaint of Pain)","N",2016,10.3333333333333,"Spring","N","N","M","N","N","Y","N","N","N","N","N","Daylight","Broadside","Pedestrian Violation","Other Motor Vehicle","N","N","N","N"
8047815,"N","Y","PDO (property damage only)","N",2016,17.9166666666667,"Spring","PM","N","Tu","N","N","Y","N","N","N","N","N","Daylight","Sideswipe","Automobile Right of Way","Other Motor Vehicle","N","N","N","N"
8047838,"N","Y","PDO (property damage only)","N",2016,2.91666666666667,"Spring","N","Y","Su","N","N","Y","N","N","N","N","N","Dark - Street Lights","Sideswipe","Unsafe Starting or Backing","Other Motor Vehicle","N","N","N","N"
8047860,"N","Y","PDO (property damage only)","N",2016,20.3333333333333,"Spring","N","N","F","Y","N","Y","N","N","N","N","N","Dark - Street Lights","Head-On","Pedestrian Violation","Other Motor Vehicle","N","N","N","N"
8047873,"N","Y","PDO (property damage only)","N",2016,11.75,"Spring","N","N","M","N","N","Y","N","N","N","N","N","Daylight","Broadside","Automobile Right of Way","Other Motor Vehicle","N","N","N","N"
8047908,"N","Y","Injury (Other Visible)","N",2016,15.8333333333333,"Spring","PM","N","M","N","N","Y","N","N","N","N","N","Daylight","Other","Automobile Right of Way","Other Motor Vehicle","N","N","N","N"
8047942,"N","Y","Injury (Complaint of Pain)","N",2016,15.8333333333333,"Spring","PM","N","Tu","Y","N","Y","N","N","N","N","N","Daylight","Head-On","Pedestrian Violation","Other Motor Vehicle","N","N","N","N"
8048165,"N","Y","Injury (Complaint of Pain)","N",2016,17.8333333333333,"Spring","PM","N","F","Y","N","N","N","Y","N","Y","N","Daylight","Sideswipe","Automobile Right of Way","Other Motor Vehicle","N","N","N","N"
8048205,"N","Y","Injury (Other Visible)","N",2016,18.5,"Spring","N","N","Su","N","N","Y","N","N","N","N","N","Daylight","Sideswipe","Unsafe Speed","Pedestrian","Y","N","Y","N"
8048312,"N","Y","Injury (Complaint of Pain)","N",2016,18,"Spring","N","N","Sa","N","N","Y","N","N","N","N","N","Daylight","Sideswipe","Automobile Right of Way","Other Motor Vehicle","N","N","N","N"
8048321,"N","Y","Injury (Other Visible)","N",2016,9.66666666666667,"Spring","N","N","Th","Y","N","Y","N","N","N","N","N","Daylight","Broadside","Pedestrian Violation","Other Motor Vehicle","N","N","N","N"
8048503,"N","Y","Injury (Complaint of Pain)","N",2016,17.1666666666667,"Spring","PM","N","Th","N","N","N","Y","N","N","N","N","Daylight","Hit Object","Code 20","Fixed Object","N","N","N","N"
8048540,"N","Y","Injury (Other Visible)","N",2016,19.75,"Spring","N","N","Su","N","N","Y","N","N","N","N","N","Dusk or Dawn","Broadside","Pedestrian Right of Way","Other Motor Vehicle","N","N","N","N"
8049320,"N","Y","PDO (property damage only)","N",2016,21,"Spring","N","N","Tu","Y","N","Y","N","N","N","N","N","Dark - Street Lights","Rear End","Lights","Other Motor Vehicle","N","N","N","N"
8049324,"N","Y","PDO (property damage only)","N",2016,20.5,"Spring","N","N","W","Y","N","N","Y","N","N","N","N","Dusk or Dawn","Rear End","Improper Passing","Other Motor Vehicle","N","N","N","N"
8049956,"N","Y","Injury (Other Visible)","N",2016,14.5,"Spring","N","N","Tu","N","N","Y","N","N","N","N","N","Daylight","Rear End","Wrong Side of Road","Other Motor Vehicle","N","N","N","N"
8050330,"N","N","Fatal","Y",2016,18,"Spring","N","N","Su","N","N","Y","N","N","N","N","N","Daylight","Broadside","Wrong Side of Road","Other Motor Vehicle","N","N","N","N"
8051254,"N","Y","Injury (Other Visible)","N",2016,18.3333333333333,"Spring","N","N","Sa","N","N","Y","N","N","N","N","N","Daylight","Sideswipe","Improper Turning","Other Motor Vehicle","N","N","N","N"
8051598,"N","Y","Injury (Complaint of Pain)","N",2016,12.5,"Spring","N","N","Sa","N","N","Y","N","N","N","N","N","Daylight","Sideswipe","Pedestrian Right of Way","Other Motor Vehicle","N","N","N","N"
8051620,"N","Y","Injury (Other Visible)","N",2016,0.583333333333333,"Spring","N","Y","Sa","N","N","Y","N","N","N","N","N","Dark - Street Lights","Other","Impeding Traffic","Other Object","Y","N","N","N"
8051648,"N","Y","Injury (Complaint of Pain)","N",2016,17.5,"Spring","PM","N","F","N","N","Y","N","N","N","N","N","Daylight","Sideswipe","Unsafe Lane Change","Bicycle","N","N","N","Y"
8051665,"N","Y","PDO (property damage only)","N",2016,21,"Spring","N","N","Th","Y","N","Y","N","N","N","N","N","Dark - Street Lights","Rear End","Wrong Side of Road","Other Motor Vehicle","N","N","N","N"
8051701,"N","Y","Injury (Other Visible)","N",2016,14,"Spring","N","N","F","N","N","Y","N","N","N","N","N","Daylight","Sideswipe","Pedestrian Right of Way","Other Motor Vehicle","N","N","N","N"
8051916,"N","N","Fatal","Y",2016,8.65,"Spring","AM","N","W","N","N","Y","N","N","N","N","N","Daylight","Broadside","Unsafe Starting or Backing","Parked Motor Vehicle","N","N","N","N"
8051965,"N","Y","Injury (Complaint of Pain)","N",2016,16.25,"Spring","PM","N","F","Y","N","Y","N","N","N","N","N","Daylight","Broadside","Lights","Other Motor Vehicle","N","N","N","N"
8051977,"N","Y","Injury (Complaint of Pain)","N",2016,17.5833333333333,"Spring","PM","N","Tu","N","N","Y","N","N","N","N","N","Daylight","Broadside","Pedestrian Right of Way","Other Motor Vehicle","N","N","N","N"
8052003,"N","Y","PDO (property damage only)","N",2016,13.9166666666667,"Spring","N","N","W","N","Y","Y","N","N","N","N","N","Daylight","Other","Unsafe Starting or Backing","Fixed Object","N","N","N","N"
8053140,"N","Y","Injury (Complaint of Pain)","N",2016,19.8333333333333,"Spring","N","N","Sa","Y","N","Y","N","N","N","N","N","Daylight","Broadside","Pedestrian Violation","Other Motor Vehicle","N","N","N","N"
8053197,"N","Y","Injury (Other Visible)","N",2016,23.25,"Spring","N","Y","M","N","N","Y","N","N","N","N","N","Dark - Street Lights","Sideswipe","Wrong Side of Road","Other Motor Vehicle","N","N","N","N"
8053216,"N","Y","Injury (Complaint of Pain)","N",2016,17.75,"Spring","PM","N","F","Y","N","Y","N","N","N","N","N","Daylight","Broadside","Pedestrian Violation","Other Motor Vehicle","N","N","N","N"
8054734,"N","N","Fatal","Y",2016,17.6666666666667,"Spring","PM","N","M","N","N","Y","N","N","N","N","N","Daylight","Sideswipe","Pedestrian Violation","Other Motor Vehicle","N","N","N","N"
8055178,"N","Y","Injury (Complaint of Pain)","N",2016,12,"Spring","N","N","W","Y","N","Y","N","N","N","N","N","Daylight","Broadside","Pedestrian Violation","Other Motor Vehicle","N","N","N","N"
8055234,"N","Y","Injury (Complaint of Pain)","N",2016,13.5,"Spring","N","N","W","Y","N","Y","N","N","N","N","N","Daylight","Broadside","Improper Passing","Other Motor Vehicle","N","N","N","N"
8055566,"N","Y","Injury (Other Visible)","N",2016,17,"Spring","N","N","Su","Y","N","Y","N","N","N","N","Y","Daylight","Other","Pedestrian Right of Way","Non-Collision","N","N","N","N"
8055573,"N","Y","Injury (Other Visible)","N",2016,18.3333333333333,"Spring","PM","N","F","Y","N","N","Y","N","N","N","N","Daylight","Sideswipe","Automobile Right of Way","Other Motor Vehicle","N","N","N","N"
8055611,"N","Y","PDO (property damage only)","N",2016,8,"Spring","AM","N","M","Y","N","Y","N","N","N","N","N","Daylight","Broadside","Lights","Other Motor Vehicle","N","N","N","N"
8055751,"N","N","Fatal","Y",2016,2,"Spring","N","Y","Sa","N","N","Y","N","N","N","N","N","Dark - Street Lights","Rear End","Unsafe Starting or Backing","Parked Motor Vehicle","N","N","N","N"
8055960,"N","Y","Injury (Other Visible)","N",2016,12.3333333333333,"Spring","N","N","F","N","N","Y","N","N","N","N","N","Daylight","Head-On","Pedestrian Violation","Other Motor Vehicle","N","N","N","N"
8056767,"N","N","Fatal","Y",2016,8.33333333333333,"Spring","AM","N","Th","Y","N","Y","N","N","N","N","N","Daylight","Sideswipe","Pedestrian Right of Way","Motor Vehicle on Other Roadway","N","Y","N","N"
8056815,"N","Y","Injury (Complaint of Pain)","N",2016,6.83333333333333,"Spring","N","N","W","Y","N","Y","N","N","N","N","N","Daylight","Broadside","Pedestrian Violation","Other Motor Vehicle","N","N","N","N"
8056832,"N","Y","PDO (property damage only)","N",2016,14.1666666666667,"Spring","N","N","Tu","Y","N","Y","N","N","N","N","N","Daylight","Broadside","Pedestrian Violation","Other Motor Vehicle","N","N","N","N"
8056906,"N","Y","PDO (property damage only)","N",2016,11.25,"Spring","N","N","W","Y","N","Y","N","N","N","N","N","Daylight","Sideswipe","Automobile Right of Way","Other Motor Vehicle","N","N","N","N"
8056990,"N","N","Fatal","Y",2016,0.5,"Spring","N","Y","F","N","N","Y","N","N","N","N","N","Dark - Street Lights","Broadside","Wrong Side of Road","Parked Motor Vehicle","N","N","N","N"
8057110,"N","Y","Injury (Complaint of Pain)","N",2016,15.8333333333333,"Spring","PM","N","M","N","N","Y","N","N","N","N","N","Daylight","Broadside","Pedestrian Violation","Other Motor Vehicle","N","N","N","N"
8057144,"N","Y","Injury (Complaint of Pain)","N",2016,16.25,"Spring","N","N","Sa","Y","N","Y","N","N","N","N","N","Daylight","Broadside","Pedestrian Violation","Other Motor Vehicle","N","N","N","N"
8057422,"N","Y","PDO (property damage only)","N",2016,15,"Spring","PM","N","F","N","N","Y","N","N","N","N","N","Daylight","Other","Pedestrian Right of Way","Other Motor Vehicle","N","N","N","N"
8057423,"N","Y","Injury (Other Visible)","N",2016,13.0833333333333,"Spring","N","N","Su","N","N","Y","N","N","N","N","N","Daylight","Hit Object","Impeding Traffic","Fixed Object","N","N","N","N"
8057472,"N","Y","Injury (Other Visible)","N",2016,12.5833333333333,"Spring","N","N","Sa","Y","N","Y","N","N","N","N","N","Daylight","Broadside","Lights","Other Motor Vehicle","N","N","N","N"
8057635,"N","Y","PDO (property damage only)","N",2016,16.1666666666667,"Spring","PM","N","M","N","N","Y","N","N","N","N","N","Daylight","Broadside","Pedestrian Right of Way","Other Motor Vehicle","N","N","N","N"
8057662,"N","Y","PDO (property damage only)","N",2016,15.6666666666667,"Spring","PM","N","F","N","N","Y","N","N","N","N","N","Daylight","Sideswipe","Automobile Right of Way","Other Motor Vehicle","N","N","N","N"
8057669,"N","Y","PDO (property damage only)","N",2016,21.8333333333333,"Spring","N","N","Th","N","N","Y","N","N","N","N","N","Dark - Street Lights","Other","Wrong Side of Road","Other Object","N","N","N","N"
8057678,"N","Y","PDO (property damage only)","N",2016,17.1833333333333,"Spring","PM","N","Tu","Y","N","Y","N","N","N","N","N","Daylight","Broadside","Pedestrian Violation","Other Motor Vehicle","N","N","N","N"
8057867,"N","Y","Injury (Complaint of Pain)","N",2016,9.33333333333333,"Spring","N","N","Th","N","N","Y","N","N","N","N","N","Daylight","Broadside","Pedestrian Violation","Other Motor Vehicle","N","N","N","N"
8057870,"N","Y","Injury (Complaint of Pain)","N",2016,14.5,"Summer","N","N","M","Y","N","Y","N","N","N","N","N","Daylight","Broadside","Pedestrian Violation","Other Motor Vehicle","N","N","N","N"
8057897,"N","Y","Injury (Complaint of Pain)","N",2016,15.3333333333333,"Summer","N","N","Su","Y","N","Y","N","N","N","N","N","Daylight","Broadside","Lights","Other Motor Vehicle","N","N","N","N"
8057900,"N","N","Injury (Complaint of Pain)","N",2016,15.6666666666667,"Summer","PM","N","W","Y","N","Y","N","N","N","N","N","Daylight","Broadside","Pedestrian Right of Way","Other Motor Vehicle","N","N","N","N"
8057910,"N","Y","PDO (property damage only)","N",2016,22.3333333333333,"Summer","N","N","Th","Y","N","Y","N","N","N","N","N","Dark - Street Lights","Sideswipe","Improper Turning","Other Motor Vehicle","N","N","N","N"
8057925,"N","Y","Injury (Complaint of Pain)","N",2016,14.3333333333333,"Summer","N","N","Th","Y","N","Y","N","N","N","N","N","Daylight","Broadside","Pedestrian Violation","Other Motor Vehicle","N","N","N","N"
8057930,"N","Y","Injury (Complaint of Pain)","N",2016,21,"Summer","N","N","W","N","N","Y","N","N","N","N","N","Dark - Street Lights","Broadside","Pedestrian Violation","Other Motor Vehicle","N","N","N","N"
8057933,"N","Y","Injury (Complaint of Pain)","N",2016,13.5,"Spring","N","N","Sa","N","N","N","Y","N","N","N","N","Daylight","Broadside","Pedestrian Violation","Other Motor Vehicle","N","N","N","N"
8058427,"N","N","Fatal","Y",2016,12,"Spring","N","N","W","Y","N","Y","N","N","N","N","N","Daylight","Rear End","Wrong Side of Road","Parked Motor Vehicle","N","N","N","N"
8059112,"N","Y","Injury (Other Visible)","N",2016,8,"Spring","N","N","Sa","N","N","Y","N","N","N","N","N","Daylight","Broadside","Pedestrian Right of Way","Other Motor Vehicle","N","Y","N","N"
8059130,"N","N","PDO (property damage only)","N",2016,21,"Spring","N","N","Th","Y","N","Y","N","N","N","N","N","Dark - Street Lights","Sideswipe","Unsafe Starting or Backing","Other Motor Vehicle","N","N","N","N"
8059143,"N","Y","PDO (property damage only)","N",2016,21.6666666666667,"Spring","N","N","W","Y","N","Y","N","N","N","N","N","Dark - Street Lights","Broadside","Pedestrian Violation","Other Motor Vehicle","N","N","N","N"
8059155,"N","Y","Injury (Complaint of Pain)","N",2016,16.25,"Spring","N","N","Su","Y","N","Y","N","N","N","N","N","Daylight","Broadside","Pedestrian Violation","Other Motor Vehicle","N","N","N","N"