"CASE_ID","mc_killed","mc_injured","collision_severity","severe","accident_year","hours_since_midnight","season","rush_hour","late_night","day_of_week","intersection","state_hwy_ind","w_clear","w_cloudy","w_rainy","w_other","road_not_dry","road_condition_issue","lighting","type_of_collision","pcf_viol_category","mviw","alcohol_involved","truck_accident","pedestrian_accident","bicycle_accident"
8082718,"N","Y","Injury (Complaint of Pain)","N",2016,19.75,"Summer","N","N","Sa","Y","N","Y","N","N","N","N","N","Daylight","Sideswipe","Improper Turning","Other Motor Vehicle","N","N","N","N"
8082731,"N","Y","Injury (Other Visible)","N",2016,9.5,"Summer","N","N","Tu","N","N","Y","N","N","N","N","N","Daylight","Broadside","Impeding Traffic","Other Motor Vehicle","N","N","N","N"
8082978,"N","Y","PDO (property damage only)","N",2016,10.75,"Spring","N","N","M","Y","N","Y","N","N","N","N","N","Daylight","Sideswipe","Pedestrian Right of Way","Other Motor Vehicle","N","N","N","N"
8083010,"N","Y","Injury (Complaint of Pain)","N",2016,0.333333333333333,"Spring","N","Y","Su","N","N","Y","N","N","N","N","N","Dark - No Street Lights","Sideswipe","Wrong Side of Road","Parked Motor Vehicle","N","N","N","N"
8083074,"N","Y","Injury (Complaint of Pain)","N",2016,17.75,"Spring","PM","N","F","Y","N","Y","N","N","N","N","N","Daylight","Broadside","Pedestrian Violation","Other Motor Vehicle","N","N","N","N"
8084836,"N","Y","Injury (Other Visible)","N",2016,21.1666666666667,"Winter","N","N","Su","N","N","Y","N","N","N","N","N","Dark - Street Lights","Rear End","Wrong Side of Road","Other Motor Vehicle","N","N","N","N"
8085291,"N","Y","Injury (Other Visible)","N",2016,8.5,"Summer","N","N","Sa","N","N","Y","N","N","N","N","N","Daylight","Rear End","Wrong Side of Road","Other Motor Vehicle","N","Y","N","N"
8085352,"N","N","Fatal","Y",2016,22.2333333333333,"Summer","N","N","F","N","N","Y","N","N","N","N","N","Dark - Street Lights","Broadside","Unsafe Starting or Backing","Parked Motor Vehicle","N","N","N","N"
8085733,"N","Y","Injury (Complaint of Pain)","N",2016,12.25,"Summer","N","N","Th","Y","N","Y","N","N","N","N","N","Daylight","Broadside","Pedestrian Violation","Other Motor Vehicle","N","N","N","N"
8085947,"N","Y","Injury (Other Visible)","N",2016,0.25,"Summer","N","Y","Su","N","N","Y","N","N","N","N","N","Dark - Street Lights","Other","Pedestrian Right of Way","Other Object","N","N","N","N"
8086043,"N","N","Fatal","Y",2016,8.5,"Summer","AM","N","Th","Y","N","Y","N","N","N","N","N","Daylight","Sideswipe","Automobile Right of Way","Other Motor Vehicle","N","N","N","N"
8086714,"N","N","Fatal","Y",2016,22.9166666666667,"Summer","N","N","M","N","N","Y","N","N","N","N","N","Dark - Street Lights","Sideswipe","Wrong Side of Road","Parked Motor Vehicle","N","N","N","N"
8086858,"N","Y","Injury (Other Visible)","N",2016,15.5,"Summer","PM","N","F","N","N","Y","N","N","N","N","Y","Daylight","Other","Wrong Side of Road","Fixed Object","N","N","N","N"
8087415,"N","Y","Injury (Complaint of Pain)","N",2016,12.5,"Spring","N","N","W","N","N","Y","N","N","N","N","N","Daylight","Sideswipe","Automobile Right of Way","Other Motor Vehicle","N","N","N","N"
8087428,"N","Y","PDO (property damage only)","N",2016,23.5,"Summer","N","Y","Sa","N","N","Y","N","N","N","N","N","Dark - Street Lights","Rear End","Unsafe Speed","Other Motor Vehicle","Y","N","N","N"
8087497,"N","Y","PDO (property damage only)","N",2016,10.0833333333333,"Summer","N","N","F","Y","N","Y","N","N","N","N","N","Daylight","Broadside","Pedestrian Violation","Other Motor Vehicle","N","N","N","N"
8087734,"N","Y","PDO (property damage only)","N",2016,17,"Spring","PM","N","W","N","N","Y","N","N","N","N","N","Daylight","Broadside","Lights","Motor Vehicle on Other Roadway","N","N","N","N"
8087752,"N","Y","Injury (Complaint of Pain)","N",2016,8.83333333333333,"Summer","AM","N","W","Y","N","Y","N","N","N","N","N","Daylight","Broadside","Pedestrian Violation","Other Motor Vehicle","N","N","N","N"
8087753,"N","Y","Injury (Complaint of Pain)","N",2016,15.6666666666667,"Summer","PM","N","W","Y","N","Y","N","N","N","N","N","Daylight","Head-On","Pedestrian Violation","Other Motor Vehicle","N","N","N","N"
8087927,"N","Y","Injury (Other Visible)","N",2016,20.6666666666667,"Summer","N","N","M","Y","N","Y","N","N","N","N","N","Dark - Street Lights","Broadside","Lights","Other Motor Vehicle","N","N","N","N"
8088223,"N","N","Injury (Other Visible)","N",2016,23,"Summer","N","Y","F","Y","N","Y","N","N","N","N","N","Dark - Street Lights","Head-On","Pedestrian Violation","Other Motor Vehicle","N","N","N","N"
8088227,"N","Y","PDO (property damage only)","N",2016,16.25,"Summer","PM","N","F","Y","N","Y","N","N","N","N","N","Daylight","Broadside","Pedestrian Violation","Other Motor Vehicle","N","N","N","N"
8088233,"N","Y","Injury (Complaint of Pain)","N",2016,11.75,"Summer","N","N","M","Y","N","Y","N","N","N","N","N","Daylight","Broadside","Lights","Other Motor Vehicle","N","N","N","N"
8088235,"N","Y","PDO (property damage only)","N",2016,16.1666666666667,"Summer","PM","N","Tu","N","N","Y","N","N","N","N","N","Daylight","Broadside","Pedestrian Right of Way","Other Motor Vehicle","N","N","N","N"
8088237,"N","Y","Injury (Complaint of Pain)","N",2016,12.4166666666667,"Summer","N","N","Tu","N","N","Y","N","N","N","N","N","Daylight","Hit Object","Pedestrian Right of Way","Fixed Object","N","N","N","N"
8088729,"N","Y","Injury (Complaint of Pain)","N",2016,16.9166666666667,"Summer","N","N","Su","N","N","Y","N","N","N","N","N","Daylight","Broadside","Pedestrian Right of Way","Other Motor Vehicle","N","N","N","N"
8088997,"N","Y","Injury (Complaint of Pain)","N",2016,11.75,"Summer","N","N","W","N","N","Y","N","N","N","N","N","Daylight","Rear End","Improper Passing","Other Motor Vehicle","N","N","N","N"
8089030,"N","N","Fatal","Y",2016,20.25,"Summer","N","N","W","N","N","Y","N","N","N","N","N","Dusk or Dawn","Sideswipe","Improper Turning","Parked Motor Vehicle","N","N","N","N"
8089455,"N","Y","Injury (Complaint of Pain)","N",2016,16.8333333333333,"Summer","PM","N","M","Y","N","Y","N","N","N","N","N","Daylight","Broadside","Pedestrian Violation","Other Motor Vehicle","N","N","N","N"
8089836,"N","Y","PDO (property damage only)","N",2016,17,"Summer","PM","N","Th","N","N","Y","N","N","N","N","N","Daylight","Rear End","Wrong Side of Road","Other Motor Vehicle","N","N","N","N"
8089886,"N","N","Fatal","Y",2016,10.3333333333333,"Summer","N","N","F","Y","N","Y","N","N","N","N","N","Daylight","Sideswipe","Impeding Traffic","Other Motor Vehicle","N","N","N","N"
8090204,"N","Y","PDO (property damage only)","N",2016,5.91666666666667,"Summer","N","N","Su","N","N","Y","N","N","N","N","N","Dusk or Dawn","Broadside","Lights","Motor Vehicle on Other Roadway","N","N","N","N"
8090346,"N","Y","Injury (Complaint of Pain)","N",2016,18.75,"Summer","N","N","Su","N","N","Y","N","N","N","N","N","Daylight","Other","Pedestrian Violation","Other Object","N","N","N","N"
8090796,"N","Y","Injury (Complaint of Pain)","N",2016,17.1166666666667,"Spring","PM","N","M","N","N","Y","N","N","N","N","N","Daylight","Broadside","Pedestrian Violation","Other Motor Vehicle","N","N","N","N"
8090896,"N","Y","Injury (Other Visible)","N",2016,10.3333333333333,"Summer","N","N","F","N","N","Y","N","N","N","N","N","Daylight","Hit Object","Wrong Side of Road","Fixed Object","N","N","N","N"
8090953,"N","Y","Injury (Complaint of Pain)","N",2016,7.83333333333333,"Summer","AM","N","F","N","N","Y","N","N","N","N","Y","Daylight","Broadside","Improper Turning","Other Motor Vehicle","N","N","N","N"
8091546,"N","Y","PDO (property damage only)","N",2016,12.4166666666667,"Spring","N","N","M","Y","N","Y","N","N","N","N","N","Daylight","Broadside","Impeding Traffic","Other Motor Vehicle","N","N","N","N"
8091861,"N","Y","PDO (property damage only)","N",2016,14,"Summer","N","N","Su","Y","N","Y","N","N","N","N","N","Daylight","Broadside","Pedestrian Right of Way","Other Motor Vehicle","N","N","N","N"
8094730,"N","Y","Injury (Other Visible)","N",2016,15.5,"Summer","PM","N","W","N","N","Y","N","N","N","N","N","Daylight","Overturned","Wrong Side of Road","Non-Collision","N","N","N","N"
8094768,"N","Y","Injury (Other Visible)","N",2016,7.16666666666667,"Summer","AM","N","F","N","N","N","Y","N","N","N","N","Daylight","Hit Object","Wrong Side of Road","Fixed Object","N","N","N","N"
8095175,"N","N","Fatal","Y",2016,15,"Summer","PM","N","Th","N","N","Y","N","N","N","N","N","Daylight","Sideswipe","Pedestrian Right of Way","Parked Motor Vehicle","Y","N","N","N"
8095222,"N","Y","PDO (property damage only)","N",2016,18.5,"Summer","N","N","Sa","Y","N","Y","N","N","N","N","N","Daylight","Broadside","Pedestrian Violation","Other Motor Vehicle","Y","N","N","N"
8095224,"N","Y","PDO (property damage only)","N",2016,14,"Summer","N","N","Su","N","N","Y","N","N","N","N","N","Daylight","Sideswipe","Pedestrian Right of Way","Other Motor Vehicle","N","N","N","N"
8095226,"N","Y","Injury (Complaint of Pain)","N",2016,20.25,"Summer","N","N","Th","N","N","Y","N","N","N","N","N","Dusk or Dawn","Broadside","Pedestrian Violation","Other Motor Vehicle","N","N","N","N"
8095236,"N","Y","Injury (Complaint of Pain)","N",2016,23.5833333333333,"Spring","N","Y","F","Y","N","Y","N","N","N","N","N","Dark - Street Lights","Other","Wrong Side of Road","Fixed Object","N","N","N","N"
8095264,"N","Y","Injury (Complaint of Pain)","N",2016,17.3333333333333,"Summer","PM","N","W","N","N","Y","N","N","N","N","N","Daylight","Sideswipe","Impeding Traffic","Other Motor Vehicle","N","N","N","N"
8095522,"N","Y","PDO (property damage only)","N",2016,14,"Summer","N","N","Sa","Y","N","Y","N","N","N","N","N","Daylight","Sideswipe","Pedestrian Violation","Other Motor Vehicle","N","N","N","N"
8095977,"N","Y","Injury (Complaint of Pain)","N",2016,20.5,"Summer","N","N","Th","N","N","Y","N","N","N","N","N","Dark - No Street Lights","Sideswipe","Pedestrian Violation","Other Motor Vehicle","N","N","N","N"
8096123,"N","Y","Injury (Other Visible)","N",2016,16.3333333333333,"Summer","PM","N","M","Y","N","Y","N","N","N","N","N","Daylight","Broadside","Pedestrian Violation","Other Motor Vehicle","N","N","N","N"
8096708,"N","Y","Injury (Other Visible)","N",2016,11.25,"Summer","N","N","Tu","Y","N","Y","N","N","N","N","N","Daylight","Broadside","Pedestrian Violation","Other Motor Vehicle","N","N","N","N"
8097248,"N","N","Fatal","Y",2016,21.9166666666667,"Summer","N","N","F","N","N","Y","N","N","N","N","N","Dark - Street Lights","Rear End","Unsafe Speed","Parked Motor Vehicle","Y","N","N","N"
8097348,"N","Y","Injury (Complaint of Pain)","N",2016,14.3333333333333,"Spring","N","N","M","Y","N","Y","N","N","N","N","N","Daylight","Broadside","Pedestrian Violation","Other Motor Vehicle","N","N","N","N"
8097856,"N","N","Fatal","Y",2016,23.9166666666667,"Summer","N","Y","Th","N","N","Y","N","N","N","N","N","Dark - Street Lights","Sideswipe","Pedestrian Right of Way","Parked Motor Vehicle","N","N","N","N"
8098049,"N","N","Injury (Complaint of Pain)","N",2016,20.5,"Summer","N","N","Su","N","N","Y","N","N","N","N","N","Dark - Street Lights","Rear End","Unsafe Starting or Backing","Other Motor Vehicle","N","N","N","N"
8098053,"N","Y","Injury (Complaint of Pain)","N",2016,1.88333333333333,"Summer","N","Y","Sa","N","N","Y","N","N","N","N","N","Dark - Street Lights","Hit Object","Unsafe Speed","Fixed Object","Y","N","N","N"
8098063,"N","N","Fatal","Y",2016,25,"Summer","N","Y","Tu","N","N","Y","N","N","N","N","N","Daylight","Other","Unsafe Starting or Backing","Parked Motor Vehicle","N","N","N","N"
8098154,"N","Y","PDO (property damage only)","N",2016,22.25,"Summer","N","N","M","N","N","Y","N","N","N","N","N","Dark - Street Lights","Broadside","Pedestrian Violation","Other Motor Vehicle","N","N","N","N"
8098573,"N","N","Injury (Complaint of Pain)","N",2016,16.3333333333333,"Summer","PM","N","Tu","N","N","Y","N","N","N","N","N","Daylight","Broadside","Pedestrian Violation","Other Motor Vehicle","N","N","N","N"
8098601,"N","Y","Injury (Complaint of Pain)","N",2016,14.5833333333333,"Summer","N","N","Su","Y","N","Y","N","N","N","N","N","Daylight","Broadside","Pedestrian Violation","Other Motor Vehicle","N","N","N","N"
8098609,"N","Y","Injury (Complaint of Pain)","N",2016,19.3333333333333,"Summer","N","N","Th","N","N","Y","N","N","N","N","N","Daylight","Rear End","Wrong Side of Road","Other Motor Vehicle","N","N","N","N"
8098625,"N","Y","PDO (property damage only)","N",2016,17.0833333333333,"Summer","PM","N","Th","Y","N","Y","N","N","N","N","N","Daylight","Broadside","Pedestrian Violation","Other Motor Vehicle","N","N","N","N"
8098626,"N","Y","PDO (property damage only)","N",2016,22.5,"Summer","N","N","Sa","Y","N","Y","N","N","N","N","N","Dark - Street Lights","Broadside","Pedestrian Right of Way","Other Motor Vehicle","N","N","N","N"
8099323,"N","Y","Injury (Complaint of Pain)","N",2016,19.4166666666667,"Summer","N","N","W","N","N","Y","N","N","N","N","N","Daylight","Sideswipe","Unsafe Starting or Backing","Other Motor Vehicle","N","N","N","N"
8101157,"N","Y","Injury (Complaint of Pain)","N",2016,21,"Summer","N","N","Tu","N","N","Y","N","N","N","N","N","Dark - Street Lights","Sideswipe","Impeding Traffic","Other Motor Vehicle","N","N","N","N"
8101211,"N","Y","Injury (Complaint of Pain)","N",2016,2.08333333333333,"Summer","N","Y","Su","N","N","Y","N","N","N","N","N","Dark - No Street Lights","Hit Object","Wrong Side of Road","Fixed Object","N","N","N","N"
8101385,"N","Y","PDO (property damage only)","N",2016,8.58333333333333,"Summer","AM","N","W","N","N","Y","N","N","N","N","N","Daylight","Sideswipe","Pedestrian Right of Way","Other Motor Vehicle","N","N","N","N"
8101393,"N","Y","PDO (property damage only)","N",2016,16.6666666666667,"Summer","PM","N","W","N","N","Y","N","N","N","N","N","Daylight","Sideswipe","Pedestrian Violation","Other Motor Vehicle","N","N","N","N"
8101419,"N","Y","Injury (Complaint of Pain)","N",2016,9.4,"Summer","N","N","Th","N","N","Y","N","N","N","N","N","Daylight","Sideswipe","Automobile Right of Way","Other Motor Vehicle","N","N","N","N"
8101426,"N","Y","Injury (Complaint of Pain)","N",2016,19.4166666666667,"Summer","N","N","M","Y","N","Y","N","N","N","N","N","Daylight","Broadside","Unsafe Speed","Other Motor Vehicle","Y","N","N","N"
8101444,"N","Y","Injury (Complaint of Pain)","N",2016,6.83333333333333,"Summer","N","N","M","N","N","Y","N","N","N","N","N","Daylight","Sideswipe","Automobile Right of Way","Other Motor Vehicle","N","N","N","N"
8101494,"N","Y","Injury (Complaint of Pain)","N",2016,19.6666666666667,"Summer","N","N","M","N","N","Y","N","N","N","N","N","Daylight","Other","Pedestrian Violation","Fixed Object","N","N","N","N"
8101508,"N","Y","Injury (Complaint of Pain)","N",2016,15.6666666666667,"Summer","N","N","Sa","N","N","Y","N","N","N","N","N","Daylight","Head-On","Pedestrian Violation","Other Motor Vehicle","N","N","N","N"
8101928,"N","Y","Injury (Complaint of Pain)","N",2016,15,"Summer","PM","N","M","N","Y","Y","N","N","N","N","N","Daylight","Rear End","Improper Passing","Other Motor Vehicle","N","N","N","N"
8102027,"N","Y","Injury (Complaint of Pain)","N",2016,7.88333333333333,"Summer","AM","N","Th","N","N","Y","N","N","N","N","N","Daylight","Broadside","Pedestrian Violation","Other Motor Vehicle","N","Y","N","N"
8102114,"N","Y","Injury (Complaint of Pain)","N",2016,11.1666666666667,"Summer","N","N","M","Y","N","Y","N","N","N","N","N","Daylight","Broadside","Pedestrian Violation","Other Motor Vehicle","N","N","N","N"
8102120,"N","Y","PDO (property damage only)","N",2016,9.25,"Summer","N","N","Tu","Y","N","Y","N","N","N","N","N","Daylight","Broadside","Pedestrian Violation","Other Motor Vehicle","N","N","N","N"
8102367,"N","Y","Injury (Complaint of Pain)","N",2016,13.5833333333333,"Summer","N","N","M","Y","N","Y","N","N","N","N","N","Daylight","Broadside","Pedestrian Violation","Other Motor Vehicle","N","N","N","N"
8103703,"N","N","Fatal","Y",2016,18,"Summer","PM","N","Tu","Y","N","Y","N","N","N","N","N","Daylight","Sideswipe","Unsafe Starting or Backing","Pedestrian","N","N","Y","N"
8103738,"N","N","Fatal","Y",2016,21.1666666666667,"Summer","N","N","Th","Y","N","Y","N","N","N","N","N","Dark - Street Lights","Broadside","Pedestrian Violation","Other Motor Vehicle","N","N","N","N"
8104911,"N","N","Fatal","Y",2016,1,"Summer","N","Y","Su","N","N","Y","N","N","N","N","N","Dark - Street Lights","Rear End","Automobile Right of Way","Other Motor Vehicle","N","N","N","N"
8106097,"N","Y","PDO (property damage only)","N",2016,11.5833333333333,"Summer","N","N","Sa","Y","N","Y","N","N","N","N","N","Daylight","Broadside","Pedestrian Violation","Other Motor Vehicle","N","N","N","N"
8106508,"N","Y","Injury (Complaint of Pain)","N",2016,11.5833333333333,"Summer","N","N","F","N","N","Y","N","N","N","N","N","Daylight","Rear End","Improper Passing","Other Motor Vehicle","N","N","N","N"
8106695,"N","Y","PDO (property damage only)","N",2016,15.8333333333333,"Summer","PM","N","M","N","N","Y","N","N","N","N","N","Daylight","Head-On","Pedestrian Violation","Other Motor Vehicle","N","N","N","N"
8106808,"N","Y","Injury (Complaint of Pain)","N",2016,12.8333333333333,"Summer","N","N","W","N","N","Y","N","N","N","N","N","Daylight","Broadside","Pedestrian Right of Way","Other Motor Vehicle","N","N","N","N"
8106835,"N","Y","PDO (property damage only)","N",2016,8.25,"Summer","AM","N","M","N","N","Y","N","N","N","N","N","Daylight","Sideswipe","Code 20","Other Motor Vehicle","N","N","N","N"
8106877,"N","Y","Injury (Complaint of Pain)","N",2016,14.25,"Summer","N","N","M","Y","N","Y","N","N","N","N","N","Daylight","Other","Wrong Side of Road","Other Object","N","N","N","N"
8106930,"N","Y","Injury (Complaint of Pain)","N",2016,12,"Summer","N","N","W","Y","N","Y","N","N","N","N","N","Daylight","Broadside","Pedestrian Violation","Other Motor Vehicle","N","N","N","N"
8107250,"N","N","Fatal","Y",2016,23.5,"Summer","N","Y","F","N","N","Y","N","N","N","N","N","Dark - Street Lights","Broadside","Pedestrian Violation","Parked Motor Vehicle","N","N","N","N"
8107554,"N","Y","Injury (Complaint of Pain)","N",2016,12.6666666666667,"Summer","N","N","Su","N","N","Y","N","N","N","N","N","Daylight","Broadside","Pedestrian Violation","Other Motor Vehicle","N","N","N","N"
8107558,"N","Y","Injury (Complaint of Pain)","N",2016,22.25,"Summer","N","N","F","Y","N","Y","N","N","N","N","N","Dark - Street Lights","Broadside","Pedestrian Violation","Other Motor Vehicle","N","N","N","N"
8107582,"N","Y","Injury (Complaint of Pain)","N",2016,14.0833333333333,"Summer","N","N","Sa","N","N","Y","N","N","N","N","N","Daylight","Sideswipe","Automobile Right of Way","Other Motor Vehicle","N","N","N","N"
8107652,"N","Y","Injury (Complaint of Pain)","N",2016,13,"Summer","N","N","Sa","N","N","Y","N","N","N","N","N","Daylight","Sideswipe","Automobile Right of Way","Other Motor Vehicle","N","N","N","N"
8107656,"N","Y","Injury (Complaint of Pain)","N",2016,8.75,"Summer","AM","N","M","N","N","Y","N","N","N","N","N","Daylight","Broadside","Pedestrian Right of Way","Other Motor Vehicle","N","N","N","N"
8107664,"N","Y","Injury (Complaint of Pain)","N",2016,11.75,"Summer","N","N","Sa","N","N","Y","N","N","N","N","N","Daylight","Rear End","Wrong Side of Road","Other Motor Vehicle","N","N","N","N"
8107796,"N","Y","Injury (Complaint of Pain)","N",2016,20.5,"Summer","N","N","Su","N","N","N","Y","N","N","N","N","Dark - Street Lights","Overturned","Wrong Side of Road","Non-Collision","N","N","N","N"
8107836,"N","Y","Injury (Complaint of Pain)","N",2016,14.75,"Summer","N","N","F","N","N","Y","N","N","N","N","N","Daylight","Broadside","Impeding Traffic","Other Motor Vehicle","N","N","N","N"
8108628,"N","N","PDO (property damage only)","N",2016,3.33333333333333,"Summer","N","Y","Su","N","N","Y","N","N","N","Y","N","Dark - Street Lights","Sideswipe","Unsafe Speed","Parked Motor Vehicle","Y","N","N","N"
8108634,"N","Y","Injury (Complaint of Pain)","N",2016,13.75,"Summer","N","N","Tu","N","N","Y","N","N","N","N","N","Daylight","Rear End","Wrong Side of Road","Other Motor Vehicle","N","N","N","N"
8108638,"N","Y","Injury (Complaint of Pain)","N",2016,20.8333333333333,"Summer","N","N","W","N","N","Y","N","N","N","N","N","Dark - Street Lights","Broadside","Pedestrian Right of Way","Other Motor Vehicle","N","N","N","N"
8108666,"N","Y","Injury (Complaint of Pain)","N",2016,13.4166666666667,"Summer","N","N","W","N","N","Y","N","N","N","N","N","Daylight","Rear End","Wrong Side of Road","Other Motor Vehicle","N","N","N","N"
8108685,"N","Y","PDO (property damage only)","N",2016,16.25,"Summer","PM","N","Th","Y","N","Y","N","N","N","N","N","Daylight","Broadside","Automobile Right of Way","Other Motor Vehicle","N","N","N","N"
8108705,"N","Y","PDO (property damage only)","N",2016,13.3333333333333,"Summer","N","N","F","N","N","Y","N","N","N","N","N","Daylight","Sideswipe","Automobile Right of Way","Other Motor Vehicle","N","N","N","N"
8108737,"N","N","Fatal","Y",2016,8.25,"Summer","AM","N","Tu","Y","N","Y","N","N","N","N","N","Daylight","Broadside","Pedestrian Violation","Other Motor Vehicle","N","N","N","N"
8108982,"N","Y","PDO (property damage only)","N",2016,16.4166666666667,"Summer","PM","N","Th","Y","N","Y","N","N","N","N","N","Daylight","Broadside","Pedestrian Violation","Other Motor Vehicle","N","N","N","N"
8108983,"N","Y","Injury (Complaint of Pain)","N",2016,13.75,"Summer","N","N","Th","Y","N","Y","N","N","N","N","N","Daylight","Broadside","Pedestrian Violation","Other Motor Vehicle","N","N","N","N"
8108999,"N","Y","Injury (Complaint of Pain)","N",2016,8.75,"Summer","AM","N","Th","Y","N","Y","N","N","N","N","N","Daylight","Broadside","Wrong Side of Road","Other Motor Vehicle","N","N","N","N"
8109007,"N","Y","Injury (Complaint of Pain)","N",2016,17.4166666666667,"Summer","PM","N","Th","N","N","Y","N","N","N","N","N","Daylight","Sideswipe","Wrong Side of Road","Other Motor Vehicle","N","N","N","N"
8109036,"N","Y","Injury (Other Visible)","N",2016,9.66666666666667,"Summer","N","N","W","Y","N","Y","N","N","N","N","N","Daylight","Head-On","Wrong Side of Road","Other Motor Vehicle","N","N","N","N"
8109040,"N","Y","Injury (Other Visible)","N",2016,20.25,"Summer","N","N","W","N","N","Y","N","N","N","N","N","Dark - Street Lights","Hit Object","Pedestrian Violation","Fixed Object","N","N","N","N"
8109070,"N","Y","PDO (property damage only)","N",2016,17.25,"Summer","PM","N","Th","N","N","Y","N","N","N","N","N","Daylight","Sideswipe","Pedestrian Violation","Other Motor Vehicle","N","N","N","N"
8109078,"N","Y","Injury (Other Visible)","N",2016,3,"Summer","N","Y","M","Y","N","Y","N","N","N","N","N","Dark - Street Lights","Broadside","Lights","Other Motor Vehicle","N","N","N","N"
8109352,"N","N","Fatal","Y",2016,1.33333333333333,"Summer","N","Y","Sa","Y","N","Y","N","N","N","N","N","Dark - Street Lights","Sideswipe","Automobile Right of Way","Other Motor Vehicle","N","N","N","N"
8109972,"N","N","Fatal","Y",2016,1.16666666666667,"Summer","N","Y","Sa","N","N","Y","N","N","N","N","N","Dark - Street Lights","Other","Unsafe Speed","Parked Motor Vehicle","Y","N","N","N"
8110492,"N","N","Fatal","Y",2016,10.8333333333333,"Summer","N","N","Sa","N","N","Y","N","N","N","N","N","Daylight","Head-On","Code 20","Other Object","N","N","N","N"
8110938,"N","Y","Injury (Other Visible)","N",2016,13.5,"Summer","N","N","Th","N","N","Y","N","N","N","N","N","Daylight","Broadside","Pedestrian Violation","Other Motor Vehicle","N","N","N","N"
8111124,"N","Y","Injury (Complaint of Pain)","N",2016,18.5833333333333,"Summer","N","N","Sa","Y","N","Y","N","N","N","N","N","Dusk or Dawn","Broadside","Lights","Other Motor Vehicle","N","N","N","N"
8111143,"N","Y","PDO (property damage only)","N",2016,18.3333333333333,"Summer","PM","N","F","Y","N","Y","N","N","N","N","N","Daylight","Broadside","Pedestrian Violation","Other Motor Vehicle","N","N","N","N"
8111361,"N","Y","Injury (Complaint of Pain)","N",2016,17.9333333333333,"Summer","PM","N","W","Y","N","Y","N","N","N","N","N","Daylight","Broadside","Pedestrian Violation","Other Motor Vehicle","N","N","N","N"
8111381,"N","Y","Injury (Complaint of Pain)","N",2016,23.5,"Summer","N","Y","Th","Y","N","Y","N","N","N","N","N","Dark - Street Lights","Sideswipe","Pedestrian Right of Way","Other Motor Vehicle","N","N","N","N"
8111393,"N","Y","Injury (Complaint of Pain)","N",2016,15.4166666666667,"Summer","N","N","Sa","N","N","Y","N","N","Y","N","N","Daylight","Other","Improper Turning","Fixed Object","N","N","N","N"
8111425,"N","Y","PDO (property damage only)","N",2016,18.5833333333333,"Summer","PM","N","M","N","N","Y","N","N","N","N","N","Daylight","Other","Impeding Traffic","Other Motor Vehicle","N","N","N","N"
8111507,"N","Y","Injury (Other Visible)","N",2016,13.1666666666667,"Summer","N","N","Tu","Y","N","Y","N","N","N","N","N","Daylight","Broadside","Wrong Side of Road","Other Motor Vehicle","N","Y","N","N"
8111543,"N","Y","Injury (Complaint of Pain)","N",2016,21.6666666666667,"Summer","N","N","Tu","Y","N","Y","N","N","N","N","N","Dark - Street Lights","Head-On","Pedestrian Violation","Other Motor Vehicle","N","N","N","N"
8111548,"N","Y","PDO (property damage only)","N",2016,15.8333333333333,"Summer","PM","N","Tu","Y","N","Y","N","N","N","N","N","Daylight","Broadside","Pedestrian Right of Way","Other Motor Vehicle","N","N","N","N"
8111593,"N","Y","PDO (property damage only)","N",2016,16.0833333333333,"Summer","PM","N","W","Y","N","Y","N","N","N","N","N","Daylight","Sideswipe","Impeding Traffic","Other Motor Vehicle","N","N","N","N"
8111696,"N","Y","PDO (property damage only)","N",2016,7.75,"Summer","AM","N","Th","Y","N","N","Y","N","N","N","N","Daylight","Sideswipe","Pedestrian Right of Way","Other Motor Vehicle","N","N","N","N"
8111708,"N","Y","PDO (property damage only)","N",2016,23.1666666666667,"Summer","N","Y","Sa","N","N","Y","N","N","N","N","N","Dark - Street Lights","Sideswipe","Unsafe Lane Change","Other Motor Vehicle","N","N","N","N"
8111727,"N","Y","Injury (Complaint of Pain)","N",2016,9.75,"Summer","N","N","F","Y","N","Y","N","N","N","N","N","Daylight","Rear End","Improper Passing","Other Motor Vehicle","N","N","N","N"
8111759,"N","Y","Injury (Complaint of Pain)","N",2016,23,"Summer","N","Y","Sa","Y","N","Y","N","N","N","N","N","Dark - Street Lights","Rear End","Unsafe Starting or Backing","Other Motor Vehicle","N","N","N","N"
8111761,"N","N","Injury (Complaint of Pain)","N",2016,18.4166666666667,"Summer","PM","N","F","N","N","Y","N","N","N","N","N","Daylight","Head-On","Pedestrian Violation","Pedestrian","N","N","Y","N"
8111773,"N","Y","PDO (property damage only)","N",2016,17.6666666666667,"Summer","PM","N","Tu","N","N","Y","N","N","N","N","N","Daylight","Broadside","Lights","Other Motor Vehicle","N","N","N","N"
8111806,"N","N","Fatal","Y",2016,16.0833333333333,"Summer","N","N","Sa","N","N","Y","N","N","N","N","N","Daylight","Rear End","Unsafe Speed","Parked Motor Vehicle","Y","N","N","N"
8111815,"N","Y","Injury (Complaint of Pain)","N",2016,17.5,"Spring","PM","N","W","N","N","Y","N","N","N","N","N","Daylight","Rear End","Wrong Side of Road","Other Motor Vehicle","N","N","N","N"