"CASE_ID","mc_killed","mc_injured","collision_severity","severe","accident_year","hours_since_midnight","season","rush_hour","late_night","day_of_week","intersection","state_hwy_ind","w_clear","w_cloudy","w_rainy","w_other","road_not_dry","road_condition_issue","lighting","type_of_collision","pcf_viol_category","mviw","alcohol_involved","truck_accident","pedestrian_accident","bicycle_accident"
8111831,"N","Y","PDO (property damage only)","N",2016,21.8333333333333,"Summer","N","N","Su","N","N","Y","N","N","N","N","N","Dark - Street Lights","Other","Pedestrian Violation","Motor Vehicle on Other Roadway","N","N","N","N"
8112533,"N","Y","PDO (property damage only)","N",2016,9.91666666666667,"Summer","N","N","F","Y","N","Y","N","N","N","N","N","Daylight","Broadside","Pedestrian Violation","Other Motor Vehicle","N","N","N","N"
8112592,"N","Y","PDO (property damage only)","N",2016,14.75,"Summer","N","N","M","Y","N","Y","N","N","N","N","N","Daylight","Broadside","Pedestrian Right of Way","Other Motor Vehicle","N","N","N","N"
8113936,"N","Y","Injury (Other Visible)","N",2016,14.4166666666667,"Summer","N","N","Su","Y","N","Y","N","N","N","N","N","Daylight","Broadside","Pedestrian Violation","Other Motor Vehicle","N","N","N","N"
8113996,"N","Y","PDO (property damage only)","N",2016,19.8333333333333,"Summer","N","N","Sa","Y","N","Y","N","N","N","N","N","Daylight","Sideswipe","Unsafe Speed","Other Motor Vehicle","Y","N","N","N"
8114950,"N","N","Fatal","Y",2016,20.1666666666667,"Summer","N","N","Su","Y","N","Y","N","N","N","N","N","Dark - Street Lights","Broadside","Unsafe Starting or Backing","Other Motor Vehicle","Y","N","N","N"
8115048,"N","Y","Injury (Other Visible)","N",2016,16,"Summer","PM","N","F","N","N","Y","N","N","N","N","N","Daylight","Broadside","Pedestrian Violation","Other Motor Vehicle","N","N","N","N"
8115068,"N","Y","PDO (property damage only)","N",2016,17.9166666666667,"Summer","PM","N","Tu","N","N","Y","N","N","N","N","N","Daylight","Sideswipe","Pedestrian Right of Way","Other Motor Vehicle","N","N","N","N"
8115152,"N","Y","Injury (Complaint of Pain)","N",2016,18.8333333333333,"Summer","PM","N","Tu","Y","N","Y","N","N","N","N","N","Daylight","Broadside","Pedestrian Violation","Other Motor Vehicle","N","N","N","N"
8115168,"N","Y","PDO (property damage only)","N",2016,8.5,"Summer","AM","N","Th","Y","N","Y","N","N","N","N","N","Daylight","Head-On","Pedestrian Violation","Other Motor Vehicle","N","N","N","N"
8115199,"N","Y","Injury (Complaint of Pain)","N",2016,15.3333333333333,"Summer","N","N","Sa","Y","N","Y","N","N","N","N","N","Daylight","Head-On","Pedestrian Violation","Other Motor Vehicle","N","N","N","N"
8115257,"N","N","Fatal","Y",2016,11,"Summer","N","N","Sa","N","N","Y","N","N","N","N","N","Daylight","Other","Impeding Traffic","Fixed Object","N","N","N","N"
8115714,"N","N","Fatal","Y",2016,20.5833333333333,"Summer","N","N","Tu","N","N","Y","N","N","N","N","N","Dark - Street Lights","Sideswipe","Unsafe Starting or Backing","Parked Motor Vehicle","N","N","N","N"
8115724,"N","Y","PDO (property damage only)","N",2016,20.25,"Summer","N","N","W","Y","N","Y","N","N","N","N","N","Dusk or Dawn","Broadside","Pedestrian Violation","Other Motor Vehicle","N","N","N","N"
8115785,"N","Y","Injury (Complaint of Pain)","N",2016,14,"Summer","N","N","Su","N","N","Y","N","N","N","N","N","Daylight","Broadside","Pedestrian Violation","Other Motor Vehicle","N","N","N","N"
8115835,"N","Y","Injury (Other Visible)","N",2016,22.5833333333333,"Summer","N","N","W","Y","N","Y","N","N","N","N","N","Dark - Street Lights","Head-On","Pedestrian Violation","Other Motor Vehicle","N","N","N","N"
8116124,"N","Y","PDO (property damage only)","N",2016,17.25,"Summer","PM","N","F","N","N","Y","N","N","N","N","N","Daylight","Broadside","Pedestrian Violation","Other Motor Vehicle","N","N","N","N"
8116140,"N","Y","PDO (property damage only)","N",2016,14.5833333333333,"Summer","N","N","Th","Y","N","Y","N","N","N","N","N","Daylight","Broadside","Pedestrian Violation","Other Motor Vehicle","N","N","N","N"
8116286,"N","Y","Injury (Other Visible)","N",2016,0.5,"Summer","N","Y","Su","Y","N","Y","N","N","N","N","N","Dark - Street Lights","Sideswipe","Lights","Other Motor Vehicle","N","N","N","N"
8116314,"N","Y","Injury (Complaint of Pain)","N",2016,9.91666666666667,"Summer","N","N","W","Y","N","Y","N","N","N","N","N","Daylight","Broadside","Pedestrian Right of Way","Other Motor Vehicle","N","N","N","N"
8117000,"N","Y","Injury (Complaint of Pain)","N",2016,8.75,"Summer","AM","N","W","N","N","Y","N","N","N","N","N","Daylight","Broadside","Pedestrian Violation","Other Motor Vehicle","N","N","N","N"
8117032,"N","Y","Injury (Complaint of Pain)","N",2016,23.3333333333333,"Summer","N","Y","W","N","N","Y","N","N","N","N","N","Dark - Street Lights","Broadside","Unsafe Speed","Other Object","Y","N","N","N"
8117133,"N","Y","Injury (Other Visible)","N",2016,14,"Summer","N","N","Tu","N","N","Y","N","N","N","N","N","Daylight","Broadside","Pedestrian Violation","Other Motor Vehicle","N","N","N","N"
8117498,"N","Y","PDO (property damage only)","N",2016,17.5,"Spring","N","N","Su","N","N","Y","N","N","N","N","N","Daylight","Other","Pedestrian Violation","Non-Collision","N","N","N","N"
8117592,"N","Y","Injury (Complaint of Pain)","N",2016,16.3333333333333,"Summer","PM","N","F","Y","N","Y","N","N","N","N","N","Daylight","Broadside","Lights","Other Motor Vehicle","N","N","N","N"
8117653,"N","Y","Injury (Complaint of Pain)","N",2016,16.8333333333333,"Summer","PM","N","W","Y","N","Y","N","N","N","N","N","Daylight","Head-On","Pedestrian Violation","Other Motor Vehicle","N","N","N","N"
8117856,"N","Y","Injury (Complaint of Pain)","N",2016,15,"Summer","N","N","Sa","Y","N","Y","N","N","N","N","N","Daylight","Sideswipe","Lights","Other Motor Vehicle","N","N","N","N"
8117891,"N","Y","PDO (property damage only)","N",2016,12.8333333333333,"Summer","N","N","Tu","N","N","Y","N","N","N","N","N","Daylight","Sideswipe","Pedestrian Violation","Other Motor Vehicle","N","N","N","N"
8120070,"N","Y","Injury (Complaint of Pain)","N",2016,13.1666666666667,"Summer","N","N","F","N","N","Y","N","N","N","N","N","Daylight","Sideswipe","Automobile Right of Way","Other Motor Vehicle","N","N","N","N"
8120074,"N","Y","PDO (property damage only)","N",2016,14,"Summer","N","N","Sa","Y","N","Y","N","N","N","N","N","Daylight","Rear End","Wrong Side of Road","Other Motor Vehicle","N","N","N","N"
8120391,"N","Y","Injury (Complaint of Pain)","N",2016,18.25,"Summer","N","N","Sa","Y","N","Y","N","N","N","N","N","Daylight","Broadside","Pedestrian Violation","Other Motor Vehicle","N","N","N","N"
8120483,"N","Y","Injury (Complaint of Pain)","N",2016,9.16666666666667,"Summer","N","N","W","N","N","Y","N","N","N","N","N","Daylight","Broadside","Pedestrian Violation","Other Motor Vehicle","N","N","N","N"
8120499,"N","Y","Injury (Complaint of Pain)","N",2016,14.8333333333333,"Summer","N","N","F","N","N","Y","N","N","N","N","N","Daylight","Other","Automobile Right of Way","Other Object","N","N","N","N"
8120507,"N","Y","PDO (property damage only)","N",2016,16,"Summer","PM","N","Tu","N","N","Y","N","N","N","N","N","Daylight","Rear End","Improper Passing","Other Motor Vehicle","N","N","N","N"
8120519,"N","Y","Injury (Complaint of Pain)","N",2016,20.75,"Summer","N","N","Sa","N","N","Y","N","N","N","N","N","Dark - Street Lights","Broadside","Pedestrian Right of Way","Other Motor Vehicle","N","N","N","N"
8120527,"N","Y","PDO (property damage only)","N",2016,17,"Summer","PM","N","F","N","N","Y","N","N","N","N","N","Daylight","Broadside","Impeding Traffic","Other Motor Vehicle","N","N","N","N"
8120528,"N","Y","Injury (Complaint of Pain)","N",2016,21.75,"Summer","N","N","F","N","N","Y","N","N","N","N","N","Dark - Street Lights","Rear End","Pedestrian Right of Way","Parked Motor Vehicle","N","N","N","N"
8120544,"N","Y","Injury (Complaint of Pain)","N",2016,13.5,"Summer","N","N","F","Y","N","Y","N","N","N","N","N","Daylight","Broadside","Impeding Traffic","Other Motor Vehicle","N","N","N","N"
8120569,"N","Y","Injury (Other Visible)","N",2016,9.33333333333333,"Summer","N","N","Sa","N","N","N","Y","N","N","N","N","Daylight","Rear End","Wrong Side of Road","Parked Motor Vehicle","N","N","N","N"
8120641,"N","Y","PDO (property damage only)","N",2016,15.5833333333333,"Summer","PM","N","F","N","N","Y","N","N","N","N","Y","Daylight","Broadside","Pedestrian Right of Way","Other Motor Vehicle","N","N","N","N"
8120650,"N","Y","PDO (property damage only)","N",2016,10.0833333333333,"Summer","N","N","W","Y","N","Y","N","N","N","N","N","Daylight","Broadside","Lights","Other Motor Vehicle","N","N","N","N"
8120666,"N","Y","PDO (property damage only)","N",2016,12.4166666666667,"Summer","N","N","W","Y","N","Y","N","N","N","N","N","Daylight","Other","Pedestrian Violation","Non-Collision","N","N","N","N"
8120685,"N","Y","PDO (property damage only)","N",2016,13.25,"Summer","N","N","F","N","N","Y","N","N","N","N","N","Daylight","Broadside","Pedestrian Violation","Other Motor Vehicle","N","N","N","N"
8120705,"N","Y","PDO (property damage only)","N",2016,22.3333333333333,"Summer","N","N","W","N","N","Y","N","N","N","N","N","Dark - Street Lights","Rear End","Wrong Side of Road","Other Motor Vehicle","N","N","N","N"
8121298,"N","Y","Injury (Other Visible)","N",2016,22.3333333333333,"Summer","N","N","Sa","N","N","Y","N","N","N","N","N","Dark - Street Lights","Rear End","Automobile Right of Way","Other Motor Vehicle","N","N","N","N"
8122102,"N","N","Injury (Other Visible)","N",2016,19.25,"Summer","N","N","W","N","N","Y","N","N","N","N","N","Dusk or Dawn","Rear End","Wrong Side of Road","Other Motor Vehicle","N","N","N","N"
8122242,"N","Y","Injury (Complaint of Pain)","N",2016,12,"Summer","N","N","Su","N","N","Y","N","N","N","N","N","Daylight","Rear End","Wrong Side of Road","Other Motor Vehicle","N","N","N","N"
8122276,"N","Y","Injury (Other Visible)","N",2016,19.3333333333333,"Summer","N","N","Su","N","N","Y","N","N","N","N","N","Daylight","Vehicle/Pedestrian","Unsafe Speed","Fixed Object","Y","N","N","N"
8122290,"N","Y","Injury (Complaint of Pain)","N",2016,16.4166666666667,"Summer","PM","N","M","N","N","Y","N","N","N","N","N","Daylight","Rear End","Impeding Traffic","Other Motor Vehicle","N","N","N","N"
8123001,"N","Y","Injury (Complaint of Pain)","N",2016,20.0833333333333,"Summer","N","N","Tu","N","N","Y","N","N","N","N","N","Dark - Street Lights","Sideswipe","Unsafe Lane Change","Other Motor Vehicle","N","N","N","N"
8123309,"N","Y","PDO (property damage only)","N",2016,7.75,"Summer","AM","N","Th","Y","N","Y","N","N","N","N","N","Daylight","Broadside","Pedestrian Violation","Other Motor Vehicle","N","N","N","N"
8123318,"N","Y","Injury (Complaint of Pain)","N",2016,20,"Summer","N","N","Sa","N","N","Y","N","N","N","N","N","Dark - Street Lights","Broadside","Hazardous Parking","Pedestrian","N","N","Y","N"
8123322,"N","Y","Injury (Other Visible)","N",2016,23.9166666666667,"Summer","N","Y","Th","Y","N","Y","N","N","N","N","N","Dark - Street Lights","Sideswipe","Pedestrian Violation","Other Motor Vehicle","N","N","N","N"
8123328,"N","Y","Injury (Other Visible)","N",2016,13,"Summer","N","N","W","N","N","Y","N","N","N","N","N","Daylight","Broadside","Pedestrian Violation","Other Motor Vehicle","N","N","N","N"
8123338,"N","Y","Injury (Complaint of Pain)","N",2016,10.75,"Summer","N","N","Su","N","N","Y","N","N","N","N","N","Daylight","Sideswipe","Automobile Right of Way","Other Motor Vehicle","N","N","N","N"
8123381,"N","N","Injury (Complaint of Pain)","N",2016,14.75,"Summer","N","N","M","Y","N","Y","N","N","N","N","N","Daylight","Rear End","Pedestrian Violation","Non-Collision","N","N","N","N"
8123395,"N","Y","Injury (Complaint of Pain)","N",2016,7.83333333333333,"Summer","AM","N","W","Y","N","Y","N","N","N","N","N","Daylight","Broadside","Pedestrian Violation","Other Motor Vehicle","N","N","N","N"
8123399,"N","Y","Injury (Complaint of Pain)","N",2016,6,"Summer","N","N","W","N","N","Y","N","N","N","N","N","Daylight","Broadside","Pedestrian Right of Way","Other Motor Vehicle","N","N","N","N"
8123434,"N","Y","PDO (property damage only)","N",2016,15.9166666666667,"Summer","N","N","Sa","Y","N","Y","N","N","N","N","N","Daylight","Broadside","Pedestrian Violation","Other Motor Vehicle","N","N","N","N"
8123568,"N","Y","PDO (property damage only)","N",2016,16.3333333333333,"Summer","PM","N","F","Y","N","Y","N","N","N","N","N","Daylight","Broadside","Lights","Motor Vehicle on Other Roadway","N","N","N","N"
8123588,"N","N","Fatal","Y",2016,14,"Summer","N","N","M","N","N","Y","N","N","N","N","N","Daylight","Broadside","Pedestrian Right of Way","Parked Motor Vehicle","N","N","N","N"
8123620,"N","N","Fatal","Y",2016,6.5,"Summer","N","N","Sa","Y","N","Y","N","N","N","N","N","Daylight","Sideswipe","Automobile Right of Way","Other Motor Vehicle","N","N","N","N"
8123696,"N","Y","Injury (Complaint of Pain)","N",2016,10.25,"Summer","N","N","Th","Y","N","Y","N","N","N","N","N","Daylight","Broadside","Pedestrian Violation","Other Motor Vehicle","N","Y","N","N"
8124441,"N","Y","Injury (Other Visible)","N",2016,8.91666666666667,"Summer","N","N","Sa","Y","N","Y","N","N","N","N","N","Daylight","Head-On","Pedestrian Violation","Other Motor Vehicle","N","N","N","N"
8124956,"N","Y","Injury (Complaint of Pain)","N",2016,22.75,"Summer","N","N","Sa","N","N","Y","N","N","N","N","N","Dark - Street Lights","Hit Object","Wrong Side of Road","Fixed Object","N","N","N","N"
8125559,"N","Y","Injury (Other Visible)","N",2016,17,"Summer","PM","N","Tu","Y","N","Y","N","N","N","N","N","Daylight","Broadside","Pedestrian Right of Way","Other Motor Vehicle","N","N","N","N"
8125571,"N","Y","Injury (Other Visible)","N",2016,16.6666666666667,"Fall","N","N","Su","N","N","Y","N","N","N","N","N","Daylight","Head-On","Unsafe Lane Change","Other Motor Vehicle","N","N","N","N"
8125575,"N","Y","Injury (Other Visible)","N",2016,15.4166666666667,"Summer","PM","N","Tu","Y","Y","Y","N","N","N","N","N","Daylight","Broadside","Pedestrian Violation","Other Motor Vehicle","N","N","N","N"
8126225,"N","Y","PDO (property damage only)","N",2016,12.1666666666667,"Summer","N","N","Tu","N","N","Y","N","N","N","N","N","Daylight","Broadside","Pedestrian Violation","Other Motor Vehicle","N","N","N","N"
8126233,"N","Y","Injury (Complaint of Pain)","N",2016,13.75,"Summer","N","N","F","Y","N","Y","N","N","N","N","N","Daylight","Hit Object","Wrong Side of Road","Other Object","N","N","N","N"
8126561,"N","Y","PDO (property damage only)","N",2016,9.83333333333333,"Summer","N","N","Su","N","Y","Y","N","N","N","N","N","Daylight","Rear End","Improper Passing","Other Motor Vehicle","N","N","N","N"
8126630,"N","Y","Injury (Complaint of Pain)","N",2016,21.5833333333333,"Summer","N","N","F","N","N","Y","N","N","N","N","N","Dark - Street Lights","Head-On","Pedestrian Violation","Other Motor Vehicle","N","N","N","N"
8126666,"N","Y","Injury (Other Visible)","N",2016,18.8333333333333,"Summer","PM","N","W","Y","N","Y","N","N","N","N","N","Daylight","Broadside","Pedestrian Violation","Other Motor Vehicle","N","N","N","N"
8126737,"N","Y","Injury (Complaint of Pain)","N",2016,17.3333333333333,"Summer","PM","N","F","N","N","Y","N","N","N","N","N","Daylight","Broadside","Pedestrian Right of Way","Other Motor Vehicle","N","N","N","N"
8127204,"N","Y","Injury (Complaint of Pain)","N",2016,11.3333333333333,"Summer","N","N","W","N","N","Y","N","N","N","N","N","Daylight","Broadside","Pedestrian Right of Way","Other Motor Vehicle","N","N","N","N"
8127250,"N","Y","Injury (Complaint of Pain)","N",2016,20.6666666666667,"Summer","N","N","M","Y","N","Y","N","N","N","N","N","Dark - Street Lights","Head-On","Pedestrian Violation","Other Motor Vehicle","N","N","N","N"
8127256,"N","Y","Injury (Complaint of Pain)","N",2016,12.3333333333333,"Summer","N","N","Tu","Y","N","Y","N","N","N","N","N","Daylight","Broadside","Unsafe Starting or Backing","Other Motor Vehicle","N","N","N","N"
8127258,"N","Y","PDO (property damage only)","N",2016,7.75,"Summer","AM","N","M","N","N","Y","N","N","N","N","N","Daylight","Broadside","Impeding Traffic","Other Motor Vehicle","N","N","N","N"
8127316,"N","N","Injury (Complaint of Pain)","N",2016,15.75,"Summer","PM","N","M","Y","N","Y","N","N","N","N","N","Daylight","Broadside","Pedestrian Violation","Other Motor Vehicle","N","N","N","N"
8127324,"N","Y","PDO (property damage only)","N",2016,19.1666666666667,"Summer","N","N","Su","N","N","Y","N","N","N","N","N","Daylight","Broadside","Pedestrian Right of Way","Other Motor Vehicle","N","N","N","N"
8127328,"N","Y","PDO (property damage only)","N",2016,15.25,"Summer","N","N","Sa","N","N","Y","N","N","N","N","N","Daylight","Sideswipe","Automobile Right of Way","Other Motor Vehicle","N","N","N","N"
8127331,"N","Y","PDO (property damage only)","N",2016,8,"Summer","AM","N","W","N","N","Y","N","N","N","N","N","Daylight","Rear End","Wrong Side of Road","Other Motor Vehicle","N","N","N","N"
8127431,"N","N","Fatal","Y",2016,19,"Summer","N","N","Sa","N","N","Y","N","N","N","N","N","Daylight","Broadside","Pedestrian Violation","Other Motor Vehicle","N","N","N","N"
8127964,"N","Y","PDO (property damage only)","N",2016,17.75,"Summer","PM","N","W","Y","N","Y","N","N","N","N","N","Daylight","Other","Pedestrian Violation","Fixed Object","N","N","N","N"
8128368,"N","Y","Injury (Complaint of Pain)","N",2016,14.3333333333333,"Summer","N","N","Su","Y","N","Y","N","N","N","N","N","Daylight","Broadside","Pedestrian Violation","Other Motor Vehicle","N","N","N","N"
8128396,"N","N","Injury (Complaint of Pain)","N",2016,10.4166666666667,"Summer","N","N","Sa","N","N","N","Y","N","N","N","N","Daylight","Broadside","Pedestrian Right of Way","Bicycle","N","N","N","Y"
8128518,"N","Y","Injury (Complaint of Pain)","N",2016,21.2833333333333,"Summer","N","N","Th","N","N","Y","N","N","N","N","N","Dark - Street Lights","Broadside","Unsafe Lane Change","Other Motor Vehicle","N","N","N","N"
8129366,"N","Y","Injury (Complaint of Pain)","N",2016,11.4166666666667,"Summer","N","N","Th","N","N","Y","N","N","N","N","N","Daylight","Sideswipe","Unsafe Starting or Backing","Other Motor Vehicle","N","N","N","N"
8129398,"N","Y","Injury (Complaint of Pain)","N",2016,18.25,"Summer","PM","N","M","N","N","Y","N","N","N","N","N","Daylight","Sideswipe","Pedestrian Violation","Other Motor Vehicle","N","N","N","N"
8129504,"N","N","PDO (property damage only)","N",2016,6.91666666666667,"Summer","N","N","Tu","N","N","Y","N","N","N","N","N","Daylight","Sideswipe","Pedestrian Violation","Other Motor Vehicle","N","N","N","N"
8129533,"N","Y","Injury (Complaint of Pain)","N",2016,18.25,"Summer","PM","N","Th","N","N","Y","N","N","N","N","N","Daylight","Rear End","Unsafe Lane Change","Other Motor Vehicle","N","Y","N","N"
8129961,"N","Y","PDO (property damage only)","N",2016,13.25,"Summer","N","N","Su","Y","N","Y","N","N","N","N","N","Daylight","Broadside","Pedestrian Violation","Other Motor Vehicle","N","N","N","N"
8129970,"N","Y","Injury (Other Visible)","N",2016,22,"Summer","N","N","W","Y","N","Y","N","N","N","N","N","Dark - Street Lights","Head-On","Pedestrian Violation","Other Motor Vehicle","N","N","N","N"
8129978,"N","Y","PDO (property damage only)","N",2016,7.25,"Summer","AM","N","W","N","Y","Y","N","N","N","N","N","Daylight","Sideswipe","Automobile Right of Way","Other Motor Vehicle","N","N","N","N"
8129985,"N","Y","PDO (property damage only)","N",2016,21,"Summer","N","N","Su","N","N","Y","N","N","N","N","N","Dark - Street Lights","Broadside","Unsafe Speed","Other Motor Vehicle","Y","N","N","N"
8129987,"N","Y","PDO (property damage only)","N",2016,6.66666666666667,"Summer","N","N","Tu","N","N","N","Y","N","N","N","N","Daylight","Broadside","Automobile Right of Way","Other Motor Vehicle","N","Y","N","N"
8130016,"N","Y","Injury (Complaint of Pain)","N",2016,21.7333333333333,"Summer","N","N","Th","N","N","Y","N","N","N","N","N","Dark - Street Lights","Other","Pedestrian Violation","Other Motor Vehicle","N","N","N","N"
8130041,"N","Y","Injury (Complaint of Pain)","N",2016,17,"Summer","N","N","Sa","N","Y","Y","N","N","N","N","N","Daylight","Sideswipe","Automobile Right of Way","Other Motor Vehicle","N","N","N","N"
8130493,"N","Y","PDO (property damage only)","N",2016,19.75,"Summer","N","N","F","N","N","Y","N","N","N","N","N","Dark - Street Lights","Sideswipe","Impeding Traffic","Other Motor Vehicle","N","N","N","N"
8130507,"N","Y","Injury (Other Visible)","N",2016,3.16666666666667,"Fall","N","Y","Th","Y","N","Y","N","N","N","N","N","Dark - Street Lights","Broadside","Pedestrian Violation","Other Motor Vehicle","N","N","N","N"
8130516,"N","Y","Injury (Other Visible)","N",2016,20.75,"Fall","N","N","Su","Y","N","Y","N","N","N","N","N","Dark - Street Lights","Broadside","Unsafe Speed","Motor Vehicle on Other Roadway","Y","N","N","N"
8130542,"N","Y","PDO (property damage only)","N",2016,9.33333333333333,"Summer","N","N","F","Y","N","Y","N","N","N","N","N","Daylight","Sideswipe","Impeding Traffic","Other Motor Vehicle","N","N","N","N"
8130563,"N","N","PDO (property damage only)","N",2016,19.5,"Summer","N","N","W","N","N","Y","N","N","N","N","N","Dark - Street Lights","Rear End","Wrong Side of Road","Other Motor Vehicle","N","N","N","N"
8130566,"N","Y","PDO (property damage only)","N",2016,19.0833333333333,"Summer","N","N","W","Y","N","Y","N","N","N","N","N","Daylight","Broadside","Pedestrian Violation","Other Motor Vehicle","N","N","N","N"
8130567,"N","Y","Injury (Complaint of Pain)","N",2016,14.6666666666667,"Summer","N","N","F","N","N","Y","N","N","N","N","N","Daylight","Overturned","Pedestrian Violation","Other Motor Vehicle","N","N","N","N"
8130583,"N","Y","Injury (Complaint of Pain)","N",2016,12,"Summer","N","N","F","N","N","Y","N","N","N","N","N","Daylight","Broadside","Code 19","Bicycle","N","N","N","Y"
8130613,"N","Y","PDO (property damage only)","N",2016,8.58333333333333,"Summer","AM","N","F","N","N","Y","N","N","N","N","N","Daylight","Broadside","Lights","Motor Vehicle on Other Roadway","N","N","N","N"
8130646,"N","N","Fatal","Y",2016,10.0833333333333,"Fall","N","N","Su","N","N","Y","N","N","N","N","N","Daylight","Rear End","Unsafe Speed","Other Motor Vehicle","Y","N","N","N"
8131130,"N","Y","Injury (Complaint of Pain)","N",2016,22.9166666666667,"Summer","N","N","F","N","N","Y","N","N","N","N","N","Dark - Street Lights","Broadside","Pedestrian Violation","Other Motor Vehicle","N","N","N","N"
8131288,"N","Y","Injury (Other Visible)","N",2016,21.75,"Summer","N","N","Sa","Y","N","Y","N","N","N","N","N","Dark - No Street Lights","Broadside","Wrong Side of Road","Other Motor Vehicle","N","N","N","N"
8131294,"N","Y","Injury (Other Visible)","N",2016,14.8333333333333,"Summer","N","N","Su","Y","N","Y","N","N","N","N","N","Daylight","Broadside","Pedestrian Violation","Other Motor Vehicle","N","N","N","N"
8131303,"N","Y","Injury (Complaint of Pain)","N",2016,1.66666666666667,"Fall","N","Y","Sa","N","N","Y","N","N","N","N","N","Dark - Street Lights","Rear End","Unsafe Speed","Other Motor Vehicle","Y","N","N","N"
8131308,"N","Y","PDO (property damage only)","N",2016,13.7166666666667,"Fall","N","N","Tu","Y","N","Y","N","N","N","N","N","Daylight","Broadside","Pedestrian Violation","Other Motor Vehicle","N","N","N","N"
8131324,"N","Y","PDO (property damage only)","N",2016,20.6666666666667,"Summer","N","N","W","Y","N","Y","N","N","N","N","N","Dark - Street Lights","Broadside","Unsafe Speed","Other Motor Vehicle","Y","N","N","N"
8131327,"N","Y","Injury (Complaint of Pain)","N",2016,19.6666666666667,"Fall","N","N","F","N","N","Y","N","N","N","N","N","Dark - Street Lights","Broadside","Pedestrian Right of Way","Other Motor Vehicle","N","N","N","N"
8131332,"N","Y","PDO (property damage only)","N",2016,23,"Summer","N","Y","Su","N","N","Y","N","N","N","N","N","Dark - Street Lights","Sideswipe","Automobile Right of Way","Other Motor Vehicle","N","N","N","N"
8131334,"N","Y","Injury (Complaint of Pain)","N",2016,19.8333333333333,"Summer","N","N","Tu","Y","N","Y","N","N","N","N","N","Dusk or Dawn","Broadside","Pedestrian Violation","Other Motor Vehicle","N","N","N","N"
8131349,"N","Y","Injury (Complaint of Pain)","N",2016,6.16666666666667,"Summer","N","N","Tu","N","Y","Y","N","N","N","N","N","Daylight","Rear End","Wrong Side of Road","Other Motor Vehicle","N","N","N","N"
8131364,"N","Y","Injury (Complaint of Pain)","N",2016,11.9166666666667,"Summer","N","N","Tu","N","N","Y","N","N","N","N","N","Daylight","Sideswipe","Wrong Side of Road","Other Motor Vehicle","N","N","N","N"
8131368,"N","Y","PDO (property damage only)","N",2016,19.25,"Summer","N","N","W","N","N","Y","N","N","N","N","N","Dusk or Dawn","Sideswipe","Unsafe Starting or Backing","Other Motor Vehicle","N","N","N","N"
8131447,"N","N","Fatal","Y",2016,9,"Summer","N","N","Sa","N","N","Y","N","N","N","N","N","Daylight","Rear End","Wrong Side of Road","Parked Motor Vehicle","N","N","N","N"
8131563,"N","N","Fatal","Y",2016,2.08333333333333,"Summer","N","Y","Su","N","N","N","Y","N","N","N","N","Dark - Street Lights","Hit Object","Unsafe Speed","Fixed Object","Y","N","N","N"
8131697,"N","N","Injury (Severe)","Y",2016,0.833333333333333,"Summer","N","Y","Su","N","Y","Y","N","N","N","N","N","Dark - Street Lights","Rear End","Wrong Side of Road","Other Motor Vehicle","Y","N","N","N"
8131714,"N","N","PDO (property damage only)","N",2016,15.5,"Summer","PM","N","Tu","N","N","Y","N","N","N","N","N","Daylight","Broadside","Improper Turning","Bicycle","N","N","N","Y"
8131727,"N","Y","Injury (Complaint of Pain)","N",2016,14.2333333333333,"Summer","N","N","Su","Y","N","Y","N","N","N","N","N","Daylight","Sideswipe","Pedestrian Violation","Other Motor Vehicle","N","N","N","N"
8131754,"N","Y","Injury (Complaint of Pain)","N",2016,19.5,"Summer","N","N","W","Y","N","Y","N","N","N","N","N","Dusk or Dawn","Broadside","Pedestrian Violation","Other Motor Vehicle","N","N","N","N"
8131760,"N","Y","PDO (property damage only)","N",2016,17.0833333333333,"Summer","N","N","Sa","N","N","Y","N","N","N","N","N","Daylight","Broadside","Pedestrian Right of Way","Other Motor Vehicle","N","N","N","N"
8132665,"Y","Y","Injury (Severe)","Y",2016,17.4166666666667,"Summer","PM","N","W","Y","N","Y","N","N","N","N","N","Daylight","Broadside","Lights","Other Motor Vehicle","N","N","N","N"
8132797,"N","Y","PDO (property damage only)","N",2016,19.5833333333333,"Fall","N","N","F","Y","N","Y","N","N","N","N","N","Dark - Street Lights","Head-On","Pedestrian Violation","Other Motor Vehicle","N","N","N","N"
8132838,"N","Y","Injury (Complaint of Pain)","N",2016,9.2,"Fall","N","N","W","N","N","Y","N","N","N","N","N","Daylight","Broadside","Pedestrian Right of Way","Other Motor Vehicle","N","N","N","N"
8133227,"N","Y","Injury (Complaint of Pain)","N",2016,18.9333333333333,"Fall","N","N","Sa","N","N","Y","N","N","N","N","N","Dark - Street Lights","Rear End","Pedestrian Right of Way","Other Motor Vehicle","N","N","N","N"
8133231,"N","Y","PDO (property damage only)","N",2016,18.9166666666667,"Fall","N","N","Sa","N","N","Y","N","N","N","N","N","Dark - Street Lights","Rear End","Pedestrian Right of Way","Other Motor Vehicle","N","N","N","N"