"CASE_ID","mc_killed","mc_injured","collision_severity","severe","accident_year","hours_since_midnight","season","rush_hour","late_night","day_of_week","intersection","state_hwy_ind","w_clear","w_cloudy","w_rainy","w_other","road_not_dry","road_condition_issue","lighting","type_of_collision","pcf_viol_category","mviw","alcohol_involved","truck_accident","pedestrian_accident","bicycle_accident"
8133252,"N","Y","Injury (Complaint of Pain)","N",2016,10.8333333333333,"Fall","N","N","Sa","N","N","Y","N","N","N","N","N","Daylight","Overturned","Wrong Side of Road","Other Object","N","N","N","N"
8133256,"N","Y","PDO (property damage only)","N",2016,13.4166666666667,"Fall","N","N","Sa","N","N","Y","N","N","N","N","N","Daylight","Broadside","Lights","Other Motor Vehicle","N","N","N","N"
8133259,"N","Y","Injury (Complaint of Pain)","N",2016,10.1666666666667,"Fall","N","N","Th","N","N","Y","N","N","N","N","N","Daylight","Head-On","Other Improper Driving","Other Motor Vehicle","N","N","N","N"
8133686,"N","Y","PDO (property damage only)","N",2016,17.4166666666667,"Summer","PM","N","F","N","N","Y","N","N","N","N","N","Daylight","Sideswipe","Unsafe Starting or Backing","Other Motor Vehicle","N","N","N","N"
8133741,"N","Y","Injury (Complaint of Pain)","N",2016,15.75,"Summer","PM","N","Tu","N","N","Y","N","N","N","N","N","Daylight","Sideswipe","Automobile Right of Way","Other Motor Vehicle","N","N","N","N"
8133945,"N","Y","PDO (property damage only)","N",2016,17.6666666666667,"Summer","N","N","Sa","N","N","Y","N","N","N","N","N","Daylight","Broadside","Unsafe Speed","Other Motor Vehicle","Y","N","N","N"
8134047,"N","N","Fatal","Y",2016,20.25,"Fall","N","N","Su","N","N","Y","N","N","N","N","N","Dark - No Street Lights","Head-On","Wrong Side of Road","Parked Motor Vehicle","N","N","N","N"
8134198,"N","Y","Injury (Complaint of Pain)","N",2016,18.5833333333333,"Summer","PM","N","W","N","N","Y","N","N","N","N","N","Daylight","Sideswipe","Automobile Right of Way","Other Motor Vehicle","N","N","N","N"
8134207,"N","Y","Injury (Other Visible)","N",2016,17.0833333333333,"Summer","PM","N","W","N","N","Y","N","N","N","N","N","Daylight","Rear End","Code 19","Other Motor Vehicle","N","N","N","N"
8134521,"N","N","Fatal","Y",2016,2.2,"Summer","N","Y","Su","N","N","Y","N","N","N","N","N","Daylight","Rear End","Unsafe Speed","Parked Motor Vehicle","Y","N","N","N"
8134572,"N","Y","Injury (Other Visible)","N",2016,7.66666666666667,"Fall","N","N","Sa","N","N","Y","N","N","N","N","N","Daylight","Broadside","Pedestrian Violation","Other Motor Vehicle","N","N","N","N"
8134610,"N","Y","Injury (Complaint of Pain)","N",2016,0.833333333333333,"Summer","N","Y","Sa","N","N","Y","N","N","N","N","N","Dark - Street Lights","Rear End","Wrong Side of Road","Other Motor Vehicle","N","N","N","N"
8134627,"N","Y","Injury (Complaint of Pain)","N",2016,7.83333333333333,"Fall","AM","N","F","N","N","Y","N","N","N","N","N","Daylight","Sideswipe","Impeding Traffic","Other Motor Vehicle","N","N","N","N"
8134648,"N","Y","Injury (Complaint of Pain)","N",2016,19,"Summer","N","N","Sa","N","N","Y","N","N","N","N","N","Dusk or Dawn","Overturned","Impeding Traffic","Fixed Object","N","N","N","N"
8134814,"N","Y","Injury (Complaint of Pain)","N",2016,7.5,"Summer","AM","N","W","N","N","Y","N","N","N","N","N","Daylight","Other","Wrong Side of Road","Fixed Object","N","N","N","N"
8135028,"N","N","Injury (Other Visible)","N",2016,14.8333333333333,"Summer","N","N","F","Y","N","Y","N","N","N","N","N","Daylight","Head-On","Pedestrian Violation","Other Motor Vehicle","N","N","N","N"
8135179,"N","Y","Injury (Complaint of Pain)","N",2016,18.75,"Summer","PM","N","Th","Y","N","Y","N","N","N","N","N","Daylight","Head-On","Pedestrian Violation","Other Motor Vehicle","N","N","N","N"
8135244,"N","Y","Injury (Complaint of Pain)","N",2016,17.3333333333333,"Summer","PM","N","F","N","N","Y","N","N","N","N","N","Daylight","Sideswipe","Automobile Right of Way","Other Motor Vehicle","N","N","N","N"
8135529,"N","Y","Injury (Other Visible)","N",2016,15.5833333333333,"Fall","N","N","Sa","Y","N","Y","N","N","N","N","N","Daylight","Broadside","Unsafe Speed","Other Motor Vehicle","Y","N","N","N"
8135800,"N","Y","PDO (property damage only)","N",2016,16.1666666666667,"Summer","PM","N","Th","Y","N","Y","N","N","N","N","N","Daylight","Broadside","Pedestrian Violation","Other Object","N","N","N","N"
8135812,"N","Y","Injury (Complaint of Pain)","N",2016,14.75,"Summer","N","N","F","Y","N","Y","N","N","N","N","N","Daylight","Hit Object","Wrong Side of Road","Fixed Object","N","N","N","N"
8136597,"N","Y","Injury (Other Visible)","N",2016,21.3333333333333,"Fall","N","N","F","N","N","Y","N","N","N","N","N","Dark - Street Lights","Sideswipe","Unsafe Starting or Backing","Other Motor Vehicle","N","N","N","N"
8136601,"N","Y","Injury (Other Visible)","N",2016,15,"Summer","PM","N","F","Y","N","Y","N","N","N","N","N","Daylight","Broadside","Pedestrian Violation","Other Motor Vehicle","N","N","N","N"
8137558,"N","Y","Injury (Other Visible)","N",2016,17.6333333333333,"Summer","PM","N","F","Y","N","Y","N","N","N","N","N","Daylight","Head-On","Pedestrian Violation","Other Motor Vehicle","N","N","N","N"
8137570,"N","Y","PDO (property damage only)","N",2016,22.1666666666667,"Summer","N","N","Tu","Y","N","Y","N","N","N","N","N","Dark - Street Lights","Rear End","Improper Passing","Other Motor Vehicle","N","N","N","N"
8137596,"N","Y","PDO (property damage only)","N",2016,9.33333333333333,"Summer","N","N","Sa","Y","N","Y","N","N","N","N","N","Daylight","Sideswipe","Pedestrian Right of Way","Other Motor Vehicle","N","N","N","N"
8137765,"N","Y","Injury (Other Visible)","N",2016,20.3333333333333,"Summer","N","N","W","N","N","Y","N","N","N","N","N","Dark - Street Lights","Broadside","Other Improper Driving","Parked Motor Vehicle","N","N","N","N"
8137778,"N","N","Fatal","Y",2016,8.16666666666667,"Fall","N","N","Sa","N","N","Y","N","N","N","N","N","Daylight","Head-On","Pedestrian Violation","Other Motor Vehicle","N","N","N","N"
8137818,"N","Y","Injury (Complaint of Pain)","N",2016,6.08333333333333,"Summer","N","N","Th","Y","N","Y","N","N","N","N","N","Daylight","Broadside","Lights","Other Motor Vehicle","N","N","N","N"
8137834,"N","Y","Injury (Complaint of Pain)","N",2016,14.5,"Fall","N","N","Th","Y","N","Y","N","N","N","N","N","Daylight","Sideswipe","Pedestrian Right of Way","Other Motor Vehicle","N","Y","N","N"
8137931,"N","Y","Injury (Other Visible)","N",2016,21.5,"Fall","N","N","Tu","Y","N","Y","N","N","N","N","N","Dark - Street Lights","Broadside","Pedestrian Violation","Other Motor Vehicle","N","N","N","N"
8137942,"N","Y","PDO (property damage only)","N",2016,15.8333333333333,"Fall","PM","N","Th","Y","N","Y","N","N","N","N","N","Daylight","Broadside","Pedestrian Violation","Other Motor Vehicle","N","N","N","N"
8137943,"N","Y","PDO (property damage only)","N",2016,14.0833333333333,"Summer","N","N","Th","N","N","Y","N","N","N","N","N","Daylight","Rear End","Impeding Traffic","Other Motor Vehicle","N","N","N","N"
8137956,"N","Y","Injury (Complaint of Pain)","N",2016,10,"Summer","N","N","Tu","Y","N","Y","N","N","N","N","N","Daylight","Broadside","Lights","Other Motor Vehicle","N","N","N","N"
8137960,"N","N","Injury (Complaint of Pain)","N",2016,18.25,"Summer","PM","N","W","Y","N","Y","N","N","N","N","N","Daylight","Broadside","Pedestrian Violation","Other Motor Vehicle","N","N","N","N"
8137967,"N","Y","Injury (Complaint of Pain)","N",2016,20.6666666666667,"Fall","N","N","Su","Y","N","Y","N","N","N","N","N","Dark - Street Lights","Broadside","Lights","Other Motor Vehicle","N","N","N","N"
8137980,"N","Y","Injury (Other Visible)","N",2016,7.33333333333333,"Fall","AM","N","W","Y","N","Y","N","N","N","N","N","Daylight","Broadside","Pedestrian Violation","Other Motor Vehicle","N","N","N","N"
8138051,"N","Y","Injury (Other Visible)","N",2016,5.58333333333333,"Summer","N","N","W","Y","N","Y","N","N","N","N","N","Dark - Street Lights","Broadside","Pedestrian Violation","Other Motor Vehicle","N","N","N","N"
8138063,"N","Y","Injury (Complaint of Pain)","N",2016,16,"Summer","N","N","Su","Y","N","Y","N","N","N","N","N","Daylight","Broadside","Pedestrian Violation","Other Motor Vehicle","N","N","N","N"
8138087,"N","Y","Injury (Complaint of Pain)","N",2016,19.5,"Summer","N","N","W","N","N","Y","N","N","N","N","N","Dark - Street Lights","Sideswipe","Automobile Right of Way","Other Motor Vehicle","N","N","N","N"
8138119,"N","Y","PDO (property damage only)","N",2016,9.41666666666667,"Summer","N","N","W","Y","N","Y","N","N","N","N","N","Daylight","Broadside","Pedestrian Violation","Other Motor Vehicle","N","N","N","N"
8138123,"N","Y","Injury (Complaint of Pain)","N",2016,17.4166666666667,"Summer","PM","N","F","N","N","Y","N","N","N","N","N","Daylight","Broadside","Pedestrian Violation","Other Motor Vehicle","N","N","N","N"
8138135,"N","Y","PDO (property damage only)","N",2016,18.3333333333333,"Summer","N","N","Sa","Y","N","Y","N","N","N","N","N","Daylight","Sideswipe","Pedestrian Right of Way","Other Motor Vehicle","N","N","N","N"
8138151,"N","Y","PDO (property damage only)","N",2016,14.75,"Summer","N","N","Tu","N","N","Y","N","N","N","N","N","Daylight","Rear End","Wrong Side of Road","Other Motor Vehicle","N","N","N","N"
8138253,"N","Y","Injury (Complaint of Pain)","N",2016,12.75,"Fall","N","N","W","N","N","Y","N","N","N","N","N","Daylight","Sideswipe","Impeding Traffic","Other Motor Vehicle","N","Y","N","N"
8138285,"N","Y","Injury (Complaint of Pain)","N",2016,9.91666666666667,"Summer","N","N","Th","N","N","Y","N","N","N","N","N","Daylight","Broadside","Pedestrian Right of Way","Other Motor Vehicle","N","Y","N","N"
8138321,"N","Y","PDO (property damage only)","N",2016,19.4166666666667,"Fall","N","N","Th","N","N","Y","N","N","N","N","N","Dark - Street Lights","Hit Object","Wrong Side of Road","Fixed Object","N","N","N","N"
8138323,"N","Y","PDO (property damage only)","N",2016,9,"Fall","AM","N","Th","N","N","Y","N","N","N","N","N","Daylight","Rear End","Improper Passing","Other Motor Vehicle","N","N","N","N"
8138334,"N","Y","Injury (Other Visible)","N",2016,6,"Fall","N","N","Tu","N","N","Y","N","N","N","N","N","Daylight","Broadside","Pedestrian Violation","Other Motor Vehicle","N","N","N","N"
8138338,"N","N","PDO (property damage only)","N",2016,12.25,"Fall","N","N","Sa","Y","N","Y","N","N","N","N","N","Daylight","Broadside","Pedestrian Violation","Other Motor Vehicle","N","N","N","N"
8138348,"N","Y","PDO (property damage only)","N",2016,13.5,"Fall","N","N","Th","Y","N","Y","N","N","N","N","N","Daylight","Broadside","Pedestrian Violation","Other Motor Vehicle","N","N","N","N"
8138356,"N","Y","Injury (Complaint of Pain)","N",2016,12.8333333333333,"Fall","N","N","F","Y","N","Y","N","N","N","N","N","Daylight","Broadside","Lights","Other Motor Vehicle","N","N","N","N"
8138362,"N","Y","PDO (property damage only)","N",2016,15.25,"Fall","PM","N","Th","N","N","Y","N","N","N","N","N","Daylight","Sideswipe","Automobile Right of Way","Other Motor Vehicle","N","N","N","N"
8138394,"N","Y","Injury (Complaint of Pain)","N",2016,12,"Summer","N","N","W","N","N","Y","N","N","N","N","N","Daylight","Broadside","Pedestrian Violation","Motor Vehicle on Other Roadway","N","N","N","N"
8138411,"N","Y","Injury (Complaint of Pain)","N",2016,17.75,"Fall","N","N","Su","Y","N","Y","N","N","N","N","N","Daylight","Broadside","Pedestrian Violation","Other Motor Vehicle","N","N","N","N"
8138413,"N","Y","Injury (Complaint of Pain)","N",2016,16.4166666666667,"Fall","PM","N","Th","N","N","Y","N","N","N","N","N","Daylight","Rear End","Automobile Right of Way","Other Motor Vehicle","N","N","N","N"
8138430,"N","Y","PDO (property damage only)","N",2016,12,"Fall","N","N","Su","Y","N","Y","N","N","N","N","N","Daylight","Broadside","Pedestrian Violation","Other Motor Vehicle","N","N","N","N"
8138441,"N","Y","Injury (Complaint of Pain)","N",2016,14.5833333333333,"Fall","N","N","W","N","N","Y","N","N","N","N","N","Daylight","Broadside","Pedestrian Violation","Other Motor Vehicle","N","N","N","N"
8138442,"N","Y","Injury (Complaint of Pain)","N",2016,18.6666666666667,"Fall","PM","N","F","N","N","Y","N","N","N","N","N","Daylight","Sideswipe","Impeding Traffic","Other Motor Vehicle","N","N","N","N"
8138456,"N","Y","Injury (Complaint of Pain)","N",2016,18.1666666666667,"Fall","PM","N","Tu","N","N","Y","N","N","N","N","N","Daylight","Sideswipe","Automobile Right of Way","Other Motor Vehicle","N","N","N","N"
8138464,"N","Y","PDO (property damage only)","N",2016,17.0833333333333,"Fall","PM","N","M","N","N","Y","N","N","N","N","N","Daylight","Sideswipe","Unsafe Starting or Backing","Other Motor Vehicle","N","N","N","N"
8138474,"N","Y","Injury (Complaint of Pain)","N",2016,19.8333333333333,"Fall","N","N","Tu","Y","N","Y","N","N","N","N","N","Dark - Street Lights","Broadside","Pedestrian Violation","Other Motor Vehicle","N","N","N","N"
8138479,"N","Y","PDO (property damage only)","N",2016,16.9166666666667,"Summer","PM","N","M","N","N","Y","N","N","N","N","N","Daylight","Broadside","Pedestrian Violation","Other Motor Vehicle","N","N","N","N"
8138508,"N","Y","Injury (Complaint of Pain)","N",2016,10,"Summer","N","N","Th","Y","N","Y","N","N","N","N","N","Daylight","Broadside","Lights","Other Motor Vehicle","N","N","N","N"
8138545,"N","Y","PDO (property damage only)","N",2016,0.416666666666667,"Summer","N","Y","Su","N","N","Y","N","N","N","N","N","Dark - Street Lights","Rear End","Automobile Right of Way","Other Motor Vehicle","N","N","N","N"
8138557,"N","Y","PDO (property damage only)","N",2016,13.5,"Summer","N","N","Sa","N","N","Y","N","N","N","N","N","Daylight","Sideswipe","Impeding Traffic","Other Motor Vehicle","N","N","N","N"
8138570,"N","Y","PDO (property damage only)","N",2016,17.8333333333333,"Summer","PM","N","M","N","N","Y","N","N","N","N","N","Daylight","Broadside","Pedestrian Right of Way","Other Motor Vehicle","N","N","N","N"
8138572,"N","Y","Injury (Complaint of Pain)","N",2016,16.6666666666667,"Summer","PM","N","Th","Y","N","Y","N","N","N","N","N","Daylight","Broadside","Improper Turning","Other Motor Vehicle","N","N","N","N"
8138624,"N","Y","Injury (Complaint of Pain)","N",2016,11.3333333333333,"Summer","N","N","W","N","N","Y","N","N","N","N","N","Daylight","Sideswipe","Automobile Right of Way","Other Motor Vehicle","N","N","N","N"
8138760,"N","Y","Injury (Complaint of Pain)","N",2016,23.8833333333333,"Fall","N","Y","F","N","N","Y","N","N","N","N","N","Dark - Street Lights","Other","Improper Turning","Non-Collision","N","N","N","N"
8138970,"N","Y","Injury (Complaint of Pain)","N",2016,21.1666666666667,"Fall","N","N","M","Y","N","Y","N","N","N","N","N","Dark - Street Lights","Other","Pedestrian Violation","Non-Collision","N","N","N","N"
8139009,"N","Y","Injury (Complaint of Pain)","N",2016,6.91666666666667,"Fall","N","N","Tu","Y","N","Y","N","N","N","N","N","Daylight","Sideswipe","Unsafe Lane Change","Other Motor Vehicle","N","N","N","N"
8139033,"N","Y","Injury (Complaint of Pain)","N",2016,13.5833333333333,"Fall","N","N","Sa","N","N","Y","N","N","N","N","N","Daylight","Sideswipe","Wrong Side of Road","Other Motor Vehicle","N","N","N","N"
8139716,"N","Y","Injury (Complaint of Pain)","N",2016,19,"Summer","PM","N","W","Y","N","Y","N","N","N","N","N","Daylight","Head-On","Automobile Right of Way","Other Motor Vehicle","N","N","N","N"
8139756,"N","Y","Injury (Complaint of Pain)","N",2016,19.6666666666667,"Summer","N","N","Su","N","N","Y","N","N","N","N","N","Daylight","Other","Wrong Side of Road","Fixed Object","N","N","N","N"
8139804,"N","Y","Injury (Complaint of Pain)","N",2016,13.6666666666667,"Summer","N","N","F","N","N","Y","N","N","N","N","N","Daylight","Sideswipe","Improper Turning","Other Motor Vehicle","N","N","N","N"
8139879,"N","Y","PDO (property damage only)","N",2016,11.8333333333333,"Summer","N","N","Su","N","N","Y","N","N","N","N","N","Daylight","Hit Object","Wrong Side of Road","Fixed Object","N","N","N","N"
8140100,"N","Y","Injury (Complaint of Pain)","N",2016,10.3333333333333,"Summer","N","N","Su","Y","N","Y","N","N","N","N","N","Daylight","Broadside","Pedestrian Violation","Other Motor Vehicle","N","N","N","N"
8140108,"N","Y","Injury (Other Visible)","N",2016,22.9166666666667,"Summer","N","N","W","Y","N","Y","N","N","N","N","N","Dark - Street Lights","Broadside","Lights","Other Motor Vehicle","N","N","N","N"
8140125,"N","Y","Injury (Other Visible)","N",2016,20.75,"Summer","N","N","W","Y","N","Y","N","N","N","N","N","Dark - Street Lights","Head-On","Pedestrian Violation","Other Motor Vehicle","N","N","N","N"
8140157,"N","Y","Injury (Other Visible)","N",2016,14.25,"Summer","N","N","Su","N","N","Y","N","N","N","N","N","Daylight","Broadside","Pedestrian Violation","Other Motor Vehicle","N","N","N","N"
8140259,"N","Y","Injury (Other Visible)","N",2016,8.16666666666667,"Summer","AM","N","F","N","N","Y","N","N","N","N","N","Daylight","Hit Object","Wrong Side of Road","Parked Motor Vehicle","N","N","N","N"
8140264,"N","Y","PDO (property damage only)","N",2016,7.08333333333333,"Fall","AM","N","Tu","Y","N","Y","N","N","N","N","N","Daylight","Broadside","Impeding Traffic","Other Motor Vehicle","N","N","N","N"
8140275,"N","Y","Injury (Complaint of Pain)","N",2016,23.7,"Fall","N","Y","F","N","N","Y","N","N","N","N","N","Dark - Street Lights","Sideswipe","Wrong Side of Road","Parked Motor Vehicle","N","N","N","N"
8140314,"N","Y","Injury (Other Visible)","N",2016,19.8333333333333,"Summer","N","N","F","N","N","Y","N","N","N","N","N","Dark - Street Lights","Sideswipe","Pedestrian Right of Way","Other Motor Vehicle","N","N","N","N"
8140315,"N","Y","Injury (Complaint of Pain)","N",2016,11.8333333333333,"Fall","N","N","Sa","N","N","Y","N","N","N","N","N","Daylight","Broadside","Pedestrian Violation","Other Motor Vehicle","N","N","N","N"
8140377,"N","Y","Injury (Complaint of Pain)","N",2016,19,"Summer","N","N","Sa","N","N","Y","N","N","N","N","N","Dusk or Dawn","Overturned","Wrong Side of Road","Other Object","N","N","N","N"
8140393,"N","Y","Injury (Complaint of Pain)","N",2016,12.6666666666667,"Summer","N","N","Tu","N","N","N","Y","N","N","N","N","Daylight","Rear End","Wrong Side of Road","Other Motor Vehicle","N","N","N","N"
8141407,"N","Y","Injury (Other Visible)","N",2016,7.75,"Fall","AM","N","Th","Y","N","Y","N","N","N","N","N","Daylight","Broadside","Lights","Other Motor Vehicle","N","N","N","N"
8141605,"N","Y","Injury (Other Visible)","N",2016,18.5,"Summer","PM","N","M","N","N","Y","N","N","N","N","N","Dusk or Dawn","Other","Wrong Side of Road","Non-Collision","N","N","N","N"
8142257,"N","Y","Injury (Other Visible)","N",2016,17.0833333333333,"Fall","N","N","Su","N","N","N","Y","N","N","N","N","Daylight","Sideswipe","Pedestrian Right of Way","Other Motor Vehicle","N","N","N","N"
8142581,"N","Y","Injury (Other Visible)","N",2016,18.3333333333333,"Fall","PM","N","Tu","N","N","Y","N","N","N","N","N","Daylight","Vehicle/Pedestrian","Hazardous Parking","Pedestrian","N","N","Y","N"
8142585,"N","N","Injury (Complaint of Pain)","N",2016,17.5,"Fall","PM","N","F","Y","N","Y","N","N","N","N","N","Daylight","Broadside","Pedestrian Violation","Other Motor Vehicle","N","N","N","N"
8142629,"N","Y","PDO (property damage only)","N",2016,9.33333333333333,"Fall","N","N","F","Y","N","Y","N","N","N","N","N","Daylight","Other","Wrong Side of Road","Parked Motor Vehicle","Y","N","N","N"
8142633,"N","Y","Injury (Complaint of Pain)","N",2016,18.8833333333333,"Summer","PM","N","Tu","N","N","Y","N","N","N","N","N","Dark - Street Lights","Sideswipe","Impeding Traffic","Other Motor Vehicle","N","N","N","N"
8142637,"N","Y","Injury (Complaint of Pain)","N",2016,18.75,"Fall","PM","N","M","Y","N","Y","N","N","N","N","N","Daylight","Broadside","Pedestrian Violation","Other Motor Vehicle","N","N","N","N"
8142673,"N","Y","Injury (Other Visible)","N",2016,17,"Fall","PM","N","F","Y","N","Y","N","N","N","N","N","Daylight","Broadside","Lights","Other Motor Vehicle","N","N","N","N"
8143128,"N","Y","PDO (property damage only)","N",2016,1.25,"Summer","N","Y","Su","N","N","Y","N","N","N","N","N","Dark - Street Lights","Broadside","Unsafe Speed","Other Motor Vehicle","Y","N","N","N"
8143196,"N","Y","PDO (property damage only)","N",2016,20.1666666666667,"Fall","N","N","W","Y","N","Y","N","N","N","N","N","Dark - Street Lights","Broadside","Pedestrian Right of Way","Other Motor Vehicle","N","N","N","N"
8143268,"N","Y","Injury (Complaint of Pain)","N",2016,19.75,"Fall","N","N","Sa","Y","N","Y","N","N","N","N","N","Dark - Street Lights","Head-On","Pedestrian Violation","Other Motor Vehicle","N","N","N","N"
8143273,"N","Y","Injury (Other Visible)","N",2016,15.4166666666667,"Fall","PM","N","W","Y","N","Y","N","N","N","N","N","Daylight","Broadside","Pedestrian Violation","Other Motor Vehicle","N","N","N","N"
8143584,"N","Y","Injury (Complaint of Pain)","N",2016,18.5,"Fall","PM","N","Tu","Y","N","Y","N","N","N","N","N","Dusk or Dawn","Head-On","Pedestrian Right of Way","Other Motor Vehicle","N","N","N","N"
8143669,"N","Y","PDO (property damage only)","N",2016,17.0833333333333,"Fall","PM","N","F","N","N","Y","N","N","N","N","N","Daylight","Sideswipe","Pedestrian Violation","Other Motor Vehicle","N","N","N","N"
8143747,"N","Y","Injury (Other Visible)","N",2016,14,"Fall","N","N","Su","N","N","Y","N","N","N","N","N","Daylight","Broadside","Pedestrian Right of Way","Other Motor Vehicle","N","N","N","N"
8144340,"N","Y","Injury (Complaint of Pain)","N",2016,17.4166666666667,"Fall","N","N","Su","Y","N","Y","N","N","N","N","N","Dusk or Dawn","Broadside","Pedestrian Violation","Other Motor Vehicle","N","N","N","N"
8144795,"N","Y","Injury (Other Visible)","N",2016,17.75,"Summer","PM","N","F","Y","N","Y","N","N","N","N","N","Daylight","Sideswipe","Lights","Other Motor Vehicle","N","N","N","N"
8144867,"N","N","Fatal","Y",2016,11,"Fall","N","N","Tu","N","N","Y","N","N","N","N","N","Daylight","Sideswipe","Pedestrian Right of Way","Other Motor Vehicle","N","N","N","N"
8146544,"N","N","Injury (Other Visible)","N",2016,10.8333333333333,"Fall","N","N","Tu","N","N","Y","N","N","N","N","N","Dark - No Street Lights","Head-On","Pedestrian Violation","Other Motor Vehicle","N","N","N","N"
8146742,"N","N","Fatal","Y",2016,12.75,"Fall","N","N","F","N","N","Y","N","N","N","N","N","Daylight","Rear End","Unsafe Starting or Backing","Parked Motor Vehicle","N","N","N","N"
8146743,"N","Y","Injury (Complaint of Pain)","N",2016,17.1666666666667,"Fall","N","N","Su","N","N","Y","N","N","N","N","N","Daylight","Other","Pedestrian Right of Way","Other Object","N","N","N","N"
8146805,"N","Y","PDO (property damage only)","N",2016,23.4166666666667,"Summer","N","Y","M","N","N","Y","N","N","N","N","N","Dark - Street Lights","Rear End","Wrong Side of Road","Other Motor Vehicle","N","N","N","N"
8146865,"N","Y","Injury (Complaint of Pain)","N",2016,14.5,"Fall","N","N","F","N","N","Y","N","N","N","N","N","Daylight","Rear End","Wrong Side of Road","Other Motor Vehicle","N","N","N","N"
8146965,"N","Y","Injury (Other Visible)","N",2016,15,"Fall","PM","N","Tu","Y","N","Y","N","N","N","N","N","Daylight","Head-On","Impeding Traffic","Other Motor Vehicle","N","N","N","N"
8147021,"N","Y","Injury (Complaint of Pain)","N",2016,15.8333333333333,"Fall","N","N","Sa","Y","N","Y","N","N","N","N","N","Daylight","Broadside","Pedestrian Violation","Other Motor Vehicle","N","N","N","N"
8147340,"N","Y","Injury (Other Visible)","N",2016,14,"Fall","N","N","M","N","N","Y","N","N","N","N","N","Daylight","Broadside","Pedestrian Violation","Other Motor Vehicle","N","N","N","N"
8147368,"N","Y","PDO (property damage only)","N",2016,16.0833333333333,"Fall","PM","N","Tu","N","N","Y","N","N","N","N","N","Daylight","Sideswipe","Improper Turning","Other Motor Vehicle","N","N","N","N"
8147369,"N","Y","PDO (property damage only)","N",2016,21.25,"Fall","N","N","Sa","N","N","Y","N","N","N","N","N","Daylight","Other","Unsafe Lane Change","Other Motor Vehicle","N","N","N","N"
8147370,"N","Y","Injury (Other Visible)","N",2016,7.5,"Fall","AM","N","F","N","N","Y","N","N","N","N","N","Daylight","Sideswipe","Automobile Right of Way","Other Motor Vehicle","N","N","N","N"
8147385,"N","N","Injury (Complaint of Pain)","N",2016,11.6666666666667,"Summer","N","N","M","Y","N","Y","N","N","N","N","N","Daylight","Broadside","Lights","Other Motor Vehicle","N","N","N","N"
8147390,"N","Y","Injury (Complaint of Pain)","N",2016,18.5,"Summer","N","N","Sa","N","N","Y","N","N","N","N","N","Daylight","Other","Other Improper Driving","Non-Collision","N","N","N","N"
8147401,"N","N","Injury (Complaint of Pain)","N",2016,15,"Fall","N","N","Sa","N","N","Y","N","N","N","N","N","Daylight","Sideswipe","Impeding Traffic","Other Motor Vehicle","N","N","N","N"
8147480,"N","Y","Injury (Complaint of Pain)","N",2016,18.6666666666667,"Summer","PM","N","F","N","N","Y","N","N","N","N","N","Daylight","Broadside","Pedestrian Violation","Motor Vehicle on Other Roadway","N","N","N","N"
8147516,"N","Y","Injury (Complaint of Pain)","N",2016,16.25,"Summer","PM","N","Tu","Y","N","Y","N","N","N","N","N","Daylight","Sideswipe","Pedestrian Violation","Motor Vehicle on Other Roadway","N","N","N","N"
8147596,"N","Y","PDO (property damage only)","N",2016,23.8333333333333,"Fall","N","Y","Th","N","N","Y","N","N","N","N","N","Dark - Street Lights","Rear End","Unsafe Speed","Other Motor Vehicle","Y","N","N","N"
8147770,"N","Y","Injury (Other Visible)","N",2016,6.25,"Summer","N","N","W","N","N","Y","N","N","N","N","N","Daylight","Broadside","Pedestrian Right of Way","Other Motor Vehicle","N","N","N","N"
8147782,"N","Y","Injury (Complaint of Pain)","N",2016,13.6666666666667,"Summer","N","N","F","N","Y","Y","N","N","N","N","N","Daylight","Sideswipe","Lights","Other Motor Vehicle","N","N","N","N"
8147839,"N","Y","PDO (property damage only)","N",2016,18.9166666666667,"Summer","PM","N","Th","N","N","N","Y","N","N","N","N","Dark - Street Lights","Broadside","Pedestrian Right of Way","Other Motor Vehicle","N","N","N","N"
8147956,"N","Y","Injury (Complaint of Pain)","N",2016,11.6666666666667,"Summer","N","N","W","N","N","Y","N","N","N","N","N","Daylight","Broadside","Pedestrian Violation","Other Motor Vehicle","N","N","N","N"
8148046,"N","Y","Injury (Complaint of Pain)","N",2016,2.66666666666667,"Summer","N","Y","Th","N","N","Y","N","N","N","N","N","Dark - Street Lights","Sideswipe","Wrong Side of Road","Other Motor Vehicle","N","N","N","N"
8148129,"N","Y","Injury (Complaint of Pain)","N",2016,11.8333333333333,"Fall","N","N","Sa","N","N","Y","N","N","N","N","N","Daylight","Sideswipe","Improper Turning","Other Motor Vehicle","N","N","N","N"
8148142,"N","Y","PDO (property damage only)","N",2016,14.6666666666667,"Summer","N","N","Tu","N","N","Y","N","N","N","N","N","Daylight","Broadside","Pedestrian Right of Way","Other Motor Vehicle","N","N","N","N"
8148143,"N","Y","Injury (Complaint of Pain)","N",2016,15.5833333333333,"Fall","PM","N","F","N","N","Y","N","N","N","N","N","Daylight","Broadside","Pedestrian Right of Way","Other Motor Vehicle","N","N","N","N"
8148146,"N","Y","Injury (Complaint of Pain)","N",2016,8.33333333333333,"Summer","AM","N","Th","N","N","Y","N","N","N","N","N","Daylight","Rear End","Lights","Other Motor Vehicle","N","N","N","N"