"CASE_ID","mc_killed","mc_injured","collision_severity","severe","accident_year","hours_since_midnight","season","rush_hour","late_night","day_of_week","intersection","state_hwy_ind","w_clear","w_cloudy","w_rainy","w_other","road_not_dry","road_condition_issue","lighting","type_of_collision","pcf_viol_category","mviw","alcohol_involved","truck_accident","pedestrian_accident","bicycle_accident"
8174455,"N","Y","Injury (Other Visible)","N",2016,19.6666666666667,"Fall","N","N","W","N","N","Y","N","N","N","N","N","Dark - Street Lights","Broadside","Pedestrian Violation","Other Motor Vehicle","N","N","N","N"
8174484,"N","Y","Injury (Other Visible)","N",2016,23.5,"Fall","N","Y","W","N","N","Y","N","N","N","N","N","Dark - Street Lights","Broadside","Pedestrian Violation","Other Motor Vehicle","N","N","N","N"
8174525,"N","Y","Injury (Complaint of Pain)","N",2016,19.4166666666667,"Fall","N","N","W","N","N","Y","N","N","N","N","N","Dark - Street Lights","Sideswipe","Pedestrian Violation","Other Motor Vehicle","N","N","N","N"
8174536,"N","Y","Injury (Other Visible)","N",2016,14.5,"Fall","N","N","Tu","Y","N","Y","N","N","N","N","N","Daylight","Head-On","Wrong Side of Road","Other Motor Vehicle","N","N","N","N"
8174546,"N","Y","PDO (property damage only)","N",2016,11,"Fall","N","N","W","N","N","Y","N","N","N","N","N","Daylight","Rear End","Wrong Side of Road","Other Motor Vehicle","N","N","N","N"
8174562,"N","Y","Injury (Complaint of Pain)","N",2016,20.25,"Fall","N","N","M","Y","N","Y","N","N","N","N","N","Dark - Street Lights","Broadside","Pedestrian Violation","Other Motor Vehicle","N","N","N","N"
8174563,"N","Y","PDO (property damage only)","N",2016,17.25,"Fall","PM","N","Th","Y","N","Y","N","N","N","N","N","Daylight","Head-On","Pedestrian Violation","Other Motor Vehicle","N","N","N","N"
8174571,"N","Y","Injury (Other Visible)","N",2016,19,"Fall","PM","N","Th","N","N","Y","N","N","N","N","N","Dark - Street Lights","Broadside","Pedestrian Violation","Other Motor Vehicle","N","N","N","N"
8174584,"N","Y","Injury (Complaint of Pain)","N",2016,10.75,"Fall","N","N","Su","N","N","Y","N","N","N","N","N","Daylight","Sideswipe","Impeding Traffic","Other Motor Vehicle","N","N","N","N"
8174586,"N","Y","Injury (Other Visible)","N",2016,19.4166666666667,"Fall","N","N","F","Y","N","Y","N","N","N","N","N","Dark - Street Lights","Broadside","Pedestrian Violation","Other Motor Vehicle","N","N","N","N"
8174594,"N","Y","PDO (property damage only)","N",2016,10.5,"Fall","N","N","F","Y","N","Y","N","N","N","N","N","Daylight","Sideswipe","Wrong Side of Road","Other Motor Vehicle","N","N","N","N"
8174601,"N","N","Injury (Complaint of Pain)","N",2016,0.166666666666667,"Fall","N","Y","M","N","N","N","Y","N","N","N","N","Dark - Street Lights","Broadside","Wrong Side of Road","Parked Motor Vehicle","N","N","N","N"
8174607,"N","Y","PDO (property damage only)","N",2016,16.5833333333333,"Fall","PM","N","Tu","Y","N","Y","N","N","N","N","N","Daylight","Broadside","Pedestrian Violation","Motor Vehicle on Other Roadway","N","N","N","N"
8174619,"N","Y","PDO (property damage only)","N",2016,9.58333333333333,"Fall","N","N","Th","Y","N","Y","N","N","N","N","N","Daylight","Broadside","Pedestrian Violation","Other Motor Vehicle","N","N","N","N"
8174793,"N","N","Fatal","Y",2016,12.5,"Fall","N","N","Th","Y","N","Y","N","N","N","N","N","Daylight","Sideswipe","Automobile Right of Way","Other Motor Vehicle","N","N","N","N"
8175166,"N","Y","PDO (property damage only)","N",2016,18,"Fall","PM","N","M","N","N","Y","N","N","N","N","N","Dark - Street Lights","Broadside","Unsafe Lane Change","Other Motor Vehicle","N","N","N","N"
8175474,"N","Y","Injury (Other Visible)","N",2016,14,"Fall","N","N","W","Y","N","Y","N","N","N","N","N","Daylight","Broadside","Wrong Side of Road","Other Motor Vehicle","N","N","N","N"
8175537,"N","Y","Injury (Complaint of Pain)","N",2016,23.5,"Fall","N","Y","Sa","N","N","Y","N","N","N","N","N","Dark - Street Lights","Broadside","Pedestrian Violation","Other Motor Vehicle","N","N","N","N"
8175557,"N","Y","Injury (Complaint of Pain)","N",2016,14.75,"Fall","N","N","Sa","N","N","Y","N","N","N","N","N","Daylight","Head-On","Pedestrian Violation","Other Motor Vehicle","N","N","N","N"
8176666,"N","N","PDO (property damage only)","N",2016,12.4166666666667,"Fall","N","N","Tu","Y","N","Y","N","N","N","N","N","Daylight","Broadside","Code 19","Bicycle","N","N","N","Y"
8176678,"N","Y","PDO (property damage only)","N",2016,3.75,"Fall","N","Y","Tu","N","N","Y","N","N","N","N","Y","Dark - Street Lights","Rear End","Improper Passing","Other Motor Vehicle","N","N","N","N"
8177220,"N","Y","Injury (Other Visible)","N",2016,18.8333333333333,"Fall","N","N","Sa","N","N","Y","N","N","N","N","N","Dark - Street Lights","Broadside","Pedestrian Violation","Other Motor Vehicle","N","N","N","N"
8177365,"N","Y","Injury (Other Visible)","N",2016,18.25,"Fall","PM","N","Th","N","N","Y","N","N","N","N","N","Dark - Street Lights","Broadside","Pedestrian Right of Way","Other Motor Vehicle","N","N","N","N"
8180254,"N","Y","Injury (Complaint of Pain)","N",2016,11.1666666666667,"Fall","N","N","Sa","Y","N","Y","N","N","N","N","N","Daylight","Rear End","Lights","Other Motor Vehicle","N","N","N","N"
8180885,"N","N","Injury (Complaint of Pain)","N",2016,6.16666666666667,"Fall","N","N","W","N","N","Y","N","N","N","N","N","Daylight","Sideswipe","Wrong Side of Road","Parked Motor Vehicle","N","N","N","N"
8180904,"N","Y","Injury (Complaint of Pain)","N",2016,9,"Fall","AM","N","M","N","N","Y","N","N","N","N","N","Daylight","Broadside","Pedestrian Violation","Bicycle","N","N","N","N"
8180925,"N","Y","PDO (property damage only)","N",2016,21.2833333333333,"Fall","N","N","F","Y","N","Y","N","N","N","N","N","Dark - Street Lights","Broadside","Lights","Other Motor Vehicle","N","N","N","N"
8180939,"N","Y","Injury (Other Visible)","N",2016,2.75,"Fall","N","Y","W","Y","N","Y","N","N","N","N","N","Daylight","Broadside","Lights","Other Motor Vehicle","N","N","N","N"
8180943,"N","N","PDO (property damage only)","N",2016,16.25,"Fall","PM","N","F","N","N","Y","N","N","N","N","N","Daylight","Rear End","Unsafe Speed","Other Motor Vehicle","N","N","N","N"
8180957,"N","N","Injury (Complaint of Pain)","N",2016,11.25,"Fall","N","N","M","Y","N","Y","N","N","N","N","N","Daylight","Head-On","Pedestrian Violation","Other Motor Vehicle","N","N","N","N"
8181010,"N","Y","Injury (Complaint of Pain)","N",2016,17.75,"Fall","PM","N","M","N","N","Y","N","N","N","N","Y","Daylight","Sideswipe","Impeding Traffic","Other Motor Vehicle","N","N","N","N"
8181689,"N","Y","PDO (property damage only)","N",2016,13.1666666666667,"Fall","N","N","M","Y","N","Y","N","N","N","N","N","Daylight","Broadside","Pedestrian Violation","Other Motor Vehicle","N","N","N","N"
8181820,"N","N","Fatal","Y",2016,8.66666666666667,"Fall","AM","N","F","N","N","Y","N","N","N","N","N","Daylight","Sideswipe","Pedestrian Right of Way","Parked Motor Vehicle","N","N","N","N"
8181859,"N","Y","PDO (property damage only)","N",2016,16.8333333333333,"Fall","PM","N","W","N","N","Y","N","N","N","N","N","Dark - Street Lights","Sideswipe","Automobile Right of Way","Other Motor Vehicle","N","N","N","N"
8181863,"N","Y","Injury (Other Visible)","N",2016,22.8333333333333,"Fall","N","N","W","N","N","Y","N","N","N","N","N","Dark - Street Lights","Broadside","Pedestrian Violation","Other Motor Vehicle","N","N","N","N"
8181867,"N","Y","Injury (Other Visible)","N",2016,18.3333333333333,"Fall","PM","N","Th","Y","N","Y","N","N","N","N","N","Daylight","Sideswipe","Pedestrian Violation","Other Motor Vehicle","N","N","N","N"
8181871,"N","Y","Injury (Other Visible)","N",2016,19.2,"Fall","N","N","Th","N","N","Y","N","N","N","N","N","Dark - Street Lights","Sideswipe","Improper Turning","Other Motor Vehicle","N","N","N","N"
8181920,"N","Y","Injury (Other Visible)","N",2016,17.1666666666667,"Fall","PM","N","F","Y","N","Y","N","N","N","N","N","Daylight","Rear End","Wrong Side of Road","Parked Motor Vehicle","N","N","N","N"
8181973,"N","Y","Injury (Other Visible)","N",2016,17.3333333333333,"Fall","PM","N","F","N","N","Y","N","N","N","N","N","Dark - Street Lights","Sideswipe","Automobile Right of Way","Other Motor Vehicle","N","N","N","N"
8182004,"N","Y","Injury (Complaint of Pain)","N",2016,9.78333333333333,"Fall","N","N","Sa","Y","N","Y","N","N","N","N","N","Daylight","Rear End","Lights","Motor Vehicle on Other Roadway","N","N","N","N"
8182020,"N","Y","Injury (Other Visible)","N",2016,19.25,"Fall","N","N","Tu","Y","N","Y","N","N","N","N","N","Dark - Street Lights","Head-On","Pedestrian Violation","Motor Vehicle on Other Roadway","N","N","N","N"
8182076,"N","Y","PDO (property damage only)","N",2016,12.6666666666667,"Fall","N","N","M","N","N","Y","N","N","N","N","N","Daylight","Broadside","Pedestrian Violation","Other Motor Vehicle","N","N","N","N"
8182084,"N","N","Injury (Complaint of Pain)","N",2016,10.5,"Fall","N","N","Sa","N","N","Y","N","N","N","N","N","Daylight","Rear End","Pedestrian Right of Way","Motor Vehicle on Other Roadway","N","N","N","N"
8182120,"N","Y","PDO (property damage only)","N",2016,15.0833333333333,"Fall","PM","N","M","N","N","Y","N","N","N","N","N","Daylight","Rear End","Wrong Side of Road","Other Object","N","N","N","N"
8182156,"N","Y","Injury (Other Visible)","N",2016,23.6666666666667,"Fall","N","Y","Sa","Y","N","Y","N","N","N","N","N","Dark - Street Lights","Broadside","Pedestrian Violation","Other Motor Vehicle","N","N","N","N"
8182592,"N","Y","Injury (Other Visible)","N",2016,20,"Fall","N","N","M","N","N","Y","N","N","N","N","N","Daylight","Broadside","Unsafe Starting or Backing","Other Motor Vehicle","N","N","N","N"
8182612,"N","Y","Injury (Other Visible)","N",2016,22,"Fall","N","N","M","N","N","Y","N","N","N","N","N","Daylight","Broadside","Unsafe Starting or Backing","Other Motor Vehicle","N","N","N","N"
8182676,"N","N","Fatal","Y",2016,3.83333333333333,"Fall","N","Y","Su","Y","N","N","Y","N","N","N","N","Dark - Street Lights","Broadside","Automobile Right of Way","Other Motor Vehicle","N","N","N","N"
8182967,"N","Y","Injury (Complaint of Pain)","N",2016,10.75,"Fall","N","N","Tu","N","N","N","Y","N","N","N","N","Daylight","Other","Driving or Bicycling Under the Influence of Alcohol or Drug","Other Object","N","N","N","N"
8183036,"N","Y","PDO (property damage only)","N",2016,13.6666666666667,"Fall","N","N","Tu","N","N","Y","N","N","N","N","N","Daylight","Broadside","Pedestrian Violation","Other Motor Vehicle","N","N","N","N"
8183075,"N","Y","PDO (property damage only)","N",2016,17.4166666666667,"Fall","PM","N","M","Y","N","Y","N","N","N","N","N","Dark - Street Lights","Sideswipe","Improper Turning","Motor Vehicle on Other Roadway","N","N","N","N"
8183120,"N","Y","Injury (Complaint of Pain)","N",2016,17.3333333333333,"Fall","PM","N","Tu","Y","N","Y","N","N","N","N","N","Dark - Street Lights","Broadside","Pedestrian Violation","Other Motor Vehicle","N","N","N","N"
8183188,"N","N","Fatal","Y",2016,7.91666666666667,"Fall","AM","N","Tu","N","N","Y","N","N","N","N","N","Daylight","Other","Wrong Side of Road","Other Object","N","N","N","N"
8184482,"N","Y","Injury (Complaint of Pain)","N",2016,13.3,"Fall","N","N","Th","N","N","N","Y","N","N","N","N","Daylight","Other","Pedestrian Right of Way","Non-Collision","N","N","N","N"
8184489,"N","N","Fatal","Y",2016,25,"Fall","N","Y","F","N","N","Y","N","N","N","N","N","Daylight","Rear End","Unsafe Starting or Backing","Other Motor Vehicle","N","N","N","N"
8184506,"N","Y","Injury (Complaint of Pain)","N",2016,18.3333333333333,"Fall","PM","N","F","Y","N","Y","N","N","N","N","N","Dark - Street Lights","Head-On","Pedestrian Violation","Other Motor Vehicle","N","N","N","N"
8184538,"N","Y","Injury (Complaint of Pain)","N",2016,6.66666666666667,"Fall","N","N","F","N","N","Y","N","N","N","N","N","Dusk or Dawn","Sideswipe","Pedestrian Right of Way","Other Motor Vehicle","N","N","N","N"
8184574,"N","Y","Injury (Complaint of Pain)","N",2016,11.25,"Fall","N","N","W","N","N","Y","N","N","N","N","N","Daylight","Sideswipe","Impeding Traffic","Other Motor Vehicle","N","N","N","N"
8184619,"N","Y","Injury (Other Visible)","N",2016,18.6666666666667,"Fall","PM","N","Tu","Y","N","Y","N","N","N","N","N","Dark - Street Lights","Sideswipe","Pedestrian Violation","Other Motor Vehicle","N","N","N","N"
8184705,"N","N","Fatal","Y",2016,17.5,"Fall","PM","N","W","N","N","Y","N","N","N","N","N","Dusk or Dawn","Broadside","Unsafe Starting or Backing","Parked Motor Vehicle","N","N","N","N"
8184877,"N","Y","Injury (Complaint of Pain)","N",2016,19.5,"Fall","N","N","W","N","N","Y","N","N","N","N","N","Daylight","Sideswipe","Pedestrian Right of Way","Other Motor Vehicle","N","N","N","N"
8184897,"N","Y","PDO (property damage only)","N",2016,18.75,"Fall","PM","N","W","N","N","Y","N","N","N","N","N","Dark - Street Lights","Broadside","Pedestrian Right of Way","Other Motor Vehicle","N","N","N","N"
8185090,"N","Y","Injury (Complaint of Pain)","N",2016,15,"Fall","PM","N","F","N","N","Y","N","N","N","N","N","Daylight","Rear End","Unsafe Starting or Backing","Other Motor Vehicle","N","N","N","N"
8185116,"N","Y","Injury (Complaint of Pain)","N",2016,13.6666666666667,"Fall","N","N","F","Y","N","Y","N","N","N","N","N","Daylight","Broadside","Lights","Other Motor Vehicle","N","N","N","N"
8185199,"N","Y","Injury (Complaint of Pain)","N",2016,10.25,"Fall","N","N","W","N","N","Y","N","N","N","N","N","Daylight","Broadside","Impeding Traffic","Other Motor Vehicle","N","N","N","N"
8185211,"N","N","Fatal","Y",2016,10.25,"Fall","N","N","M","N","N","N","N","Y","N","Y","N","Daylight","Rear End","Wrong Side of Road","Other Motor Vehicle","N","N","N","N"
8185494,"N","Y","PDO (property damage only)","N",2016,19.5,"Fall","N","N","F","Y","N","Y","N","N","N","N","Y","Dark - Street Lights","Broadside","Pedestrian Violation","Other Motor Vehicle","N","N","N","N"
8185555,"N","N","Fatal","Y",2016,20.1666666666667,"Fall","N","N","M","N","N","Y","N","N","N","N","N","Daylight","Rear End","Pedestrian Violation","Other Motor Vehicle","N","N","N","N"
8185579,"N","N","Fatal","Y",2016,22.75,"Fall","N","N","F","N","N","Y","N","N","N","N","N","Daylight","Head-On","Unsafe Speed","Parked Motor Vehicle","Y","N","N","N"
8186502,"N","Y","Injury (Complaint of Pain)","N",2016,6.5,"Fall","N","N","W","N","N","Y","N","N","N","N","N","Dusk or Dawn","Rear End","Wrong Side of Road","Parked Motor Vehicle","N","N","Y","N"
8186560,"N","Y","PDO (property damage only)","N",2016,17,"Fall","PM","N","W","Y","N","Y","N","N","N","N","N","Dusk or Dawn","Head-On","Pedestrian Violation","Other Motor Vehicle","N","N","N","N"
8186709,"N","N","PDO (property damage only)","N",2016,12.5,"Fall","N","N","Tu","N","N","Y","N","N","N","N","N","Daylight","Sideswipe","Pedestrian Right of Way","Other Motor Vehicle","N","N","N","N"
8186737,"N","Y","Injury (Other Visible)","N",2016,18.25,"Fall","PM","N","Tu","N","N","Y","N","N","N","N","N","Dark - Street Lights","Head-On","Pedestrian Violation","Other Motor Vehicle","N","N","N","N"
8186821,"N","N","Fatal","Y",2016,19.5,"Fall","N","N","Sa","N","N","Y","N","N","N","N","N","Dark - Street Lights","Hit Object","Wrong Side of Road","Fixed Object","N","N","N","N"
8186853,"N","N","Fatal","Y",2016,5.08333333333333,"Fall","N","N","Su","N","N","Y","N","N","N","N","N","Daylight","Sideswipe","Wrong Side of Road","Parked Motor Vehicle","N","N","N","N"
8186982,"N","Y","Injury (Other Visible)","N",2016,10.8833333333333,"Fall","N","N","Tu","N","N","Y","N","N","N","N","N","Daylight","Broadside","Pedestrian Violation","Other Motor Vehicle","N","N","N","N"
8187242,"N","Y","Injury (Other Visible)","N",2016,18.6666666666667,"Fall","PM","N","Th","N","N","Y","N","N","N","N","N","Dark - Street Lights","Vehicle/Pedestrian","Unsafe Speed","Pedestrian","Y","N","Y","N"
8187395,"N","Y","Injury (Complaint of Pain)","N",2016,7.91666666666667,"Fall","AM","N","M","N","N","N","Y","N","N","N","N","Daylight","Sideswipe","Automobile Right of Way","Other Motor Vehicle","N","Y","N","N"
8187463,"N","Y","Injury (Complaint of Pain)","N",2016,18,"Fall","N","N","Sa","Y","N","Y","N","N","N","N","N","Daylight","Broadside","Lights","Other Motor Vehicle","N","N","N","N"
8187485,"N","Y","PDO (property damage only)","N",2016,12,"Fall","N","N","Th","N","N","Y","N","N","N","N","N","Daylight","Other","Wrong Side of Road","Non-Collision","N","N","N","N"
8187516,"N","Y","Injury (Other Visible)","N",2016,21.25,"Fall","N","N","M","N","N","Y","N","N","N","N","N","Dark - Street Lights","Broadside","Pedestrian Right of Way","Other Motor Vehicle","N","N","N","N"
8187531,"N","N","Injury (Complaint of Pain)","N",2016,16.5833333333333,"Fall","PM","N","Tu","Y","N","Y","N","N","N","N","N","Daylight","Broadside","Pedestrian Violation","Other Motor Vehicle","N","N","N","N"
8187543,"N","Y","Injury (Complaint of Pain)","N",2016,12.5,"Fall","N","N","M","Y","N","Y","N","N","N","N","N","Daylight","Head-On","Pedestrian Violation","Other Motor Vehicle","N","N","N","N"
8187596,"N","Y","PDO (property damage only)","N",2016,22.25,"Fall","N","N","Th","Y","N","Y","N","N","N","N","N","Dark - Street Lights","Head-On","Pedestrian Violation","Other Motor Vehicle","N","N","N","N"
8187767,"N","Y","PDO (property damage only)","N",2016,1.58333333333333,"Fall","N","Y","Sa","N","N","Y","N","N","N","N","N","Dark - Street Lights","Rear End","Improper Passing","Other Motor Vehicle","N","N","N","N"
8190631,"N","Y","PDO (property damage only)","N",2016,13.3333333333333,"Spring","N","N","M","Y","N","Y","N","N","N","N","N","Daylight","Sideswipe","Pedestrian Violation","Other Motor Vehicle","N","N","N","N"
8193865,"N","Y","PDO (property damage only)","N",2016,12.9166666666667,"Summer","N","N","F","Y","N","Y","N","N","N","N","N","Daylight","Other","Pedestrian Violation","Non-Collision","N","N","N","N"
8194282,"N","Y","Injury (Complaint of Pain)","N",2016,14.8333333333333,"Fall","N","N","Tu","N","N","Y","N","N","N","N","N","Daylight","Sideswipe","Automobile Right of Way","Other Motor Vehicle","N","N","N","N"
8195043,"N","Y","Injury (Complaint of Pain)","N",2016,7.58333333333333,"Fall","AM","N","Th","N","N","Y","N","N","N","N","N","Daylight","Other","Code 19","Other Motor Vehicle","N","N","N","N"
8195070,"N","Y","PDO (property damage only)","N",2016,9.33333333333333,"Fall","N","N","Sa","Y","N","Y","N","N","N","N","N","Daylight","Sideswipe","Improper Turning","Other Motor Vehicle","N","N","N","N"
8195353,"N","Y","PDO (property damage only)","N",2016,7.88333333333333,"Fall","AM","N","M","N","Y","N","Y","N","N","N","N","Daylight","Sideswipe","Impeding Traffic","Other Motor Vehicle","N","N","N","N"
8196222,"N","Y","PDO (property damage only)","N",2016,20.3333333333333,"Fall","N","N","F","Y","N","Y","N","N","N","N","N","Dark - Street Lights","Head-On","Pedestrian Violation","Other Object","N","N","N","N"
8196226,"N","Y","PDO (property damage only)","N",2016,16.75,"Fall","N","N","Su","Y","N","Y","N","N","N","N","N","Dark - Street Lights","Broadside","Pedestrian Violation","Other Motor Vehicle","N","N","N","N"
8196245,"N","N","PDO (property damage only)","N",2016,9.41666666666667,"Fall","N","N","F","N","N","N","Y","Y","N","Y","N","Daylight","Broadside","Wrong Side of Road","Parked Motor Vehicle","N","N","N","N"
8196247,"N","Y","Injury (Complaint of Pain)","N",2016,12.9166666666667,"Fall","N","N","Th","Y","N","Y","N","N","N","N","N","Daylight","Other","Pedestrian Violation","Other Object","N","N","N","N"
8196249,"N","N","Injury (Complaint of Pain)","N",2016,16.3333333333333,"Fall","N","N","Sa","N","N","Y","N","N","N","N","N","Daylight","Head-On","Pedestrian Right of Way","Other Motor Vehicle","N","N","N","N"
8196316,"N","N","Injury (Complaint of Pain)","N",2016,21.3333333333333,"Fall","N","N","Th","N","N","Y","N","N","N","N","N","Dark - Street Lights","Sideswipe","Unsafe Speed","Parked Motor Vehicle","Y","N","N","N"
8196435,"N","N","Fatal","Y",2016,10.75,"Fall","N","N","Tu","Y","N","Y","N","N","N","N","N","Daylight","Other","Unsafe Starting or Backing","Parked Motor Vehicle","N","N","N","N"
8196598,"N","Y","PDO (property damage only)","N",2016,17,"Fall","PM","N","W","Y","N","Y","N","N","N","N","N","Dark - Street Lights","Head-On","Pedestrian Violation","Other Motor Vehicle","N","N","N","N"
8196657,"N","Y","PDO (property damage only)","N",2016,19.5,"Fall","N","N","F","Y","N","Y","N","N","N","N","N","Dusk or Dawn","Broadside","Pedestrian Right of Way","Other Motor Vehicle","N","N","N","N"
8196677,"N","Y","Injury (Complaint of Pain)","N",2016,7.41666666666667,"Fall","AM","N","Th","N","N","Y","N","N","N","N","N","Daylight","Broadside","Pedestrian Right of Way","Other Motor Vehicle","N","N","N","N"
8196680,"N","Y","PDO (property damage only)","N",2016,8.5,"Fall","AM","N","Tu","N","N","Y","N","N","N","N","N","Daylight","Rear End","Pedestrian Right of Way","Other Motor Vehicle","N","N","N","N"
8196684,"N","Y","Injury (Other Visible)","N",2016,12.8833333333333,"Fall","N","N","Tu","Y","N","Y","N","N","N","N","N","Daylight","Head-On","Lights","Other Motor Vehicle","N","N","N","N"
8196685,"N","Y","Injury (Complaint of Pain)","N",2016,12.8333333333333,"Fall","N","N","M","N","N","Y","N","N","N","N","N","Daylight","Other","Unsafe Starting or Backing","Other Motor Vehicle","N","N","N","N"
8196726,"N","Y","PDO (property damage only)","N",2016,9.5,"Fall","N","N","M","N","N","Y","N","N","N","N","N","Daylight","Sideswipe","Automobile Right of Way","Other Motor Vehicle","N","N","N","N"
8196754,"N","Y","PDO (property damage only)","N",2016,19,"Fall","PM","N","Th","N","N","Y","N","N","N","N","N","Dark - Street Lights","Sideswipe","Automobile Right of Way","Other Motor Vehicle","N","N","N","N"
8196771,"N","Y","Injury (Complaint of Pain)","N",2016,17.9166666666667,"Fall","N","N","Sa","N","N","Y","N","N","N","N","N","Dusk or Dawn","Broadside","Impeding Traffic","Other Motor Vehicle","N","N","N","N"
8196777,"N","Y","Injury (Complaint of Pain)","N",2016,13.0833333333333,"Fall","N","N","Su","N","N","Y","N","N","N","N","N","Daylight","Rear End","Improper Passing","Other Motor Vehicle","N","N","N","N"
8196785,"N","Y","Injury (Other Visible)","N",2016,10.5,"Fall","N","N","Th","N","N","Y","N","N","N","N","N","Daylight","Broadside","Pedestrian Violation","Other Motor Vehicle","N","N","N","N"
8196794,"N","Y","Injury (Complaint of Pain)","N",2016,20.5833333333333,"Fall","N","N","Sa","N","N","Y","N","N","N","N","N","Dark - Street Lights","Sideswipe","Code 20","Other Motor Vehicle","N","N","N","N"
8196817,"N","N","Fatal","Y",2016,19,"Fall","N","N","Sa","N","N","Y","N","N","N","N","N","Dark - Street Lights","Rear End","Wrong Side of Road","Parked Motor Vehicle","N","N","N","N"
8196888,"N","N","Fatal","Y",2016,10.65,"Fall","N","N","M","N","N","Y","N","N","N","N","N","Daylight","Rear End","Other Improper Driving","Parked Motor Vehicle","N","N","N","N"
8197043,"N","Y","Injury (Complaint of Pain)","N",2016,17.9166666666667,"Winter","N","N","Su","Y","N","Y","N","N","N","N","N","Dark - Street Lights","Broadside","Pedestrian Violation","Other Motor Vehicle","N","N","N","N"
8197788,"N","Y","Injury (Other Visible)","N",2016,15.75,"Fall","PM","N","W","Y","N","Y","N","N","N","N","N","Daylight","Broadside","Pedestrian Violation","Other Motor Vehicle","N","N","N","N"
8197935,"N","Y","Injury (Complaint of Pain)","N",2016,21.5833333333333,"Fall","N","N","Th","N","N","Y","N","N","N","N","N","Dark - Street Lights","Broadside","Pedestrian Violation","Other Motor Vehicle","N","N","N","N"
8197963,"N","N","Injury (Other Visible)","N",2016,8.75,"Fall","AM","N","Tu","Y","N","Y","N","N","N","N","N","Daylight","Broadside","Wrong Side of Road","Parked Motor Vehicle","N","N","N","N"
8198751,"N","Y","Injury (Complaint of Pain)","N",2016,17,"Fall","PM","N","W","N","Y","Y","N","N","N","N","N","Daylight","Sideswipe","Pedestrian Violation","Other Motor Vehicle","N","N","N","N"
8198990,"N","Y","Injury (Other Visible)","N",2016,13.6666666666667,"Fall","N","N","F","N","N","Y","N","N","N","N","N","Daylight","Rear End","Wrong Side of Road","Motor Vehicle on Other Roadway","N","N","N","N"
8199842,"N","N","PDO (property damage only)","N",2016,17,"Fall","PM","N","M","N","N","Y","N","N","N","N","N","Dark - Street Lights","Sideswipe","Automobile Right of Way","Other Motor Vehicle","N","N","N","N"
8199854,"N","Y","Injury (Complaint of Pain)","N",2016,11.5,"Fall","N","N","Tu","N","N","Y","N","N","N","N","Y","Daylight","Other","Code 20","Other Object","N","N","N","N"
8199866,"N","Y","Injury (Complaint of Pain)","N",2016,19.25,"Fall","N","N","Sa","N","N","Y","N","N","N","N","N","Dark - Street Lights","Sideswipe","Automobile Right of Way","Other Motor Vehicle","N","N","N","N"
8199894,"N","Y","Injury (Complaint of Pain)","N",2016,21.25,"Fall","N","N","F","Y","N","Y","N","N","N","N","N","Dark - Street Lights","Broadside","Pedestrian Violation","Other Motor Vehicle","N","N","N","N"
8199905,"N","Y","PDO (property damage only)","N",2016,20.3333333333333,"Fall","N","N","Tu","N","N","Y","N","N","N","N","N","Dark - Street Lights","Sideswipe","Automobile Right of Way","Other Motor Vehicle","N","N","N","N"
8199970,"N","Y","Injury (Other Visible)","N",2016,12.0833333333333,"Fall","N","N","F","N","N","Y","N","N","N","N","N","Daylight","Sideswipe","Impeding Traffic","Other Motor Vehicle","N","N","N","N"
8204824,"N","Y","Injury (Other Visible)","N",2016,17.0833333333333,"Winter","PM","N","M","N","N","Y","N","N","N","N","N","Dusk or Dawn","Head-On","Pedestrian Violation","Other Motor Vehicle","N","N","N","N"
8205189,"N","N","Fatal","Y",2016,14.6666666666667,"Fall","N","N","Sa","Y","N","Y","N","N","N","N","N","Daylight","Broadside","Pedestrian Violation","Other Motor Vehicle","N","N","N","N"
8205211,"N","Y","PDO (property damage only)","N",2016,19,"Winter","PM","N","Th","Y","Y","Y","N","N","N","Y","N","Dusk or Dawn","Rear End","Lights","Other Motor Vehicle","N","N","N","N"
8205290,"N","Y","Injury (Complaint of Pain)","N",2016,20.0833333333333,"Fall","N","N","W","N","N","Y","N","N","N","N","N","Dark - Street Lights","Broadside","Pedestrian Violation","Other Motor Vehicle","N","N","N","N"
8205291,"N","Y","Injury (Complaint of Pain)","N",2016,16.25,"Fall","PM","N","F","Y","N","Y","N","N","N","N","N","Daylight","Head-On","Pedestrian Violation","Other Motor Vehicle","N","N","N","N"
8205298,"N","Y","Injury (Other Visible)","N",2016,19.25,"Fall","N","N","M","N","N","Y","N","N","N","N","N","Dark - Street Lights","Broadside","Pedestrian Violation","Other Motor Vehicle","N","N","N","N"
8205352,"N","Y","Injury (Other Visible)","N",2016,22.4166666666667,"Winter","N","N","F","N","N","Y","N","N","N","N","N","Dark - Street Lights","Broadside","Wrong Side of Road","Parked Motor Vehicle","N","N","N","N"
8205591,"N","Y","Injury (Other Visible)","N",2016,7.16666666666667,"Fall","N","N","Su","Y","Y","Y","N","N","N","N","N","Daylight","Broadside","Pedestrian Violation","Other Motor Vehicle","N","N","N","N"
8205722,"N","Y","Injury (Other Visible)","N",2016,15.6666666666667,"Winter","PM","N","M","Y","N","Y","N","N","N","N","N","Daylight","Broadside","Pedestrian Violation","Other Motor Vehicle","N","N","N","N"
8281302,"N","Y","Injury (Other Visible)","N",2016,14.25,"Fall","N","N","F","Y","N","N","Y","N","N","N","N","Daylight","Broadside","Pedestrian Violation","Other Motor Vehicle","Y","N","N","N"