"CASE_ID","mc_killed","mc_injured","collision_severity","severe","accident_year","hours_since_midnight","season","rush_hour","late_night","day_of_week","intersection","state_hwy_ind","w_clear","w_cloudy","w_rainy","w_other","road_not_dry","road_condition_issue","lighting","type_of_collision","pcf_viol_category","mviw","alcohol_involved","truck_accident","pedestrian_accident","bicycle_accident"
90164697,"N","Y","Injury (Complaint of Pain)","N",2016,18.2833333333333,"Spring","PM","N","M","N","Y","Y","N","N","N","N","N","Daylight","Sideswipe","Automobile Right of Way","Other Motor Vehicle","N","N","N","N"
90165302,"N","Y","PDO (property damage only)","N",2016,7.5,"Spring","AM","N","F","N","Y","Y","N","N","N","N","N","Daylight","Sideswipe","Automobile Right of Way","Other Motor Vehicle","N","N","N","N"
90166361,"N","Y","Injury (Complaint of Pain)","N",2016,15.6666666666667,"Winter","PM","N","Tu","N","Y","Y","N","N","N","N","N","Daylight","Sideswipe","Improper Turning","Other Motor Vehicle","N","N","N","N"
90166419,"N","Y","Injury (Complaint of Pain)","N",2016,6.91666666666667,"Spring","N","N","M","N","Y","N","Y","N","N","N","N","Daylight","Sideswipe","Automobile Right of Way","Other Motor Vehicle","N","N","N","N"
90166824,"N","Y","Injury (Complaint of Pain)","N",2016,16.55,"Spring","PM","N","M","N","Y","Y","N","N","N","N","N","Daylight","Overturned","Automobile Right of Way","Other Motor Vehicle","N","N","N","N"
90167294,"N","Y","Injury (Other Visible)","N",2016,15.1666666666667,"Spring","PM","N","M","N","Y","Y","N","N","N","N","N","Daylight","Sideswipe","Wrong Side of Road","Other Motor Vehicle","Y","N","N","N"
90167840,"N","N","Fatal","Y",2016,9.08333333333333,"Winter","N","N","W","N","Y","N","Y","N","N","N","N","Daylight","Sideswipe","Automobile Right of Way","Other Motor Vehicle","N","N","N","N"
90168189,"N","Y","Injury (Complaint of Pain)","N",2016,19.4166666666667,"Spring","N","N","Tu","N","Y","Y","N","N","N","N","N","Dark - Street Lights","Sideswipe","Automobile Right of Way","Other Motor Vehicle","N","N","N","N"
90169381,"N","N","Fatal","Y",2016,6.33333333333333,"Spring","N","N","Th","N","Y","Y","N","N","N","N","N","Daylight","Rear End","Impeding Traffic","Other Motor Vehicle","N","N","N","N"
90169610,"N","Y","PDO (property damage only)","N",2016,8.83333333333333,"Spring","AM","N","F","N","Y","Y","N","N","N","N","N","Daylight","Sideswipe","Automobile Right of Way","Other Motor Vehicle","N","N","N","N"
90169842,"N","N","Fatal","Y",2016,22,"Spring","N","N","F","N","Y","Y","N","N","N","N","N","Dark - No Street Lights","Overturned","Pedestrian Right of Way","Non-Collision","N","N","N","N"
90169890,"N","Y","Injury (Complaint of Pain)","N",2016,16.0833333333333,"Spring","PM","N","Th","N","Y","Y","N","N","N","N","N","Daylight","Overturned","Pedestrian Right of Way","Non-Collision","N","N","N","N"
90170098,"N","Y","Injury (Complaint of Pain)","N",2016,17.4166666666667,"Spring","PM","N","M","N","Y","N","Y","N","N","N","N","Daylight","Sideswipe","Automobile Right of Way","Other Motor Vehicle","N","N","N","N"
90170177,"N","Y","Injury (Complaint of Pain)","N",2016,14.75,"Spring","N","N","Su","N","Y","Y","N","N","N","N","N","Daylight","Sideswipe","Pedestrian Right of Way","Other Motor Vehicle","N","N","N","N"
90170339,"N","Y","PDO (property damage only)","N",2016,17.8333333333333,"Winter","PM","N","F","N","Y","Y","N","N","N","N","N","Dark - Street Lights","Sideswipe","Automobile Right of Way","Other Motor Vehicle","N","Y","N","N"
90170431,"N","Y","Injury (Other Visible)","N",2016,21,"Winter","N","N","F","N","Y","Y","N","N","N","N","N","Dark - Street Lights","Hit Object","Unsafe Speed","Fixed Object","N","N","N","N"
90170434,"N","Y","PDO (property damage only)","N",2016,15.3333333333333,"Spring","PM","N","F","N","Y","Y","N","N","N","N","N","Daylight","Rear End","Impeding Traffic","Other Motor Vehicle","N","N","N","N"
90170446,"N","N","Fatal","Y",2016,18.5833333333333,"Spring","PM","N","F","N","Y","Y","N","N","N","N","N","Daylight","Sideswipe","Automobile Right of Way","Other Motor Vehicle","N","N","N","N"
90170590,"N","Y","PDO (property damage only)","N",2016,18.5,"Spring","PM","N","Tu","N","Y","Y","N","N","N","N","N","Daylight","Sideswipe","Automobile Right of Way","Other Motor Vehicle","N","N","N","N"
90171408,"N","N","Fatal","Y",2016,13.65,"Spring","N","N","Th","N","Y","Y","N","N","N","N","N","Daylight","Sideswipe","Automobile Right of Way","Other Motor Vehicle","N","N","N","N"
90171443,"N","N","Fatal","Y",2016,13.4166666666667,"Spring","N","N","Th","N","Y","N","Y","N","N","N","N","Daylight","Sideswipe","Automobile Right of Way","Other Motor Vehicle","N","N","N","N"
90171536,"Y","N","Injury (Severe)","Y",2016,7.91666666666667,"Spring","N","N","Sa","N","Y","N","Y","N","N","N","N","Daylight","Rear End","Wrong Side of Road","Other Motor Vehicle","N","N","N","N"
90171591,"N","Y","Injury (Complaint of Pain)","N",2016,1.58333333333333,"Spring","N","Y","Sa","N","Y","Y","N","N","N","N","N","Dark - Street Lights","Rear End","Unsafe Speed","Other Motor Vehicle","Y","N","N","N"
90172181,"N","N","Fatal","Y",2016,10.5,"Spring","N","N","F","N","Y","Y","N","N","N","N","N","Daylight","Rear End","Automobile Right of Way","Other Motor Vehicle","N","N","N","N"
90172222,"N","Y","PDO (property damage only)","N",2016,19.5,"Spring","N","N","M","N","Y","Y","N","N","N","N","N","Dusk or Dawn","Rear End","Automobile Right of Way","Other Motor Vehicle","N","N","N","N"
90172740,"N","Y","Injury (Complaint of Pain)","N",2016,6,"Spring","N","N","Th","N","Y","Y","N","N","N","N","N","Daylight","Overturned","Wrong Side of Road","Non-Collision","N","N","N","N"
90172912,"N","Y","PDO (property damage only)","N",2016,9.58333333333333,"Spring","N","N","Tu","N","Y","Y","N","N","N","N","N","Daylight","Rear End","Wrong Side of Road","Other Motor Vehicle","N","N","N","N"
90173030,"N","Y","Injury (Complaint of Pain)","N",2016,1.48333333333333,"Spring","N","Y","Su","N","Y","N","Y","N","N","N","N","Dark - Street Lights","Overturned","Pedestrian Right of Way","Non-Collision","N","N","N","N"
90173177,"N","N","Fatal","Y",2016,9.03333333333333,"Spring","N","N","Tu","N","Y","Y","N","N","N","N","N","Daylight","Sideswipe","Automobile Right of Way","Other Motor Vehicle","N","N","N","N"
90173214,"Y","N","Injury (Severe)","Y",2016,2.65,"Winter","N","Y","Tu","N","Y","N","N","N","Y","N","N","Dark - Street Lights","Hit Object","Wrong Side of Road","Fixed Object","N","N","N","N"
90173222,"N","Y","PDO (property damage only)","N",2016,9.66666666666667,"Spring","N","N","M","N","Y","Y","N","N","N","N","N","Daylight","Sideswipe","Pedestrian Right of Way","Other Motor Vehicle","N","N","N","N"
90173281,"N","Y","Injury (Other Visible)","N",2016,8.31666666666667,"Spring","AM","N","W","N","Y","Y","N","N","N","N","N","Daylight","Sideswipe","Automobile Right of Way","Other Motor Vehicle","N","N","N","N"
90173376,"N","N","Fatal","Y",2016,17,"Spring","PM","N","F","N","Y","Y","N","N","N","N","N","Daylight","Sideswipe","Automobile Right of Way","Other Motor Vehicle","N","N","N","N"
90173502,"N","N","Fatal","Y",2016,8.75,"Spring","AM","N","Tu","N","Y","Y","N","N","N","N","N","Daylight","Rear End","Pedestrian Right of Way","Other Motor Vehicle","N","N","N","N"
90173580,"N","Y","Injury (Complaint of Pain)","N",2016,23.4833333333333,"Spring","N","Y","Tu","N","Y","Y","N","N","N","N","N","Dark - Street Lights","Hit Object","Pedestrian Right of Way","Fixed Object","N","N","N","N"
90173642,"N","Y","Injury (Complaint of Pain)","N",2016,23.8333333333333,"Winter","N","Y","Th","N","Y","Y","N","N","N","N","N","Dark - Street Lights","Overturned","Pedestrian Right of Way","Non-Collision","N","N","N","N"
90173743,"N","Y","Injury (Complaint of Pain)","N",2016,18.5833333333333,"Spring","PM","N","Th","N","Y","Y","N","N","N","N","N","Daylight","Sideswipe","Automobile Right of Way","Other Motor Vehicle","N","N","N","N"
90173757,"N","Y","Injury (Complaint of Pain)","N",2016,9.5,"Spring","N","N","W","N","Y","N","Y","N","N","N","N","Daylight","Sideswipe","Improper Turning","Other Motor Vehicle","N","N","N","N"
90174191,"N","N","Fatal","Y",2016,23.6,"Spring","N","Y","Tu","N","Y","Y","N","N","N","N","Y","Dark - Street Lights","Broadside","Wrong Side of Road","Other Motor Vehicle","N","N","N","N"
90174436,"N","Y","Injury (Complaint of Pain)","N",2016,8.08333333333333,"Spring","AM","N","F","N","Y","Y","N","N","N","N","N","Daylight","Sideswipe","Automobile Right of Way","Other Motor Vehicle","N","N","N","N"
90174748,"N","Y","PDO (property damage only)","N",2016,6.5,"Winter","N","N","W","N","Y","N","Y","N","N","N","N","Daylight","Sideswipe","Automobile Right of Way","Other Motor Vehicle","N","N","N","N"
90175775,"N","N","Fatal","Y",2016,22.9833333333333,"Spring","N","N","Th","N","Y","N","Y","Y","N","Y","N","Dark - No Street Lights","Overturned","Wrong Side of Road","Non-Collision","N","N","N","N"
90176018,"N","Y","Injury (Complaint of Pain)","N",2016,20.6666666666667,"Winter","N","N","Sa","N","Y","Y","N","N","N","N","N","Dark - Street Lights","Hit Object","Pedestrian Right of Way","Fixed Object","N","N","N","N"
90176812,"N","Y","Injury (Other Visible)","N",2016,17.4166666666667,"Winter","PM","N","M","N","Y","Y","N","N","N","N","N","Dusk or Dawn","Hit Object","Pedestrian Right of Way","Fixed Object","N","N","N","N"
90177196,"N","Y","PDO (property damage only)","N",2016,6.16666666666667,"Winter","N","N","Tu","N","Y","Y","N","N","N","N","N","Daylight","Overturned","Wrong Side of Road","Non-Collision","N","N","N","N"
90177272,"N","N","Fatal","Y",2016,15.9,"Spring","PM","N","W","N","Y","Y","N","N","N","N","N","Daylight","Rear End","Wrong Side of Road","Other Motor Vehicle","N","N","N","N"
90177454,"N","Y","Injury (Complaint of Pain)","N",2016,12.3333333333333,"Spring","N","N","F","N","Y","N","Y","N","N","N","N","Daylight","Sideswipe","Pedestrian Right of Way","Other Motor Vehicle","N","N","N","N"
90177905,"N","N","Fatal","Y",2016,12.8333333333333,"Winter","N","N","Sa","N","Y","Y","N","N","N","N","N","Daylight","Rear End","Wrong Side of Road","Other Motor Vehicle","N","N","N","N"
90178405,"N","N","Fatal","Y",2016,18.75,"Spring","PM","N","Tu","N","Y","Y","N","N","N","N","N","Daylight","Sideswipe","Automobile Right of Way","Other Motor Vehicle","N","N","N","N"
90178664,"N","Y","Injury (Complaint of Pain)","N",2016,6.25,"Spring","N","N","W","N","Y","N","Y","N","N","N","N","Daylight","Rear End","Improper Passing","Other Motor Vehicle","N","N","N","N"
90178811,"N","N","Fatal","Y",2016,16.8333333333333,"Spring","PM","N","W","N","Y","Y","N","N","N","N","N","Daylight","Rear End","Wrong Side of Road","Other Motor Vehicle","N","N","N","N"
90178976,"N","N","Fatal","Y",2016,15.5,"Spring","PM","N","Th","N","Y","Y","N","N","N","N","N","Daylight","Broadside","Wrong Side of Road","Other Motor Vehicle","N","N","N","N"
90179113,"N","Y","Injury (Complaint of Pain)","N",2016,12.4166666666667,"Spring","N","N","Su","N","Y","Y","N","N","N","N","N","Daylight","Rear End","Wrong Side of Road","Other Motor Vehicle","N","N","N","N"
90179173,"N","Y","Injury (Complaint of Pain)","N",2016,9.25,"Winter","N","N","W","N","Y","Y","N","N","N","N","N","Daylight","Sideswipe","Automobile Right of Way","Other Motor Vehicle","N","N","N","N"
90179205,"N","Y","Injury (Complaint of Pain)","N",2016,9.41666666666667,"Winter","N","N","Tu","N","Y","Y","N","N","N","N","N","Daylight","Rear End","Wrong Side of Road","Other Motor Vehicle","N","N","N","N"
90179213,"N","N","Fatal","Y",2016,1,"Spring","N","Y","M","N","Y","Y","N","N","N","N","N","Dark - Street Lights","Rear End","Wrong Side of Road","Other Motor Vehicle","N","N","N","N"
90179237,"N","Y","PDO (property damage only)","N",2016,17,"Winter","PM","N","W","N","Y","Y","N","N","N","N","N","Daylight","Rear End","Wrong Side of Road","Other Motor Vehicle","N","N","N","N"
90179238,"N","Y","PDO (property damage only)","N",2016,10.3,"Winter","N","N","Th","N","Y","N","Y","N","N","N","N","Daylight","Sideswipe","Wrong Side of Road","Other Motor Vehicle","N","N","N","N"
90179262,"N","Y","Injury (Complaint of Pain)","N",2016,8.16666666666667,"Spring","AM","N","Th","N","Y","Y","N","N","N","N","N","Daylight","Overturned","Pedestrian Right of Way","Non-Collision","N","N","N","N"
90179290,"N","Y","PDO (property damage only)","N",2016,11.3333333333333,"Spring","N","N","F","N","Y","Y","N","N","N","N","N","Daylight","Sideswipe","Automobile Right of Way","Other Motor Vehicle","N","N","N","N"
90179312,"N","N","Fatal","Y",2016,9.08333333333333,"Spring","N","N","Th","N","Y","Y","N","N","N","N","N","Daylight","Sideswipe","Pedestrian Right of Way","Non-Collision","N","N","N","N"
90179349,"N","Y","Injury (Other Visible)","N",2016,17.5833333333333,"Spring","N","N","Sa","N","Y","N","Y","N","N","N","N","Dusk or Dawn","Sideswipe","Automobile Right of Way","Other Motor Vehicle","N","N","N","N"
90179371,"N","Y","Injury (Complaint of Pain)","N",2016,17.5833333333333,"Spring","PM","N","Th","N","Y","Y","N","N","N","N","N","Daylight","Rear End","Wrong Side of Road","Other Motor Vehicle","N","N","N","N"
90179404,"N","Y","Injury (Complaint of Pain)","N",2016,9.25,"Winter","N","N","Th","N","Y","Y","N","N","N","N","N","Daylight","Overturned","Wrong Side of Road","Non-Collision","N","N","N","N"
90179485,"N","Y","Injury (Complaint of Pain)","N",2016,8.41666666666667,"Spring","N","N","Sa","N","Y","N","Y","N","N","Y","N","Daylight","Rear End","Pedestrian Right of Way","Other Motor Vehicle","N","N","N","N"
90180024,"N","N","Fatal","Y",2016,19.9166666666667,"Spring","N","N","W","N","Y","N","Y","N","N","N","N","Dark - Street Lights","Rear End","Wrong Side of Road","Other Motor Vehicle","N","N","N","N"
90180222,"N","N","Fatal","Y",2016,17.0833333333333,"Spring","PM","N","F","N","Y","Y","N","N","N","N","N","Daylight","Rear End","Automobile Right of Way","Other Motor Vehicle","N","N","N","N"
90181640,"N","Y","PDO (property damage only)","N",2016,17.3333333333333,"Spring","PM","N","Tu","N","Y","Y","N","N","N","N","N","Daylight","Rear End","Automobile Right of Way","Other Motor Vehicle","N","N","N","N"
90181738,"N","Y","Injury (Complaint of Pain)","N",2016,16.75,"Winter","PM","N","Th","N","Y","Y","N","N","N","N","N","Daylight","Sideswipe","Automobile Right of Way","Other Motor Vehicle","N","N","N","N"
90181752,"N","Y","Injury (Complaint of Pain)","N",2016,9.33333333333333,"Spring","N","N","W","N","Y","Y","N","N","N","N","N","Daylight","Rear End","Automobile Right of Way","Other Motor Vehicle","N","N","N","N"
90181757,"N","Y","Injury (Complaint of Pain)","N",2016,15.3333333333333,"Winter","N","N","Su","N","Y","Y","N","N","N","N","N","Daylight","Rear End","Wrong Side of Road","Other Motor Vehicle","N","N","N","N"
90182290,"N","Y","PDO (property damage only)","N",2016,15,"Spring","PM","N","F","N","Y","Y","N","N","N","N","N","Daylight","Sideswipe","Pedestrian Right of Way","Other Motor Vehicle","N","N","N","N"
90182507,"N","Y","Injury (Other Visible)","N",2016,12,"Spring","N","N","Su","Y","Y","Y","N","N","N","N","N","Daylight","Overturned","Pedestrian Violation","Non-Collision","N","N","N","N"
90182665,"N","Y","PDO (property damage only)","N",2016,7.41666666666667,"Spring","AM","N","W","N","Y","N","Y","N","N","N","N","Daylight","Rear End","Automobile Right of Way","Other Motor Vehicle","N","N","N","N"
90182681,"N","N","Fatal","Y",2016,6.83333333333333,"Winter","N","N","Th","N","Y","Y","N","N","N","N","N","Daylight","Rear End","Wrong Side of Road","Other Motor Vehicle","N","N","N","N"
90183458,"N","N","Fatal","Y",2016,17.8333333333333,"Spring","PM","N","Tu","N","Y","Y","N","N","N","N","N","Daylight","Sideswipe","Impeding Traffic","Other Motor Vehicle","N","N","N","N"
90183505,"N","Y","Injury (Complaint of Pain)","N",2016,8.41666666666667,"Spring","AM","N","Th","N","Y","Y","N","N","N","N","N","Daylight","Sideswipe","Automobile Right of Way","Other Motor Vehicle","N","N","N","N"
90184181,"N","Y","PDO (property damage only)","N",2016,10.8333333333333,"Spring","N","N","Sa","N","Y","Y","N","N","N","N","N","Daylight","Sideswipe","Automobile Right of Way","Other Motor Vehicle","N","N","N","N"
90184207,"N","Y","PDO (property damage only)","N",2016,20.6666666666667,"Spring","N","N","Th","Y","N","N","N","Y","N","Y","N","Dark - Street Lights","Broadside","Pedestrian Violation","Other Motor Vehicle","N","N","N","N"
90184434,"N","N","Fatal","Y",2016,15.75,"Spring","PM","N","F","N","Y","Y","N","N","N","N","N","Daylight","Rear End","Wrong Side of Road","Other Motor Vehicle","N","N","N","N"
90184521,"N","Y","Injury (Complaint of Pain)","N",2016,17.3333333333333,"Spring","PM","N","W","N","Y","Y","N","N","N","N","N","Daylight","Rear End","Automobile Right of Way","Other Motor Vehicle","N","N","N","N"
90184625,"N","N","Fatal","Y",2016,18.25,"Spring","PM","N","Tu","N","Y","Y","N","N","N","N","N","Daylight","Sideswipe","Pedestrian Right of Way","Other Motor Vehicle","N","N","N","N"
90186075,"N","Y","PDO (property damage only)","N",2016,7.66666666666667,"Spring","AM","N","W","N","Y","Y","N","N","N","N","N","Daylight","Sideswipe","Automobile Right of Way","Other Motor Vehicle","N","N","N","N"
90186131,"N","Y","PDO (property damage only)","N",2016,22.45,"Spring","N","N","Th","N","Y","Y","N","N","N","N","Y","Dark - No Street Lights","Rear End","Wrong Side of Road","Other Motor Vehicle","N","N","N","N"
90186380,"N","Y","Injury (Complaint of Pain)","N",2016,17,"Spring","N","N","Sa","N","Y","Y","N","N","N","N","N","Daylight","Hit Object","Code 20","Fixed Object","N","N","N","N"
90186625,"N","Y","Injury (Complaint of Pain)","N",2016,13.3333333333333,"Winter","N","N","W","N","Y","Y","N","N","N","N","N","Daylight","Rear End","Wrong Side of Road","Other Motor Vehicle","N","N","N","N"
90186697,"N","Y","PDO (property damage only)","N",2016,18.5833333333333,"Spring","PM","N","Th","N","Y","Y","N","N","N","N","N","Daylight","Sideswipe","Pedestrian Right of Way","Other Motor Vehicle","N","N","N","N"
90186930,"N","Y","PDO (property damage only)","N",2016,15.5,"Spring","PM","N","Th","N","Y","Y","N","N","N","N","N","Daylight","Sideswipe","Pedestrian Right of Way","Other Motor Vehicle","N","N","N","N"
90186933,"N","Y","PDO (property damage only)","N",2016,11.9166666666667,"Winter","N","N","Tu","N","Y","Y","N","N","N","N","N","Daylight","Overturned","Pedestrian Right of Way","Non-Collision","N","N","N","N"
90187171,"N","Y","Injury (Complaint of Pain)","N",2016,18.25,"Spring","PM","N","M","N","Y","Y","N","N","N","N","N","Daylight","Overturned","Pedestrian Right of Way","Non-Collision","N","N","N","N"
90187749,"N","N","Fatal","Y",2016,20.75,"Spring","N","N","W","N","Y","Y","N","N","N","N","N","Dark - Street Lights","Sideswipe","Automobile Right of Way","Other Motor Vehicle","N","N","N","N"
90187880,"N","Y","Injury (Complaint of Pain)","N",2016,14,"Spring","N","N","Sa","N","Y","Y","N","N","N","N","N","Daylight","Sideswipe","Pedestrian Right of Way","Other Motor Vehicle","N","N","N","N"
90187997,"N","Y","PDO (property damage only)","N",2016,15,"Spring","N","N","Sa","N","Y","Y","N","N","N","N","N","Daylight","Rear End","Wrong Side of Road","Other Motor Vehicle","N","N","N","N"
90188035,"Y","N","Injury (Severe)","Y",2016,0.566666666666667,"Spring","N","Y","W","N","Y","Y","N","N","N","N","N","Dark - Street Lights","Rear End","Wrong Side of Road","Other Motor Vehicle","N","Y","N","N"
90188349,"N","N","Fatal","Y",2016,12.8333333333333,"Spring","N","N","F","N","Y","Y","N","N","N","N","N","Daylight","Sideswipe","Pedestrian Right of Way","Other Motor Vehicle","N","N","N","N"
90188354,"N","Y","Injury (Complaint of Pain)","N",2016,10,"Spring","N","N","Tu","N","Y","Y","N","N","N","N","N","Daylight","Rear End","Automobile Right of Way","Other Motor Vehicle","N","N","N","N"
90189464,"N","Y","Injury (Complaint of Pain)","N",2016,12.75,"Spring","N","N","Sa","N","Y","Y","N","N","N","N","N","Daylight","Sideswipe","Automobile Right of Way","Other Motor Vehicle","N","N","N","N"
90189869,"N","Y","PDO (property damage only)","N",2016,0.0833333333333333,"Winter","N","Y","Th","N","Y","Y","N","N","N","N","N","Dark - Street Lights","Rear End","Wrong Side of Road","Other Motor Vehicle","N","N","N","N"
90189965,"N","Y","Injury (Other Visible)","N",2016,17.8333333333333,"Spring","PM","N","Th","N","Y","Y","N","N","N","N","N","Daylight","Sideswipe","Improper Turning","Other Motor Vehicle","N","N","N","N"
90190233,"N","Y","Injury (Complaint of Pain)","N",2016,15.5,"Spring","PM","N","F","N","Y","Y","N","N","N","N","N","Daylight","Rear End","Wrong Side of Road","Other Motor Vehicle","N","N","N","N"
90190429,"N","Y","Injury (Other Visible)","N",2016,10.5,"Winter","N","N","W","N","Y","Y","N","N","N","N","N","Daylight","Hit Object","Impeding Traffic","Fixed Object","N","Y","N","N"
90190437,"N","Y","Injury (Complaint of Pain)","N",2016,16,"Spring","N","N","Su","N","Y","Y","N","N","N","N","N","Daylight","Sideswipe","Automobile Right of Way","Other Motor Vehicle","N","N","N","N"
90190480,"N","Y","PDO (property damage only)","N",2016,16.4166666666667,"Spring","PM","N","M","N","Y","Y","N","N","N","N","N","Daylight","Sideswipe","Pedestrian Right of Way","Other Motor Vehicle","N","N","N","N"
90190604,"N","Y","Injury (Complaint of Pain)","N",2016,13,"Spring","N","N","W","N","Y","Y","N","N","N","N","N","Daylight","Rear End","Wrong Side of Road","Other Motor Vehicle","N","N","N","N"
90190637,"N","Y","Injury (Complaint of Pain)","N",2016,12.25,"Spring","N","N","Th","N","Y","Y","N","N","N","N","N","Daylight","Sideswipe","Automobile Right of Way","Other Motor Vehicle","N","N","N","N"
90191311,"N","Y","PDO (property damage only)","N",2016,15.8,"Spring","PM","N","Th","N","Y","Y","N","N","N","N","N","Daylight","Sideswipe","Pedestrian Right of Way","Other Motor Vehicle","N","N","N","N"
90191718,"N","N","Fatal","Y",2016,16.8333333333333,"Spring","PM","N","F","N","Y","Y","N","N","N","N","N","Dark - No Street Lights","Rear End","Wrong Side of Road","Other Motor Vehicle","N","N","N","N"
90191932,"N","N","Fatal","Y",2016,7.08333333333333,"Spring","AM","N","F","N","Y","Y","N","N","N","N","N","Daylight","Rear End","Wrong Side of Road","Other Motor Vehicle","N","N","N","N"
90192090,"N","Y","Injury (Other Visible)","N",2016,7.83333333333333,"Spring","AM","N","W","N","Y","Y","N","N","N","N","N","Daylight","Sideswipe","Pedestrian Right of Way","Other Motor Vehicle","N","N","N","N"
90192183,"N","Y","Injury (Complaint of Pain)","N",2016,8.66666666666667,"Spring","AM","N","Th","N","Y","N","Y","N","N","N","N","Daylight","Overturned","Automobile Right of Way","Non-Collision","N","N","N","N"
90192487,"N","Y","Injury (Complaint of Pain)","N",2016,1.46666666666667,"Spring","N","Y","Sa","N","Y","Y","N","N","N","N","N","Dark - No Street Lights","Rear End","Wrong Side of Road","Other Motor Vehicle","N","N","N","N"
90192530,"N","Y","Injury (Complaint of Pain)","N",2016,8.66666666666667,"Spring","AM","N","M","N","Y","N","Y","N","N","Y","N","Daylight","Sideswipe","Wrong Side of Road","Other Motor Vehicle","N","N","N","N"
90194333,"N","Y","Injury (Complaint of Pain)","N",2016,17.3333333333333,"Spring","PM","N","Th","N","Y","Y","N","N","N","N","N","Daylight","Sideswipe","Automobile Right of Way","Other Motor Vehicle","N","N","N","N"
90194481,"N","Y","PDO (property damage only)","N",2016,14.5,"Spring","N","N","Tu","N","Y","N","Y","N","N","N","N","Daylight","Sideswipe","Automobile Right of Way","Other Motor Vehicle","N","N","N","N"
90194534,"N","Y","PDO (property damage only)","N",2016,16.5,"Spring","PM","N","F","N","Y","Y","N","N","N","N","N","Daylight","Overturned","Automobile Right of Way","Fixed Object","N","N","N","N"
90194647,"N","N","Fatal","Y",2016,7.5,"Spring","AM","N","Tu","N","Y","Y","N","N","N","N","N","Daylight","Rear End","Wrong Side of Road","Other Motor Vehicle","N","N","N","N"
90194995,"N","Y","Injury (Complaint of Pain)","N",2016,15.7166666666667,"Spring","PM","N","F","N","Y","Y","N","N","N","N","N","Daylight","Rear End","Automobile Right of Way","Other Motor Vehicle","N","N","N","N"
90195021,"N","Y","Injury (Complaint of Pain)","N",2016,1.5,"Spring","N","Y","Sa","N","Y","N","Y","N","N","Y","N","Dark - Street Lights","Overturned","Wrong Side of Road","Non-Collision","Y","N","N","N"
90195140,"N","Y","Injury (Other Visible)","N",2016,18,"Spring","PM","N","F","N","Y","Y","N","N","N","N","N","Daylight","Sideswipe","Pedestrian Right of Way","Other Motor Vehicle","N","N","N","N"
90195322,"N","Y","Injury (Complaint of Pain)","N",2016,16.5,"Spring","PM","N","Tu","N","Y","Y","N","N","N","N","N","Daylight","Rear End","Wrong Side of Road","Other Motor Vehicle","N","N","N","N"
90195435,"N","N","Fatal","Y",2016,11.5833333333333,"Spring","N","N","Su","N","Y","N","Y","N","N","N","N","Daylight","Rear End","Wrong Side of Road","Other Motor Vehicle","N","N","N","N"
90196086,"N","Y","Injury (Complaint of Pain)","N",2016,17.8333333333333,"Spring","PM","N","F","N","Y","Y","N","N","N","N","N","Dark - No Street Lights","Sideswipe","Automobile Right of Way","Other Motor Vehicle","N","N","N","N"
90196534,"N","N","Fatal","Y",2016,0.5,"Spring","N","Y","W","N","Y","Y","N","N","N","N","N","Dark - No Street Lights","Rear End","Wrong Side of Road","Other Motor Vehicle","N","N","N","N"
90196677,"N","Y","PDO (property damage only)","N",2016,5.83333333333333,"Spring","N","N","Tu","N","Y","N","Y","N","N","N","N","Dusk or Dawn","Rear End","Wrong Side of Road","Other Motor Vehicle","N","N","N","N"
90197012,"N","Y","Injury (Complaint of Pain)","N",2016,12.8333333333333,"Spring","N","N","Th","N","Y","Y","N","N","N","N","N","Daylight","Sideswipe","Automobile Right of Way","Other Motor Vehicle","N","N","N","N"
90197480,"N","Y","Injury (Complaint of Pain)","N",2016,22.5,"Spring","N","N","W","N","Y","Y","N","N","N","N","N","Dark - Street Lights","Rear End","Wrong Side of Road","Other Motor Vehicle","N","N","N","N"
90197495,"N","N","Fatal","Y",2016,8.16666666666667,"Spring","AM","N","W","N","Y","N","Y","N","N","N","N","Daylight","Sideswipe","Wrong Side of Road","Other Motor Vehicle","N","N","N","N"
90197581,"N","Y","Injury (Complaint of Pain)","N",2016,9.66666666666667,"Spring","N","N","W","N","Y","N","Y","N","N","N","N","Daylight","Sideswipe","Automobile Right of Way","Other Motor Vehicle","N","N","N","N"
90197603,"N","N","Fatal","Y",2016,17.75,"Spring","PM","N","Tu","N","Y","Y","N","N","N","N","N","Daylight","Rear End","Automobile Right of Way","Non-Collision","N","N","N","N"
90197630,"N","Y","Injury (Complaint of Pain)","N",2016,17.9666666666667,"Spring","PM","N","F","N","Y","Y","N","N","N","N","N","Daylight","Rear End","Wrong Side of Road","Other Motor Vehicle","N","N","N","N"
90197830,"N","Y","Injury (Complaint of Pain)","N",2016,6.08333333333333,"Spring","N","N","Th","N","Y","Y","N","N","N","N","N","Dusk or Dawn","Hit Object","Pedestrian Right of Way","Fixed Object","N","N","N","N"
90197870,"N","N","Fatal","Y",2016,16.3333333333333,"Spring","PM","N","Tu","N","Y","Y","N","N","N","N","N","Dark - Street Lights","Sideswipe","Wrong Side of Road","Other Motor Vehicle","N","N","N","N"
90198201,"N","N","Fatal","Y",2016,17.6666666666667,"Spring","PM","N","Tu","N","Y","Y","N","N","N","N","N","Daylight","Sideswipe","Wrong Side of Road","Other Motor Vehicle","N","N","N","N"
90198566,"N","N","Fatal","Y",2016,22.8333333333333,"Spring","N","N","W","N","Y","Y","N","N","N","N","N","Dark - Street Lights","Sideswipe","Pedestrian Right of Way","Other Motor Vehicle","N","N","N","N"