"CASE_ID","mc_killed","mc_injured","collision_severity","severe","accident_year","hours_since_midnight","season","rush_hour","late_night","day_of_week","intersection","state_hwy_ind","w_clear","w_cloudy","w_rainy","w_other","road_not_dry","road_condition_issue","lighting","type_of_collision","pcf_viol_category","mviw","alcohol_involved","truck_accident","pedestrian_accident","bicycle_accident"
90262672,"N","Y","PDO (property damage only)","N",2016,15.5,"Summer","PM","N","F","N","Y","Y","N","N","N","N","N","Daylight","Sideswipe","Pedestrian Right of Way","Other Motor Vehicle","N","N","N","N"
90263237,"N","N","Fatal","Y",2016,15.25,"Summer","PM","N","W","N","Y","Y","N","N","N","N","N","Daylight","Sideswipe","Automobile Right of Way","Other Motor Vehicle","N","N","N","N"
90263342,"N","Y","Injury (Complaint of Pain)","N",2016,15.65,"Summer","PM","N","Th","N","Y","Y","N","N","N","N","N","Daylight","Rear End","Automobile Right of Way","Other Motor Vehicle","N","N","N","N"
90263446,"N","Y","Injury (Complaint of Pain)","N",2016,10.0833333333333,"Summer","N","N","M","N","Y","Y","N","N","N","N","N","Daylight","Rear End","Wrong Side of Road","Other Motor Vehicle","N","N","N","N"
90263542,"N","N","Fatal","Y",2016,1.41666666666667,"Summer","N","Y","Th","N","Y","Y","N","N","N","N","N","Dark - No Street Lights","Sideswipe","Impeding Traffic","Other Motor Vehicle","N","N","N","N"
90263923,"N","N","Fatal","Y",2016,7.25,"Summer","N","N","Su","N","Y","N","Y","N","N","N","N","Daylight","Rear End","Wrong Side of Road","Other Motor Vehicle","N","N","N","N"
90264052,"N","Y","Injury (Complaint of Pain)","N",2016,15.6666666666667,"Summer","PM","N","W","N","Y","Y","N","N","N","N","N","Daylight","Sideswipe","Wrong Side of Road","Other Motor Vehicle","N","N","N","N"
90264251,"N","Y","Injury (Complaint of Pain)","N",2016,7.91666666666667,"Summer","AM","N","W","N","Y","Y","N","N","N","N","N","Daylight","Overturned","Wrong Side of Road","Non-Collision","N","N","N","N"
90265122,"N","N","Fatal","Y",2016,10.8333333333333,"Summer","N","N","F","N","Y","Y","N","N","N","N","N","Daylight","Sideswipe","Pedestrian Right of Way","Other Motor Vehicle","N","N","N","N"
90265152,"N","Y","Injury (Complaint of Pain)","N",2016,10.4166666666667,"Summer","N","N","Su","N","Y","N","Y","N","N","N","N","Daylight","Sideswipe","Automobile Right of Way","Other Motor Vehicle","N","N","N","N"
90265173,"N","N","Fatal","Y",2016,7.23333333333333,"Summer","AM","N","F","N","Y","N","Y","N","N","N","N","Daylight","Rear End","Wrong Side of Road","Other Motor Vehicle","N","N","N","N"
90265257,"N","Y","PDO (property damage only)","N",2016,10.5666666666667,"Summer","N","N","Sa","N","Y","Y","N","N","N","N","N","Daylight","Rear End","Wrong Side of Road","Other Motor Vehicle","N","N","N","N"
90265392,"N","Y","PDO (property damage only)","N",2016,10.5,"Summer","N","N","Tu","N","Y","Y","N","N","N","N","N","Daylight","Rear End","Wrong Side of Road","Other Motor Vehicle","N","N","N","N"
90265696,"N","N","Fatal","Y",2016,9.1,"Summer","N","N","Th","N","Y","Y","N","N","N","N","N","Daylight","Rear End","Impeding Traffic","Other Motor Vehicle","N","N","N","N"
90266164,"N","N","Fatal","Y",2016,7.16666666666667,"Summer","AM","N","Tu","N","Y","Y","N","N","N","N","N","Daylight","Rear End","Wrong Side of Road","Other Motor Vehicle","N","N","N","N"
90266215,"N","N","Fatal","Y",2016,20.1,"Summer","N","N","Tu","N","Y","Y","N","N","N","N","N","Dark - Street Lights","Sideswipe","Pedestrian Right of Way","Other Motor Vehicle","N","N","N","N"
90266261,"N","Y","Injury (Complaint of Pain)","N",2016,22.25,"Summer","N","N","M","N","Y","Y","N","N","N","N","N","Dark - Street Lights","Rear End","Wrong Side of Road","Other Motor Vehicle","N","N","N","N"
90266360,"N","Y","Injury (Complaint of Pain)","N",2016,23.8333333333333,"Summer","N","Y","Su","N","Y","N","Y","N","N","N","N","Dark - Street Lights","Hit Object","Unsafe Speed","Fixed Object","Y","N","N","N"
90266764,"N","Y","Injury (Other Visible)","N",2016,23,"Summer","N","Y","W","N","Y","Y","N","N","N","N","N","Dark - Street Lights","Broadside","Automobile Right of Way","Other Motor Vehicle","N","N","N","N"
90266772,"N","Y","Injury (Other Visible)","N",2016,7.31666666666667,"Summer","AM","N","Th","N","Y","N","Y","N","N","N","N","Daylight","Sideswipe","Pedestrian Right of Way","Other Motor Vehicle","N","N","N","N"
90266799,"N","Y","Injury (Complaint of Pain)","N",2016,18,"Summer","PM","N","Th","N","Y","Y","N","N","N","N","N","Daylight","Overturned","Pedestrian Right of Way","Non-Collision","N","N","N","N"
90266804,"N","Y","Injury (Complaint of Pain)","N",2016,8.5,"Summer","AM","N","Tu","N","Y","N","Y","N","N","N","N","Daylight","Rear End","Automobile Right of Way","Other Motor Vehicle","N","N","N","N"
90266930,"N","Y","Injury (Complaint of Pain)","N",2016,13.75,"Summer","N","N","M","N","Y","Y","N","N","N","N","N","Daylight","Hit Object","Pedestrian Right of Way","Fixed Object","N","N","N","N"
90267154,"N","Y","Injury (Complaint of Pain)","N",2016,12.8833333333333,"Summer","N","N","M","N","Y","Y","N","N","N","N","N","Daylight","Overturned","Wrong Side of Road","Non-Collision","N","N","N","N"
90267663,"N","Y","Injury (Complaint of Pain)","N",2016,8.45,"Summer","AM","N","Th","N","Y","Y","N","N","N","N","N","Daylight","Sideswipe","Pedestrian Right of Way","Other Motor Vehicle","N","N","N","N"
90267701,"N","Y","PDO (property damage only)","N",2016,13.8333333333333,"Summer","N","N","W","N","Y","Y","N","N","N","N","N","Daylight","Sideswipe","Automobile Right of Way","Other Motor Vehicle","N","N","N","N"
90267777,"N","N","Fatal","Y",2016,21.75,"Summer","N","N","W","N","Y","Y","N","N","N","N","N","Dark - Street Lights","Sideswipe","Impeding Traffic","Other Motor Vehicle","N","N","N","N"
90268523,"N","N","Fatal","Y",2016,17,"Summer","PM","N","F","N","Y","Y","N","N","N","N","N","Daylight","Overturned","Wrong Side of Road","Non-Collision","N","N","N","N"
90268613,"N","Y","PDO (property damage only)","N",2016,6.5,"Summer","N","N","M","N","Y","Y","N","N","N","N","N","Daylight","Sideswipe","Automobile Right of Way","Other Motor Vehicle","N","N","N","N"
90268756,"N","Y","Injury (Complaint of Pain)","N",2016,0.283333333333333,"Summer","N","Y","F","N","Y","Y","N","N","N","N","N","Dark - Street Lights","Rear End","Unsafe Speed","Other Motor Vehicle","Y","N","N","N"
90268961,"N","Y","Injury (Other Visible)","N",2016,12,"Summer","N","N","Th","N","Y","Y","N","N","N","N","N","Daylight","Overturned","Wrong Side of Road","Non-Collision","N","N","N","N"
90269174,"N","N","Fatal","Y",2016,18.4166666666667,"Summer","PM","N","W","N","Y","Y","N","N","N","N","N","Dusk or Dawn","Sideswipe","Pedestrian Right of Way","Other Motor Vehicle","N","N","N","N"
90269308,"N","Y","PDO (property damage only)","N",2016,8.91666666666667,"Summer","AM","N","W","N","Y","Y","N","N","N","N","N","Daylight","Sideswipe","Automobile Right of Way","Other Motor Vehicle","N","N","N","N"
90269453,"N","Y","Injury (Complaint of Pain)","N",2016,15.4166666666667,"Summer","PM","N","F","N","Y","Y","N","N","N","N","N","Daylight","Rear End","Unsafe Speed","Other Motor Vehicle","Y","N","N","N"
90269485,"N","N","Fatal","Y",2016,18,"Summer","PM","N","F","N","Y","Y","N","N","N","N","N","Daylight","Sideswipe","Automobile Right of Way","Other Motor Vehicle","N","N","N","N"
90269782,"N","N","Fatal","Y",2016,12.4166666666667,"Summer","N","N","Su","N","Y","Y","N","N","N","N","Y","Daylight","Hit Object","Wrong Side of Road","Fixed Object","N","N","N","N"
90269791,"N","Y","Injury (Complaint of Pain)","N",2016,9.46666666666667,"Summer","N","N","Su","N","Y","Y","N","N","N","N","N","Daylight","Broadside","Pedestrian Right of Way","Other Motor Vehicle","N","N","N","N"
90269882,"N","N","Fatal","Y",2016,17.0833333333333,"Summer","PM","N","M","N","Y","Y","N","N","N","N","N","Daylight","Sideswipe","Automobile Right of Way","Other Motor Vehicle","N","N","N","N"
90270097,"N","N","Fatal","Y",2016,0.25,"Summer","N","Y","F","N","Y","Y","N","N","N","N","N","Dark - Street Lights","Rear End","Wrong Side of Road","Other Motor Vehicle","N","N","N","N"
90270268,"N","Y","PDO (property damage only)","N",2016,18.2333333333333,"Fall","PM","N","Th","N","Y","Y","N","N","N","N","N","Daylight","Sideswipe","Wrong Side of Road","Other Motor Vehicle","N","N","N","N"
90270435,"N","Y","Injury (Complaint of Pain)","N",2016,15.35,"Summer","PM","N","Tu","N","Y","Y","N","N","N","N","N","Daylight","Overturned","Pedestrian Right of Way","Non-Collision","N","N","N","N"
90271867,"N","Y","PDO (property damage only)","N",2016,9.58333333333333,"Fall","N","N","Th","N","Y","Y","N","N","N","N","N","Daylight","Sideswipe","Pedestrian Right of Way","Other Motor Vehicle","N","N","N","N"
90271923,"N","Y","Injury (Other Visible)","N",2016,8.83333333333333,"Summer","AM","N","F","N","Y","Y","N","N","N","N","N","Daylight","Rear End","Wrong Side of Road","Other Motor Vehicle","N","N","N","N"
90272014,"N","Y","Injury (Complaint of Pain)","N",2016,12.4166666666667,"Summer","N","N","Sa","N","Y","Y","N","N","N","N","N","Daylight","Rear End","Wrong Side of Road","Other Motor Vehicle","N","N","N","N"
90272658,"N","Y","Injury (Other Visible)","N",2016,2.55,"Summer","N","Y","F","N","Y","Y","N","N","N","N","Y","Dark - Street Lights","Rear End","Wrong Side of Road","Other Motor Vehicle","Y","N","N","N"
90272721,"N","Y","Injury (Complaint of Pain)","N",2016,19.0833333333333,"Summer","N","N","W","N","Y","Y","N","N","N","N","N","Daylight","Rear End","Wrong Side of Road","Other Motor Vehicle","N","N","N","N"
90273073,"N","Y","Injury (Complaint of Pain)","N",2016,20.8333333333333,"Summer","N","N","Su","N","Y","Y","N","N","N","N","N","Dark - Street Lights","Hit Object","Unsafe Speed","Fixed Object","Y","N","N","N"
90273501,"N","Y","Injury (Complaint of Pain)","N",2016,17.6666666666667,"Summer","PM","N","M","N","Y","Y","N","N","N","N","N","Daylight","Sideswipe","Automobile Right of Way","Other Motor Vehicle","N","N","N","N"
90273539,"N","Y","Injury (Complaint of Pain)","N",2016,5.83333333333333,"Summer","N","N","Tu","N","Y","Y","N","N","N","N","N","Dark - Street Lights","Rear End","Wrong Side of Road","Other Motor Vehicle","N","N","N","N"
90273542,"N","Y","Injury (Complaint of Pain)","N",2016,17.1666666666667,"Fall","PM","N","W","N","Y","Y","N","N","N","N","N","Daylight","Rear End","Automobile Right of Way","Other Motor Vehicle","N","N","N","N"
90273811,"N","N","Fatal","Y",2016,7.16666666666667,"Fall","AM","N","Th","N","Y","Y","N","N","N","N","N","Daylight","Sideswipe","Pedestrian Right of Way","Other Motor Vehicle","N","N","N","N"
90274395,"N","N","Fatal","Y",2016,14.25,"Fall","N","N","Su","N","Y","Y","N","N","N","N","N","Daylight","Sideswipe","Automobile Right of Way","Other Motor Vehicle","N","N","N","N"
90274804,"N","Y","PDO (property damage only)","N",2016,17,"Fall","PM","N","Tu","N","Y","N","Y","N","N","N","N","Daylight","Rear End","Automobile Right of Way","Other Motor Vehicle","N","N","N","N"
90274928,"N","Y","Injury (Complaint of Pain)","N",2016,6.83333333333333,"Summer","N","N","Tu","N","Y","Y","N","N","N","N","N","Daylight","Sideswipe","Automobile Right of Way","Other Motor Vehicle","N","N","N","N"
90274939,"N","N","Fatal","Y",2016,17.3333333333333,"Summer","PM","N","Tu","N","Y","Y","N","N","N","N","N","Daylight","Sideswipe","Automobile Right of Way","Other Motor Vehicle","N","N","N","N"
90275151,"N","Y","Injury (Complaint of Pain)","N",2016,11.1666666666667,"Fall","N","N","Th","N","Y","Y","N","N","N","N","N","Daylight","Sideswipe","Automobile Right of Way","Other Motor Vehicle","N","Y","N","N"
90276117,"N","Y","Injury (Complaint of Pain)","N",2016,23.8,"Fall","N","Y","F","N","Y","Y","N","N","N","N","N","Dark - Street Lights","Overturned","Unsafe Speed","Non-Collision","Y","N","N","N"
90276619,"N","Y","Injury (Other Visible)","N",2016,18.4166666666667,"Fall","PM","N","Th","N","Y","Y","N","N","N","N","N","Daylight","Rear End","Wrong Side of Road","Other Motor Vehicle","N","N","N","N"
90276856,"N","Y","Injury (Other Visible)","N",2016,18.8333333333333,"Summer","PM","N","W","N","Y","Y","N","N","N","N","N","Dusk or Dawn","Sideswipe","Impeding Traffic","Other Motor Vehicle","N","N","N","N"
90277667,"N","Y","PDO (property damage only)","N",2016,8.13333333333333,"Summer","AM","N","Th","N","Y","Y","N","N","N","N","N","Daylight","Sideswipe","Automobile Right of Way","Other Motor Vehicle","N","N","N","N"
90277742,"N","Y","PDO (property damage only)","N",2016,14.5,"Fall","N","N","F","N","Y","Y","N","N","N","N","N","Daylight","Rear End","Automobile Right of Way","Other Motor Vehicle","N","N","N","N"
90277915,"N","Y","PDO (property damage only)","N",2016,7.75,"Summer","AM","N","M","N","Y","Y","N","N","N","N","N","Daylight","Sideswipe","Automobile Right of Way","Other Motor Vehicle","N","N","N","N"
90278284,"N","Y","PDO (property damage only)","N",2016,14,"Fall","N","N","M","N","Y","N","Y","N","N","N","N","Daylight","Sideswipe","Pedestrian Right of Way","Other Motor Vehicle","N","N","N","N"
90278481,"N","Y","PDO (property damage only)","N",2016,19.5833333333333,"Summer","N","N","Sa","N","Y","Y","N","N","N","N","N","Dark - Street Lights","Sideswipe","Automobile Right of Way","Other Motor Vehicle","N","N","N","N"
90278670,"N","N","Fatal","Y",2016,9.08333333333333,"Fall","N","N","M","N","Y","Y","N","N","N","N","N","Daylight","Overturned","Automobile Right of Way","Non-Collision","N","N","N","N"
90278676,"N","Y","Injury (Complaint of Pain)","N",2016,17.6666666666667,"Fall","PM","N","M","N","Y","N","Y","N","N","N","N","Daylight","Overturned","Pedestrian Right of Way","Non-Collision","N","N","N","N"
90278825,"N","Y","PDO (property damage only)","N",2016,13.3333333333333,"Fall","N","N","Tu","N","Y","Y","N","N","N","N","N","Daylight","Sideswipe","Automobile Right of Way","Other Motor Vehicle","N","N","N","N"
90278852,"N","N","Fatal","Y",2016,13.5,"Fall","N","N","Tu","N","Y","Y","N","N","N","N","N","Daylight","Sideswipe","Automobile Right of Way","Other Motor Vehicle","N","N","N","N"
90278928,"N","Y","Injury (Complaint of Pain)","N",2016,4,"Fall","N","Y","M","N","Y","Y","N","N","N","N","N","Dark - No Street Lights","Hit Object","Pedestrian Right of Way","Fixed Object","N","N","N","N"
90279568,"N","Y","PDO (property damage only)","N",2016,10.0833333333333,"Fall","N","N","M","N","Y","Y","N","N","N","N","N","Daylight","Rear End","Automobile Right of Way","Other Motor Vehicle","N","N","N","N"
90279662,"N","N","Fatal","Y",2016,7.83333333333333,"Fall","AM","N","Th","N","Y","Y","N","N","N","N","N","Daylight","Sideswipe","Pedestrian Right of Way","Other Motor Vehicle","N","N","N","N"
90280697,"N","Y","Injury (Complaint of Pain)","N",2016,17.8333333333333,"Fall","PM","N","Tu","N","Y","Y","N","N","N","N","N","Daylight","Sideswipe","Automobile Right of Way","Other Motor Vehicle","N","N","N","N"
90280826,"N","N","Fatal","Y",2016,15.5,"Summer","N","N","Su","N","Y","Y","N","N","N","N","N","Daylight","Sideswipe","Pedestrian Right of Way","Other Motor Vehicle","N","N","N","N"
90280947,"N","N","Fatal","Y",2016,12.75,"Fall","N","N","Sa","N","Y","Y","N","N","N","N","N","Daylight","Hit Object","Impeding Traffic","Fixed Object","N","N","N","N"
90281213,"N","Y","Injury (Complaint of Pain)","N",2016,10.35,"Fall","N","N","Th","N","Y","Y","N","N","N","N","N","Daylight","Sideswipe","Automobile Right of Way","Other Motor Vehicle","N","N","N","N"
90281241,"N","Y","Injury (Complaint of Pain)","N",2016,8.5,"Fall","AM","N","Th","N","Y","Y","N","N","N","N","N","Daylight","Sideswipe","Wrong Side of Road","Other Motor Vehicle","N","N","N","N"
90281285,"N","Y","Injury (Complaint of Pain)","N",2016,19.8,"Fall","N","N","Th","N","Y","Y","N","N","N","N","N","Dark - Street Lights","Sideswipe","Automobile Right of Way","Other Motor Vehicle","N","N","N","N"
90281443,"N","Y","Injury (Complaint of Pain)","N",2016,12.75,"Summer","N","N","Su","N","Y","Y","N","N","N","N","N","Daylight","Overturned","Pedestrian Right of Way","Non-Collision","N","N","N","N"
90281497,"N","Y","Injury (Other Visible)","N",2016,23,"Fall","N","Y","Su","N","Y","Y","N","N","N","N","N","Dark - Street Lights","Sideswipe","Pedestrian Right of Way","Other Motor Vehicle","N","N","N","N"
90281568,"N","Y","PDO (property damage only)","N",2016,18.75,"Fall","PM","N","Th","N","Y","Y","N","N","N","N","N","Daylight","Sideswipe","Automobile Right of Way","Other Motor Vehicle","N","N","N","N"
90281676,"N","Y","Injury (Complaint of Pain)","N",2016,7.66666666666667,"Fall","N","N","Sa","N","Y","Y","N","N","N","N","N","Daylight","Overturned","Unsafe Speed","Non-Collision","Y","N","N","N"
90282307,"N","Y","Injury (Complaint of Pain)","N",2016,11.8333333333333,"Fall","N","N","Su","N","Y","Y","N","N","N","N","N","Daylight","Overturned","Wrong Side of Road","Non-Collision","N","N","N","N"
90282472,"N","Y","Injury (Other Visible)","N",2016,16.95,"Fall","PM","N","W","N","Y","Y","N","N","N","N","N","Daylight","Rear End","Wrong Side of Road","Other Motor Vehicle","N","N","N","N"
90282474,"N","Y","PDO (property damage only)","N",2016,14.0666666666667,"Fall","N","N","F","N","Y","Y","N","N","N","N","N","Daylight","Rear End","Automobile Right of Way","Other Motor Vehicle","N","N","N","N"
90282826,"N","Y","Injury (Complaint of Pain)","N",2016,20.5,"Fall","N","N","F","N","Y","Y","N","N","N","N","N","Dark - Street Lights","Overturned","Pedestrian Right of Way","Non-Collision","N","N","N","N"
90282932,"N","Y","Injury (Complaint of Pain)","N",2016,10.3333333333333,"Fall","N","N","F","N","Y","Y","N","N","N","N","N","Daylight","Overturned","Wrong Side of Road","Non-Collision","N","N","N","N"
90282984,"N","Y","Injury (Complaint of Pain)","N",2016,15.75,"Fall","PM","N","Tu","N","Y","Y","N","N","N","N","N","Daylight","Rear End","Wrong Side of Road","Other Motor Vehicle","N","N","N","N"
90283002,"N","Y","Injury (Complaint of Pain)","N",2016,16.9166666666667,"Fall","PM","N","M","N","Y","Y","N","N","N","N","N","Daylight","Sideswipe","Automobile Right of Way","Other Motor Vehicle","N","N","N","N"
90283041,"N","Y","Injury (Complaint of Pain)","N",2016,18.3166666666667,"Fall","N","N","Sa","N","Y","Y","N","N","N","N","N","Daylight","Rear End","Wrong Side of Road","Other Motor Vehicle","N","N","N","N"
90283102,"N","N","Fatal","Y",2016,14.5833333333333,"Fall","N","N","Th","N","Y","Y","N","N","N","N","N","Daylight","Rear End","Automobile Right of Way","Other Motor Vehicle","N","N","N","N"
90283189,"N","Y","Injury (Complaint of Pain)","N",2016,11.3333333333333,"Summer","N","N","M","N","Y","Y","N","N","N","N","N","Daylight","Sideswipe","Automobile Right of Way","Other Motor Vehicle","N","N","N","N"
90283418,"N","Y","Injury (Complaint of Pain)","N",2016,15.4166666666667,"Summer","PM","N","M","N","Y","Y","N","N","N","N","N","Daylight","Sideswipe","Automobile Right of Way","Other Motor Vehicle","N","N","N","N"
90283444,"N","Y","Injury (Complaint of Pain)","N",2016,13.5,"Summer","N","N","M","N","Y","Y","N","N","N","N","N","Daylight","Sideswipe","Impeding Traffic","Other Motor Vehicle","N","N","N","N"
90283665,"N","Y","Injury (Complaint of Pain)","N",2016,8.16666666666667,"Fall","AM","N","W","N","Y","Y","N","N","N","N","N","Daylight","Rear End","Automobile Right of Way","Other Motor Vehicle","N","N","N","N"
90283700,"N","Y","PDO (property damage only)","N",2016,9.75,"Summer","N","N","W","N","Y","Y","N","N","N","N","N","Daylight","Overturned","Pedestrian Right of Way","Non-Collision","N","N","N","N"
90284230,"N","N","Fatal","Y",2016,15.9166666666667,"Fall","N","N","Sa","N","Y","Y","N","N","N","N","N","Daylight","Rear End","Wrong Side of Road","Other Motor Vehicle","N","N","N","N"
90284232,"N","Y","Injury (Complaint of Pain)","N",2016,9.66666666666667,"Summer","N","N","Tu","N","Y","Y","N","N","N","N","N","Daylight","Hit Object","Pedestrian Right of Way","Fixed Object","N","N","N","N"
90284349,"N","Y","Injury (Complaint of Pain)","N",2016,9.16666666666667,"Fall","N","N","Tu","N","Y","Y","N","N","N","N","N","Daylight","Sideswipe","Impeding Traffic","Other Motor Vehicle","N","N","N","N"
90284552,"N","Y","Injury (Complaint of Pain)","N",2016,1.91666666666667,"Fall","N","Y","Th","N","Y","Y","N","N","N","N","N","Dark - Street Lights","Rear End","Wrong Side of Road","Other Motor Vehicle","Y","N","N","N"
90284628,"N","Y","Injury (Complaint of Pain)","N",2016,7.41666666666667,"Fall","AM","N","W","N","Y","Y","N","N","N","N","N","Daylight","Sideswipe","Impeding Traffic","Other Motor Vehicle","N","N","N","N"
90284727,"N","Y","Injury (Other Visible)","N",2016,17.6666666666667,"Fall","PM","N","Tu","N","Y","Y","N","N","N","N","N","Daylight","Hit Object","Pedestrian Right of Way","Fixed Object","N","N","N","N"
90284738,"N","Y","PDO (property damage only)","N",2016,10.6666666666667,"Fall","N","N","Sa","N","Y","Y","N","N","N","N","N","Daylight","Hit Object","Pedestrian Right of Way","Fixed Object","N","N","N","N"
90284824,"N","N","Fatal","Y",2016,22.5166666666667,"Fall","N","N","Th","N","Y","Y","N","N","N","N","N","Dark - Street Lights","Hit Object","Pedestrian Right of Way","Fixed Object","N","N","N","N"
90285057,"N","Y","Injury (Complaint of Pain)","N",2016,10,"Summer","N","N","W","N","Y","Y","N","N","N","N","N","Daylight","Sideswipe","Pedestrian Right of Way","Other Motor Vehicle","N","N","N","N"
90285411,"N","Y","Injury (Complaint of Pain)","N",2016,15.4166666666667,"Fall","PM","N","M","N","Y","Y","N","N","N","N","N","Daylight","Sideswipe","Automobile Right of Way","Other Motor Vehicle","N","N","N","N"
90286293,"N","Y","PDO (property damage only)","N",2016,7.83333333333333,"Fall","AM","N","W","N","Y","Y","N","N","N","N","N","Daylight","Rear End","Automobile Right of Way","Other Motor Vehicle","N","N","N","N"
90286504,"N","Y","PDO (property damage only)","N",2016,7.08333333333333,"Fall","AM","N","M","N","Y","Y","N","N","N","N","N","Daylight","Overturned","Impeding Traffic","Non-Collision","N","N","N","N"
90286781,"N","Y","Injury (Complaint of Pain)","N",2016,19.0833333333333,"Fall","N","N","Tu","N","Y","Y","N","N","N","N","N","Dark - Street Lights","Rear End","Wrong Side of Road","Other Motor Vehicle","N","N","N","N"
90287082,"N","N","Fatal","Y",2016,13.5166666666667,"Fall","N","N","Su","N","Y","Y","N","N","N","N","N","Daylight","Sideswipe","Pedestrian Right of Way","Other Motor Vehicle","N","N","N","N"
90288054,"N","Y","PDO (property damage only)","N",2016,5.41666666666667,"Fall","N","N","F","N","Y","Y","N","N","N","N","N","Dark - No Street Lights","Broadside","Pedestrian Right of Way","Other Motor Vehicle","N","N","N","N"
90288345,"N","Y","PDO (property damage only)","N",2016,18.4166666666667,"Fall","PM","N","W","N","Y","Y","N","N","N","N","N","Daylight","Sideswipe","Automobile Right of Way","Other Motor Vehicle","N","N","N","N"
90288407,"N","Y","Injury (Complaint of Pain)","N",2016,13.55,"Fall","N","N","W","N","Y","Y","N","N","N","N","N","Daylight","Rear End","Pedestrian Right of Way","Other Motor Vehicle","N","N","N","N"
90288430,"N","Y","Injury (Complaint of Pain)","N",2016,16.3333333333333,"Fall","PM","N","W","N","Y","Y","N","N","N","N","N","Daylight","Sideswipe","Automobile Right of Way","Other Motor Vehicle","N","N","N","N"
90288432,"N","N","Fatal","Y",2016,16,"Fall","PM","N","Th","N","Y","Y","N","N","N","N","N","Daylight","Sideswipe","Automobile Right of Way","Other Motor Vehicle","N","N","N","N"
90288509,"N","N","Fatal","Y",2016,18.9166666666667,"Fall","PM","N","F","N","Y","Y","N","N","N","N","N","Dark - Street Lights","Sideswipe","Wrong Side of Road","Other Motor Vehicle","N","N","N","N"
90288511,"N","Y","Injury (Complaint of Pain)","N",2016,6.5,"Fall","N","N","Tu","N","Y","Y","N","N","N","N","N","Daylight","Rear End","Pedestrian Right of Way","Other Motor Vehicle","N","N","N","N"
90288559,"N","Y","PDO (property damage only)","N",2016,14.8,"Fall","N","N","Sa","N","Y","Y","N","N","N","N","N","Daylight","Sideswipe","Automobile Right of Way","Other Motor Vehicle","N","N","N","N"
90289389,"N","N","Fatal","Y",2016,10.0666666666667,"Fall","N","N","Su","N","N","Y","N","N","N","N","N","Daylight","Rear End","Wrong Side of Road","Other Motor Vehicle","N","N","N","N"
90290289,"N","Y","PDO (property damage only)","N",2016,6.83333333333333,"Fall","N","N","W","N","Y","N","Y","N","N","N","N","Daylight","Rear End","Wrong Side of Road","Other Motor Vehicle","N","N","N","N"
90291042,"N","Y","PDO (property damage only)","N",2016,8.25,"Fall","AM","N","Tu","N","Y","N","Y","N","N","N","N","Daylight","Sideswipe","Improper Turning","Other Motor Vehicle","N","N","N","N"
90291671,"N","Y","Injury (Complaint of Pain)","N",2016,10.8333333333333,"Fall","N","N","F","N","Y","Y","N","N","N","N","N","Daylight","Rear End","Wrong Side of Road","Non-Collision","N","N","N","N"
90291711,"N","Y","Injury (Complaint of Pain)","N",2016,19.0833333333333,"Fall","N","N","M","N","Y","Y","N","N","N","N","N","Dusk or Dawn","Overturned","Wrong Side of Road","Non-Collision","N","N","N","N"
90291829,"N","N","Fatal","Y",2016,12.1666666666667,"Fall","N","N","M","N","Y","Y","N","N","N","N","N","Daylight","Sideswipe","Pedestrian Right of Way","Other Motor Vehicle","N","N","N","N"
90291985,"N","Y","PDO (property damage only)","N",2016,7.65,"Fall","AM","N","W","N","Y","Y","N","N","N","N","N","Daylight","Sideswipe","Pedestrian Right of Way","Other Motor Vehicle","N","N","N","N"
90292482,"N","Y","Injury (Complaint of Pain)","N",2016,8,"Fall","AM","N","Th","N","Y","Y","N","N","N","N","N","Daylight","Sideswipe","Automobile Right of Way","Other Motor Vehicle","N","N","N","N"
90292658,"N","Y","Injury (Complaint of Pain)","N",2016,7.11666666666667,"Fall","AM","N","F","N","Y","Y","N","N","N","N","N","Daylight","Overturned","Pedestrian Right of Way","Non-Collision","N","N","N","N"
90292909,"N","Y","Injury (Complaint of Pain)","N",2016,21.7,"Fall","N","N","F","N","Y","Y","N","N","N","N","N","Dark - Street Lights","Broadside","Pedestrian Right of Way","Other Motor Vehicle","N","N","N","N"
90293168,"N","Y","PDO (property damage only)","N",2016,7.41666666666667,"Fall","N","N","Sa","N","Y","Y","N","N","N","N","N","Daylight","Sideswipe","Automobile Right of Way","Other Motor Vehicle","N","N","N","N"
90293615,"N","Y","Injury (Complaint of Pain)","N",2016,10.3,"Fall","N","N","Tu","N","Y","N","Y","N","N","N","N","Daylight","Sideswipe","Automobile Right of Way","Other Motor Vehicle","N","N","N","N"
90294237,"N","Y","Injury (Complaint of Pain)","N",2016,15.6666666666667,"Fall","PM","N","W","N","Y","Y","N","N","N","N","N","Daylight","Overturned","Pedestrian Right of Way","Non-Collision","N","N","N","N"
90295227,"N","Y","PDO (property damage only)","N",2016,8.41666666666667,"Fall","AM","N","F","N","Y","Y","N","N","N","N","N","Daylight","Sideswipe","Wrong Side of Road","Other Motor Vehicle","N","N","N","N"
90295229,"N","Y","Injury (Complaint of Pain)","N",2016,7,"Summer","AM","N","F","N","Y","Y","N","N","N","N","N","Daylight","Sideswipe","Automobile Right of Way","Other Motor Vehicle","N","N","N","N"
90295572,"N","N","Fatal","Y",2016,17.4166666666667,"Winter","PM","N","Tu","N","Y","Y","N","N","N","N","N","Daylight","Sideswipe","Automobile Right of Way","Other Motor Vehicle","N","N","N","N"