"CASE_ID","mc_killed","mc_injured","collision_severity","severe","accident_year","hours_since_midnight","season","rush_hour","late_night","day_of_week","intersection","state_hwy_ind","w_clear","w_cloudy","w_rainy","w_other","road_not_dry","road_condition_issue","lighting","type_of_collision","pcf_viol_category","mviw","alcohol_involved","truck_accident","pedestrian_accident","bicycle_accident"
90295831,"N","Y","Injury (Complaint of Pain)","N",2016,17.25,"Fall","PM","N","F","N","Y","Y","N","N","N","N","N","Daylight","Rear End","Automobile Right of Way","Other Motor Vehicle","N","N","N","N"
90296594,"N","N","Fatal","Y",2016,7.83333333333333,"Fall","N","N","Su","N","Y","Y","N","N","N","Y","Y","Daylight","Overturned","Code 20","Non-Collision","N","N","N","N"
90296807,"N","Y","PDO (property damage only)","N",2016,14.3333333333333,"Fall","N","N","F","N","Y","Y","N","N","N","N","N","Daylight","Sideswipe","Automobile Right of Way","Other Motor Vehicle","N","N","N","N"
90296896,"N","Y","Injury (Complaint of Pain)","N",2016,15.8333333333333,"Fall","PM","N","M","N","Y","Y","N","N","N","N","N","Dark - No Street Lights","Overturned","Pedestrian Right of Way","Non-Collision","N","N","N","N"
90297710,"N","Y","Injury (Other Visible)","N",2016,1.66666666666667,"Fall","N","Y","Th","N","Y","Y","N","N","N","N","N","Dark - Street Lights","Hit Object","Unsafe Speed","Other Object","Y","N","N","N"
90298131,"N","Y","PDO (property damage only)","N",2016,14.4166666666667,"Fall","N","N","F","N","Y","Y","N","N","N","N","N","Daylight","Rear End","Wrong Side of Road","Other Motor Vehicle","N","N","N","N"
90298271,"N","Y","Injury (Complaint of Pain)","N",2016,16.4166666666667,"Fall","N","N","Sa","N","Y","Y","N","N","N","N","N","Daylight","Sideswipe","Automobile Right of Way","Other Motor Vehicle","N","N","N","N"
90298419,"N","N","Fatal","Y",2016,7.5,"Fall","AM","N","Th","N","N","Y","N","N","N","N","N","Daylight","Sideswipe","Unsafe Starting or Backing","Other Motor Vehicle","N","N","N","N"
90298652,"N","Y","Injury (Complaint of Pain)","N",2016,23.1166666666667,"Fall","N","Y","Sa","N","Y","Y","N","N","N","N","Y","Dark - Street Lights","Sideswipe","Automobile Right of Way","Other Motor Vehicle","N","N","N","N"
90298691,"N","Y","PDO (property damage only)","N",2016,7.58333333333333,"Fall","AM","N","M","N","Y","N","Y","Y","N","Y","N","Dusk or Dawn","Sideswipe","Automobile Right of Way","Other Motor Vehicle","N","N","N","N"
90298780,"N","Y","Injury (Complaint of Pain)","N",2016,5.26666666666667,"Fall","N","N","F","N","Y","N","Y","N","N","N","N","Dusk or Dawn","Hit Object","Wrong Side of Road","Other Object","N","N","N","N"
90298866,"N","Y","Injury (Complaint of Pain)","N",2016,20.5,"Fall","N","N","Sa","N","Y","Y","N","N","N","N","N","Dark - Street Lights","Sideswipe","Automobile Right of Way","Other Motor Vehicle","N","N","N","N"
90299856,"N","N","Fatal","Y",2016,21.25,"Fall","N","N","F","N","Y","Y","N","N","N","N","N","Dark - No Street Lights","Sideswipe","Wrong Side of Road","Other Motor Vehicle","N","N","N","N"
90299864,"N","N","Fatal","Y",2016,13.1666666666667,"Fall","N","N","Su","N","Y","Y","N","N","N","N","N","Daylight","Sideswipe","Pedestrian Right of Way","Other Motor Vehicle","N","N","N","N"
90299889,"N","Y","Injury (Complaint of Pain)","N",2016,12.5833333333333,"Fall","N","N","F","N","Y","Y","N","N","N","N","N","Daylight","Rear End","Automobile Right of Way","Other Motor Vehicle","N","N","N","N"
90300178,"N","Y","PDO (property damage only)","N",2016,15.75,"Fall","PM","N","Tu","N","Y","Y","N","N","N","N","N","Daylight","Rear End","Wrong Side of Road","Other Motor Vehicle","N","N","N","N"
90300353,"N","N","Fatal","Y",2016,9.83333333333333,"Fall","N","N","Sa","N","Y","Y","N","N","N","N","N","Daylight","Overturned","Wrong Side of Road","Non-Collision","N","N","N","N"
90301306,"N","N","Fatal","Y",2016,16.8333333333333,"Fall","PM","N","Tu","N","Y","Y","N","N","N","N","N","Daylight","Sideswipe","Impeding Traffic","Other Motor Vehicle","N","N","N","N"
90301676,"N","Y","PDO (property damage only)","N",2016,9.66666666666667,"Fall","N","N","Tu","N","Y","N","Y","N","N","N","N","Daylight","Sideswipe","Automobile Right of Way","Other Motor Vehicle","N","N","N","N"
90301727,"N","Y","PDO (property damage only)","N",2016,11.8333333333333,"Fall","N","N","Tu","N","Y","Y","N","N","N","N","N","Daylight","Overturned","Wrong Side of Road","Non-Collision","N","N","N","N"
90302336,"N","Y","Injury (Other Visible)","N",2016,17.3333333333333,"Fall","PM","N","Th","N","Y","Y","N","N","N","N","N","Daylight","Sideswipe","Pedestrian Right of Way","Other Motor Vehicle","N","N","N","N"
90303031,"N","Y","Injury (Complaint of Pain)","N",2016,8.66666666666667,"Fall","N","N","Sa","N","Y","Y","N","N","N","N","N","Daylight","Overturned","Pedestrian Right of Way","Non-Collision","N","N","N","N"
90303484,"N","N","Fatal","Y",2016,17.5,"Fall","PM","N","M","N","Y","Y","N","N","N","N","N","Dusk or Dawn","Sideswipe","Pedestrian Right of Way","Other Motor Vehicle","N","N","N","N"
90306257,"N","Y","Injury (Complaint of Pain)","N",2016,10.5166666666667,"Fall","N","N","Su","N","Y","N","Y","N","N","N","N","Daylight","Overturned","Pedestrian Right of Way","Non-Collision","N","N","N","N"
90306375,"N","Y","Injury (Complaint of Pain)","N",2016,19,"Fall","PM","N","Th","N","Y","Y","N","N","N","N","N","Dark - Street Lights","Sideswipe","Automobile Right of Way","Other Motor Vehicle","N","N","N","N"
90306578,"N","N","Fatal","Y",2016,15.5,"Fall","PM","N","Th","N","Y","Y","N","N","N","N","N","Daylight","Sideswipe","Automobile Right of Way","Other Motor Vehicle","N","N","N","N"
90306726,"N","Y","Injury (Complaint of Pain)","N",2016,13.8666666666667,"Fall","N","N","W","N","Y","Y","N","N","N","N","N","Daylight","Overturned","Impeding Traffic","Non-Collision","N","N","N","N"
90306728,"N","Y","PDO (property damage only)","N",2016,17.8833333333333,"Fall","PM","N","Th","N","Y","Y","N","N","N","N","N","Daylight","Rear End","Pedestrian Right of Way","Other Motor Vehicle","N","N","N","N"
90306868,"N","Y","Injury (Complaint of Pain)","N",2016,16.1666666666667,"Fall","PM","N","Tu","N","Y","Y","N","N","N","N","N","Daylight","Rear End","Automobile Right of Way","Other Motor Vehicle","N","N","N","N"
90307187,"N","N","Fatal","Y",2016,23.4166666666667,"Fall","N","Y","M","N","Y","Y","N","N","N","N","N","Dark - Street Lights","Overturned","Wrong Side of Road","Non-Collision","N","N","N","N"
90307224,"N","Y","Injury (Complaint of Pain)","N",2016,20.5,"Fall","N","N","Su","N","Y","N","N","Y","N","Y","N","Dark - Street Lights","Overturned","Pedestrian Right of Way","Non-Collision","N","N","N","N"
90307473,"N","Y","Injury (Complaint of Pain)","N",2016,9.21666666666667,"Fall","N","N","W","N","Y","Y","N","N","N","N","N","Daylight","Sideswipe","Pedestrian Right of Way","Other Motor Vehicle","N","N","N","N"
90307487,"N","N","Fatal","Y",2016,7.5,"Fall","AM","N","Tu","N","Y","Y","N","N","N","N","N","Daylight","Overturned","Wrong Side of Road","Non-Collision","N","N","N","N"
90307498,"N","Y","Injury (Complaint of Pain)","N",2016,8.95,"Fall","AM","N","F","N","Y","Y","N","N","N","N","N","Daylight","Overturned","Pedestrian Right of Way","Non-Collision","N","N","N","N"
90307721,"N","N","Fatal","Y",2016,9.25,"Fall","N","N","Th","N","Y","Y","N","N","N","N","N","Daylight","Rear End","Wrong Side of Road","Other Motor Vehicle","N","N","N","N"
90307745,"N","Y","Injury (Other Visible)","N",2016,14.5,"Fall","N","N","F","N","Y","Y","N","N","N","N","N","Daylight","Sideswipe","Wrong Side of Road","Other Motor Vehicle","N","N","N","N"
90308139,"N","Y","Injury (Other Visible)","N",2016,23.8333333333333,"Fall","N","Y","W","N","Y","Y","N","N","N","N","N","Dark - Street Lights","Overturned","Code 20","Non-Collision","N","N","N","N"
90308632,"N","Y","PDO (property damage only)","N",2016,17.5,"Fall","PM","N","Th","N","Y","Y","N","N","N","N","N","Daylight","Rear End","Pedestrian Right of Way","Other Motor Vehicle","N","N","N","N"
90308909,"N","Y","PDO (property damage only)","N",2016,8.33333333333333,"Fall","AM","N","Th","N","Y","Y","N","N","N","N","N","Daylight","Sideswipe","Automobile Right of Way","Other Motor Vehicle","N","N","N","N"
90309291,"N","Y","PDO (property damage only)","N",2016,0.4,"Fall","N","Y","Sa","N","Y","Y","N","N","N","N","N","Dark - No Street Lights","Overturned","Unsafe Speed","Non-Collision","Y","N","N","N"
90310009,"N","Y","PDO (property damage only)","N",2016,16.3333333333333,"Fall","PM","N","W","N","Y","Y","N","N","N","N","N","Daylight","Rear End","Automobile Right of Way","Other Motor Vehicle","N","N","N","N"
90310050,"N","N","Fatal","Y",2016,17.0833333333333,"Fall","N","N","Sa","N","Y","Y","N","N","N","N","N","Daylight","Sideswipe","Pedestrian Right of Way","Other Motor Vehicle","N","N","N","N"
90310058,"N","Y","PDO (property damage only)","N",2016,7.75,"Fall","AM","N","Th","N","Y","Y","N","N","N","N","N","Daylight","Overturned","Wrong Side of Road","Non-Collision","N","N","N","N"
90310082,"N","Y","Injury (Complaint of Pain)","N",2016,19.25,"Fall","N","N","F","N","Y","Y","N","N","N","N","N","Dark - Street Lights","Rear End","Automobile Right of Way","Other Motor Vehicle","N","N","N","N"
90310542,"N","Y","Injury (Other Visible)","N",2016,22.1666666666667,"Fall","N","N","M","N","Y","Y","N","N","N","N","N","Dark - Street Lights","Sideswipe","Wrong Side of Road","Other Motor Vehicle","N","N","N","N"
90310621,"N","Y","Injury (Complaint of Pain)","N",2016,8.25,"Fall","AM","N","Th","N","Y","N","Y","N","N","N","N","Daylight","Rear End","Automobile Right of Way","Other Motor Vehicle","N","N","N","N"
90310637,"N","Y","Injury (Complaint of Pain)","N",2016,18.4666666666667,"Fall","PM","N","Tu","N","Y","Y","N","N","N","N","N","Dark - Street Lights","Sideswipe","Pedestrian Right of Way","Other Motor Vehicle","N","N","N","N"
90311114,"N","Y","PDO (property damage only)","N",2016,6.75,"Fall","N","N","Th","N","Y","Y","N","N","N","N","N","Dusk or Dawn","Sideswipe","Automobile Right of Way","Other Motor Vehicle","N","N","N","N"
90311125,"N","Y","Injury (Other Visible)","N",2016,9.25,"Fall","N","N","Th","N","Y","Y","N","N","N","N","N","Daylight","Rear End","Wrong Side of Road","Other Motor Vehicle","N","N","N","N"
90311137,"N","Y","PDO (property damage only)","N",2016,13.8333333333333,"Fall","N","N","F","N","Y","N","Y","N","N","N","N","Daylight","Rear End","Wrong Side of Road","Other Motor Vehicle","N","N","N","N"
90311155,"N","Y","Injury (Complaint of Pain)","N",2016,18.0333333333333,"Fall","PM","N","Tu","N","Y","Y","N","N","N","N","N","Dusk or Dawn","Sideswipe","Pedestrian Right of Way","Other Motor Vehicle","N","N","N","N"
90311161,"N","Y","PDO (property damage only)","N",2016,8.33333333333333,"Fall","AM","N","W","N","Y","Y","N","N","N","N","N","Daylight","Rear End","Wrong Side of Road","Other Motor Vehicle","N","N","N","N"
90311301,"N","Y","PDO (property damage only)","N",2016,16.4833333333333,"Fall","N","N","Su","N","Y","N","Y","N","N","N","N","Daylight","Overturned","Wrong Side of Road","Non-Collision","N","N","N","N"
90311844,"N","Y","Injury (Complaint of Pain)","N",2016,8.96666666666667,"Fall","AM","N","W","N","Y","Y","N","N","N","N","N","Daylight","Sideswipe","Automobile Right of Way","Other Motor Vehicle","N","N","N","N"
90311967,"N","Y","Injury (Complaint of Pain)","N",2016,12.75,"Fall","N","N","Sa","N","Y","Y","N","N","N","N","N","Daylight","Sideswipe","Automobile Right of Way","Other Motor Vehicle","N","N","N","N"
90312080,"N","Y","PDO (property damage only)","N",2016,16.1666666666667,"Fall","PM","N","M","N","Y","Y","N","N","N","N","N","Daylight","Sideswipe","Impeding Traffic","Other Motor Vehicle","N","N","N","N"
90312256,"N","N","Fatal","Y",2016,18,"Fall","PM","N","Th","N","Y","Y","N","N","N","N","N","Dusk or Dawn","Rear End","Wrong Side of Road","Other Motor Vehicle","N","N","N","N"
90312952,"N","Y","PDO (property damage only)","N",2016,16.75,"Fall","PM","N","Tu","N","Y","Y","N","N","N","N","N","Daylight","Sideswipe","Automobile Right of Way","Other Motor Vehicle","N","N","N","N"
90313599,"N","Y","PDO (property damage only)","N",2016,18.9166666666667,"Fall","N","N","Su","N","Y","Y","N","N","N","N","N","Dark - Street Lights","Sideswipe","Automobile Right of Way","Other Motor Vehicle","N","N","N","N"
90314115,"N","N","Fatal","Y",2016,14.3,"Fall","N","N","Th","N","Y","Y","N","N","N","N","N","Daylight","Sideswipe","Automobile Right of Way","Other Motor Vehicle","N","N","N","N"
90314620,"N","Y","PDO (property damage only)","N",2016,13.1666666666667,"Fall","N","N","Sa","N","Y","Y","N","N","N","N","N","Daylight","Sideswipe","Automobile Right of Way","Other Motor Vehicle","N","N","N","N"
90315189,"N","Y","Injury (Complaint of Pain)","N",2016,16.75,"Fall","PM","N","F","N","Y","Y","N","N","N","N","N","Daylight","Sideswipe","Automobile Right of Way","Other Motor Vehicle","N","N","N","N"
90315269,"N","N","Fatal","Y",2016,6.83333333333333,"Fall","N","N","Sa","N","Y","Y","N","N","N","N","N","Daylight","Sideswipe","Automobile Right of Way","Other Motor Vehicle","N","N","N","N"
90316234,"N","Y","Injury (Complaint of Pain)","N",2016,15.75,"Fall","PM","N","M","N","Y","Y","N","N","N","N","N","Daylight","Sideswipe","Automobile Right of Way","Other Motor Vehicle","N","N","N","N"
90316261,"N","N","Fatal","Y",2016,15.0833333333333,"Fall","PM","N","F","N","Y","Y","N","N","N","N","N","Daylight","Rear End","Wrong Side of Road","Other Motor Vehicle","N","N","N","N"
90316831,"N","Y","Injury (Complaint of Pain)","N",2016,10.4166666666667,"Fall","N","N","W","N","Y","Y","N","N","N","N","N","Daylight","Overturned","Wrong Side of Road","Non-Collision","N","N","N","N"
90316882,"N","Y","Injury (Complaint of Pain)","N",2016,7,"Fall","AM","N","F","N","Y","Y","N","N","N","N","N","Daylight","Rear End","Wrong Side of Road","Other Motor Vehicle","N","N","N","N"
90316899,"N","Y","PDO (property damage only)","N",2016,18.25,"Fall","PM","N","W","N","Y","Y","N","N","N","N","N","Dark - Street Lights","Sideswipe","Automobile Right of Way","Other Motor Vehicle","N","N","N","N"
90316906,"N","Y","Injury (Complaint of Pain)","N",2016,17.8333333333333,"Fall","PM","N","Th","N","Y","Y","N","N","N","N","N","Dusk or Dawn","Sideswipe","Wrong Side of Road","Other Motor Vehicle","N","N","N","N"
90316940,"N","Y","Injury (Complaint of Pain)","N",2016,12.25,"Fall","N","N","Su","N","Y","N","N","Y","N","Y","N","Daylight","Overturned","Pedestrian Right of Way","Non-Collision","N","N","N","N"
90317343,"N","Y","Injury (Complaint of Pain)","N",2016,16.9166666666667,"Fall","PM","N","W","N","Y","Y","N","N","N","N","N","Dusk or Dawn","Sideswipe","Automobile Right of Way","Other Motor Vehicle","N","N","N","N"
90317415,"N","Y","PDO (property damage only)","N",2016,15.8333333333333,"Fall","PM","N","Th","N","Y","Y","N","N","N","N","N","Dusk or Dawn","Sideswipe","Pedestrian Right of Way","Other Motor Vehicle","N","Y","N","N"
90317807,"N","Y","Injury (Complaint of Pain)","N",2016,15.3333333333333,"Fall","PM","N","Th","N","Y","Y","N","N","N","N","N","Daylight","Broadside","Pedestrian Right of Way","Other Motor Vehicle","N","N","N","N"
90317956,"N","N","Fatal","Y",2016,19.6666666666667,"Fall","N","N","F","N","Y","Y","N","N","N","N","N","Dark - No Street Lights","Hit Object","Wrong Side of Road","Other Motor Vehicle","N","N","N","N"
90317988,"N","Y","Injury (Complaint of Pain)","N",2016,2.33333333333333,"Fall","N","Y","Sa","N","Y","Y","N","N","N","N","N","Dark - No Street Lights","Hit Object","Pedestrian Right of Way","Fixed Object","N","N","N","N"
90318019,"N","Y","PDO (property damage only)","N",2016,16.1666666666667,"Fall","PM","N","Tu","N","Y","Y","N","N","N","N","N","Daylight","Sideswipe","Wrong Side of Road","Other Motor Vehicle","N","N","N","N"
90318952,"N","Y","Injury (Complaint of Pain)","N",2016,18.3833333333333,"Fall","PM","N","Tu","N","Y","Y","N","N","N","N","N","Dark - Street Lights","Rear End","Pedestrian Right of Way","Other Motor Vehicle","N","N","N","N"
90319290,"N","Y","Injury (Complaint of Pain)","N",2016,17.8,"Fall","PM","N","M","N","Y","Y","N","N","N","N","N","Dark - Street Lights","Hit Object","Automobile Right of Way","Non-Collision","N","N","N","N"
90319327,"N","Y","PDO (property damage only)","N",2016,16.0833333333333,"Fall","N","N","Su","N","Y","Y","N","N","N","N","N","Daylight","Rear End","Wrong Side of Road","Other Motor Vehicle","N","N","N","N"
90320365,"N","Y","PDO (property damage only)","N",2016,7.33333333333333,"Fall","AM","N","Tu","N","Y","Y","N","N","N","N","N","Daylight","Sideswipe","Automobile Right of Way","Other Motor Vehicle","N","N","N","N"
90320424,"N","N","Fatal","Y",2016,8.25,"Fall","AM","N","Tu","N","Y","N","Y","N","N","N","N","Daylight","Overturned","Automobile Right of Way","Non-Collision","N","N","N","N"
90320439,"N","Y","Injury (Complaint of Pain)","N",2016,2.88333333333333,"Fall","N","Y","Sa","N","Y","Y","N","N","N","N","N","Dark - No Street Lights","Rear End","Wrong Side of Road","Other Motor Vehicle","N","N","N","N"
90320888,"N","Y","Injury (Complaint of Pain)","N",2016,12.8,"Fall","N","N","W","N","Y","Y","N","N","N","N","N","Daylight","Sideswipe","Automobile Right of Way","Other Motor Vehicle","N","N","N","N"
90321369,"N","N","Fatal","Y",2016,3.11666666666667,"Fall","N","Y","Th","N","Y","Y","N","N","N","N","N","Dark - Street Lights","Overturned","Pedestrian Right of Way","Non-Collision","N","N","N","N"
90322244,"N","Y","Injury (Other Visible)","N",2016,12.3333333333333,"Fall","N","N","W","N","Y","Y","N","N","N","N","N","Daylight","Sideswipe","Automobile Right of Way","Other Motor Vehicle","N","N","N","N"
90324742,"N","Y","Injury (Complaint of Pain)","N",2016,18.6666666666667,"Fall","PM","N","Tu","N","Y","Y","N","N","N","N","N","Dark - Street Lights","Sideswipe","Automobile Right of Way","Other Motor Vehicle","N","N","N","N"
90325137,"N","N","Fatal","Y",2016,18.7,"Fall","PM","N","W","N","Y","Y","N","N","N","N","N","Dark - Street Lights","Sideswipe","Wrong Side of Road","Other Motor Vehicle","N","N","N","N"
90325341,"N","N","Fatal","Y",2016,22.1333333333333,"Fall","N","N","Th","N","Y","Y","N","N","N","N","N","Dark - No Street Lights","Hit Object","Code 20","Other Object","N","N","N","N"
90325416,"N","Y","PDO (property damage only)","N",2016,11.8333333333333,"Fall","N","N","Su","N","Y","Y","N","N","N","N","N","Daylight","Overturned","Pedestrian Right of Way","Non-Collision","N","N","N","N"
90325417,"N","Y","Injury (Complaint of Pain)","N",2016,7.5,"Fall","AM","N","Th","N","Y","Y","N","N","N","N","N","Daylight","Sideswipe","Automobile Right of Way","Other Motor Vehicle","N","N","N","N"
90325418,"N","N","Fatal","Y",2016,16.25,"Fall","PM","N","F","N","Y","Y","N","N","N","N","N","Daylight","Sideswipe","Automobile Right of Way","Other Motor Vehicle","N","N","N","N"
90325475,"N","Y","PDO (property damage only)","N",2016,10.0666666666667,"Fall","N","N","Sa","N","Y","Y","N","N","N","N","N","Daylight","Sideswipe","Wrong Side of Road","Other Motor Vehicle","N","N","N","N"
90325684,"N","Y","PDO (property damage only)","N",2016,7.5,"Fall","AM","N","Th","N","Y","Y","N","N","N","N","N","Daylight","Sideswipe","Automobile Right of Way","Motor Vehicle on Other Roadway","N","N","N","N"
90326096,"N","Y","Injury (Other Visible)","N",2016,18.6666666666667,"Fall","PM","N","M","N","Y","Y","N","N","N","N","N","Dark - No Street Lights","Sideswipe","Pedestrian Right of Way","Other Motor Vehicle","N","N","N","N"
90327208,"N","Y","Injury (Complaint of Pain)","N",2016,1.75,"Fall","N","Y","F","N","Y","Y","N","N","N","N","N","Dark - Street Lights","Overturned","Pedestrian Right of Way","Non-Collision","N","N","N","N"
90327274,"N","Y","PDO (property damage only)","N",2016,17.3333333333333,"Fall","PM","N","M","N","Y","Y","N","N","N","N","N","Dark - Street Lights","Rear End","Wrong Side of Road","Other Motor Vehicle","N","N","N","N"
90328059,"N","N","Fatal","Y",2016,7,"Fall","AM","N","Tu","Y","Y","Y","N","N","N","N","N","Daylight","Overturned","Wrong Side of Road","Non-Collision","N","N","N","N"
90328185,"N","N","Fatal","Y",2016,20.8333333333333,"Fall","N","N","Tu","N","Y","Y","N","N","N","N","N","Dark - Street Lights","Rear End","Automobile Right of Way","Other Motor Vehicle","N","N","N","N"
90328470,"N","Y","PDO (property damage only)","N",2016,17.8333333333333,"Fall","PM","N","W","N","Y","Y","N","N","N","N","N","Daylight","Rear End","Wrong Side of Road","Other Motor Vehicle","N","N","N","N"
90329113,"N","Y","PDO (property damage only)","N",2016,20.1833333333333,"Fall","N","N","Tu","N","Y","Y","N","N","N","N","N","Dark - Street Lights","Rear End","Wrong Side of Road","Other Motor Vehicle","N","N","N","N"
90329115,"N","N","Injury (Complaint of Pain)","N",2016,8.75,"Fall","AM","N","Th","N","Y","Y","N","N","N","N","N","Daylight","Sideswipe","Automobile Right of Way","Other Motor Vehicle","N","N","N","N"
90329234,"N","Y","PDO (property damage only)","N",2016,15.75,"Fall","PM","N","Tu","N","Y","Y","N","N","N","N","N","Daylight","Rear End","Pedestrian Right of Way","Other Motor Vehicle","N","N","N","N"
90329335,"N","N","Fatal","Y",2016,17.2833333333333,"Fall","N","N","Su","N","Y","Y","N","N","N","N","N","Dark - No Street Lights","Rear End","Wrong Side of Road","Other Motor Vehicle","N","N","N","N"
90329604,"N","Y","PDO (property damage only)","N",2016,13.6833333333333,"Summer","N","N","Su","N","Y","Y","N","N","N","N","N","Daylight","Hit Object","Pedestrian Right of Way","Fixed Object","N","N","N","N"
90329719,"N","Y","PDO (property damage only)","N",2016,16.6666666666667,"Fall","PM","N","Th","N","Y","Y","N","N","N","N","N","Daylight","Rear End","Automobile Right of Way","Other Motor Vehicle","N","N","N","N"
90329839,"N","N","Fatal","Y",2016,19.1666666666667,"Fall","N","N","F","N","Y","Y","N","N","N","N","N","Dark - Street Lights","Sideswipe","Automobile Right of Way","Other Motor Vehicle","N","N","N","N"
90329961,"N","Y","Injury (Complaint of Pain)","N",2016,16.4166666666667,"Fall","PM","N","Tu","N","Y","Y","N","N","N","N","N","Dusk or Dawn","Overturned","Pedestrian Right of Way","Non-Collision","N","N","N","N"
90330668,"N","Y","Injury (Complaint of Pain)","N",2016,14.6,"Fall","N","N","Th","N","Y","Y","N","N","N","N","N","Daylight","Rear End","Wrong Side of Road","Other Motor Vehicle","N","N","N","N"
90331106,"N","Y","Injury (Complaint of Pain)","N",2016,18,"Fall","PM","N","Tu","N","Y","Y","N","N","N","N","N","Dark - Street Lights","Overturned","Pedestrian Right of Way","Non-Collision","N","N","N","N"
90331167,"N","Y","Injury (Complaint of Pain)","N",2016,7.16666666666667,"Fall","N","N","Sa","N","Y","N","Y","N","N","N","Y","Daylight","Overturned","Pedestrian Right of Way","Non-Collision","N","N","N","N"
90331190,"N","Y","PDO (property damage only)","N",2016,19.75,"Fall","N","N","F","N","Y","Y","N","N","N","N","N","Dusk or Dawn","Sideswipe","Automobile Right of Way","Other Motor Vehicle","N","N","N","N"
90331199,"N","Y","PDO (property damage only)","N",2016,19.4166666666667,"Fall","N","N","F","N","Y","Y","N","N","N","N","N","Dusk or Dawn","Sideswipe","Automobile Right of Way","Other Motor Vehicle","N","N","N","N"
90332566,"N","Y","PDO (property damage only)","N",2016,17.5833333333333,"Fall","N","N","Sa","N","Y","Y","N","N","N","N","N","Dark - Street Lights","Sideswipe","Automobile Right of Way","Other Motor Vehicle","N","N","N","N"
90333155,"N","N","Fatal","Y",2016,7.75,"Fall","AM","N","Tu","N","Y","Y","N","N","N","N","N","Daylight","Hit Object","Automobile Right of Way","Fixed Object","N","N","N","N"
90334007,"N","Y","PDO (property damage only)","N",2016,12.1666666666667,"Fall","N","N","M","N","Y","Y","N","N","N","N","N","Daylight","Sideswipe","Pedestrian Right of Way","Other Motor Vehicle","N","N","N","N"
90334031,"N","Y","Injury (Other Visible)","N",2016,17,"Fall","PM","N","Th","N","Y","Y","N","N","N","N","N","Daylight","Sideswipe","Wrong Side of Road","Other Motor Vehicle","N","N","N","N"
90334806,"N","Y","PDO (property damage only)","N",2016,7.75,"Fall","AM","N","Th","N","Y","Y","N","N","N","N","N","Daylight","Rear End","Wrong Side of Road","Other Motor Vehicle","N","N","N","N"
90335318,"N","Y","Injury (Other Visible)","N",2016,18.9,"Fall","PM","N","Tu","N","Y","Y","N","N","N","N","N","Dark - Street Lights","Hit Object","Pedestrian Right of Way","Fixed Object","N","N","N","N"
90336072,"N","Y","Injury (Complaint of Pain)","N",2016,12.5,"Fall","N","N","Th","N","Y","Y","N","N","N","N","N","Daylight","Hit Object","Pedestrian Right of Way","Other Motor Vehicle","N","N","N","N"
90336651,"N","Y","PDO (property damage only)","N",2016,16.1666666666667,"Fall","PM","N","W","N","Y","Y","N","N","N","N","N","Daylight","Sideswipe","Automobile Right of Way","Other Motor Vehicle","N","N","N","N"
90336753,"N","N","Fatal","Y",2016,15.8333333333333,"Fall","PM","N","W","N","Y","Y","N","N","N","N","N","Daylight","Rear End","Wrong Side of Road","Other Motor Vehicle","N","N","N","N"
90337289,"N","Y","PDO (property damage only)","N",2016,8,"Fall","AM","N","M","N","Y","Y","N","N","N","N","N","Daylight","Broadside","Automobile Right of Way","Other Motor Vehicle","N","N","N","N"
90339037,"N","Y","Injury (Complaint of Pain)","N",2016,14.75,"Fall","N","N","Tu","N","Y","Y","N","N","N","N","N","Daylight","Sideswipe","Automobile Right of Way","Other Motor Vehicle","N","Y","N","N"
90339852,"N","Y","Injury (Other Visible)","N",2016,0.133333333333333,"Fall","N","Y","W","N","Y","Y","N","N","N","N","N","Dark - Street Lights","Hit Object","Pedestrian Right of Way","Fixed Object","N","N","N","N"
90339917,"N","Y","PDO (property damage only)","N",2016,8.66666666666667,"Fall","AM","N","Tu","N","Y","Y","N","N","N","N","N","Daylight","Rear End","Automobile Right of Way","Other Motor Vehicle","N","N","N","N"
90339981,"N","Y","Injury (Complaint of Pain)","N",2016,10.6666666666667,"Fall","N","N","Th","N","Y","Y","N","N","N","N","N","Daylight","Rear End","Wrong Side of Road","Other Motor Vehicle","N","N","N","N"
90340496,"N","Y","Injury (Complaint of Pain)","N",2016,15.8333333333333,"Summer","N","N","Sa","N","Y","Y","N","N","N","N","N","Daylight","Sideswipe","Automobile Right of Way","Other Motor Vehicle","N","N","N","N"
90340886,"N","Y","Injury (Complaint of Pain)","N",2016,13.7333333333333,"Fall","N","N","W","N","Y","Y","N","N","N","N","N","Daylight","Overturned","Pedestrian Right of Way","Non-Collision","N","N","N","N"
90340893,"N","Y","Injury (Complaint of Pain)","N",2016,20,"Fall","N","N","Sa","N","Y","Y","N","N","N","N","N","Dark - Street Lights","Overturned","Pedestrian Right of Way","Fixed Object","N","N","N","N"
90341432,"N","Y","PDO (property damage only)","N",2016,14.4166666666667,"Fall","N","N","W","N","Y","Y","N","N","N","N","N","Daylight","Sideswipe","Automobile Right of Way","Other Motor Vehicle","N","N","N","N"
90341792,"N","Y","PDO (property damage only)","N",2016,1.66666666666667,"Fall","N","Y","M","N","Y","N","Y","Y","N","Y","N","Dark - No Street Lights","Rear End","Wrong Side of Road","Other Motor Vehicle","N","N","N","N"
90342856,"N","Y","Injury (Other Visible)","N",2016,1.16666666666667,"Fall","N","Y","M","N","Y","N","N","Y","N","N","N","Dark - Street Lights","Rear End","Wrong Side of Road","Other Motor Vehicle","N","N","N","N"
90342903,"N","Y","PDO (property damage only)","N",2016,7.83333333333333,"Fall","AM","N","F","N","Y","Y","N","N","N","N","N","Daylight","Overturned","Wrong Side of Road","Non-Collision","N","N","N","N"